{
"type": "FeatureCollection",
"name": "zona6",
"crs": { "type": "name", "properties": { "name": "urn:ogc:def:crs:OGC:1.3:CRS84" } },
"features": [
{ "type": "Feature", "properties": { "nombrevulgar": "Chin Chin", "nombrecientifico": "Azara microphilla", "magnitud": 3, "tipo": "Latifoliada", "follaje": "Perenne", "lon": -71.070813328714877, "lat": -39.950433197016388 }, "geometry": { "type": "Point", "coordinates": [ -71.070813328714877, -39.950433197016388 ] } },
{ "type": "Feature", "properties": { "nombrevulgar": "Ciruelo de flor", "nombrecientifico": "Prunus cerasifera var. pisardii", "magnitud": 3, "tipo": "Latifoliada", "follaje": "Caduco", "lon": -71.071151614676197, "lat": -39.950340787822277 }, "geometry": { "type": "Point", "coordinates": [ -71.071151614676197, -39.950340787822277 ] } },
{ "type": "Feature", "properties": { "nombrevulgar": "Ciruelo de flor", "nombrecientifico": "Prunus cerasifera var. pisardii", "magnitud": 3, "tipo": "Latifoliada", "follaje": "Caduco", "lon": -71.071388646114755, "lat": -39.950648597516512 }, "geometry": { "type": "Point", "coordinates": [ -71.071388646114755, -39.950648597516512 ] } },
{ "type": "Feature", "properties": { "nombrevulgar": "Ciruelo de flor", "nombrecientifico": "Prunus cerasifera var. pisardii", "magnitud": 3, "tipo": "Latifoliada", "follaje": "Caduco", "lon": -71.071404488134448, "lat": -39.950693982201308 }, "geometry": { "type": "Point", "coordinates": [ -71.071404488134448, -39.950693982201308 ] } },
{ "type": "Feature", "properties": { "nombrevulgar": "Ciruelo de flor", "nombrecientifico": "Prunus cerasifera var. pisardii", "magnitud": 3, "tipo": "Latifoliada", "follaje": "Caduco", "lon": -71.071490897328999, "lat": -39.950919663048758 }, "geometry": { "type": "Point", "coordinates": [ -71.071490897328999, -39.950919663048758 ] } },
{ "type": "Feature", "properties": { "nombrevulgar": "Ciruelo de flor", "nombrecientifico": "Prunus cerasifera var. pisardii", "magnitud": 3, "tipo": "Latifoliada", "follaje": "Caduco", "lon": -71.07150677308212, "lat": -39.950966160963766 }, "geometry": { "type": "Point", "coordinates": [ -71.07150677308212, -39.950966160963766 ] } },
{ "type": "Feature", "properties": { "nombrevulgar": "Ciruelo de flor", "nombrecientifico": "Prunus cerasifera var. pisardii", "magnitud": 3, "tipo": "Latifoliada", "follaje": "Caduco", "lon": -71.071547808249136, "lat": -39.951079040132363 }, "geometry": { "type": "Point", "coordinates": [ -71.071547808249136, -39.951079040132363 ] } },
{ "type": "Feature", "properties": { "nombrevulgar": "Ciruelo de flor", "nombrecientifico": "Prunus cerasifera var. pisardii", "magnitud": 3, "tipo": "Latifoliada", "follaje": "Caduco", "lon": -71.071561935231273, "lat": -39.951115544648886 }, "geometry": { "type": "Point", "coordinates": [ -71.071561935231273, -39.951115544648886 ] } },
{ "type": "Feature", "properties": { "nombrevulgar": "Ciruelo de flor", "nombrecientifico": "Prunus cerasifera var. pisardii", "magnitud": 3, "tipo": "Latifoliada", "follaje": "Caduco", "lon": -71.071580872024612, "lat": -39.951167557082222 }, "geometry": { "type": "Point", "coordinates": [ -71.071580872024612, -39.951167557082222 ] } },
{ "type": "Feature", "properties": { "nombrevulgar": "Ciruelo de flor", "nombrecientifico": "Prunus cerasifera var. pisardii", "magnitud": 3, "tipo": "Latifoliada", "follaje": "Caduco", "lon": -71.071468763877775, "lat": -39.951207025599111 }, "geometry": { "type": "Point", "coordinates": [ -71.071468763877775, -39.951207025599111 ] } },
{ "type": "Feature", "properties": { "nombrevulgar": "Ciruelo de flor", "nombrecientifico": "Prunus cerasifera var. pisardii", "magnitud": 3, "tipo": "Latifoliada", "follaje": "Caduco", "lon": -71.071385338474798, "lat": -39.951224110723786 }, "geometry": { "type": "Point", "coordinates": [ -71.071385338474798, -39.951224110723786 ] } },
{ "type": "Feature", "properties": { "nombrevulgar": "Ciruelo de flor", "nombrecientifico": "Prunus cerasifera var. pisardii", "magnitud": 3, "tipo": "Latifoliada", "follaje": "Caduco", "lon": -71.071315567197558, "lat": -39.951236423227613 }, "geometry": { "type": "Point", "coordinates": [ -71.071315567197558, -39.951236423227613 ] } },
{ "type": "Feature", "properties": { "nombrevulgar": "Ciruelo de flor", "nombrecientifico": "Prunus cerasifera var. pisardii", "magnitud": 3, "tipo": "Latifoliada", "follaje": "Caduco", "lon": -71.071093230957757, "lat": -39.950352706209877 }, "geometry": { "type": "Point", "coordinates": [ -71.071093230957757, -39.950352706209877 ] } },
{ "type": "Feature", "properties": { "nombrevulgar": "Ciruelo de flor", "nombrecientifico": "Prunus cerasifera var. pisardii", "magnitud": 3, "tipo": "Latifoliada", "follaje": "Caduco", "lon": -71.071248695639952, "lat": -39.951252171627935 }, "geometry": { "type": "Point", "coordinates": [ -71.071248695639952, -39.951252171627935 ] } },
{ "type": "Feature", "properties": { "nombrevulgar": "Ciruelo de flor", "nombrecientifico": "Prunus cerasifera var. pisardii", "magnitud": 3, "tipo": "Latifoliada", "follaje": "Caduco", "lon": -71.071152352577045, "lat": -39.951272829017469 }, "geometry": { "type": "Point", "coordinates": [ -71.071152352577045, -39.951272829017469 ] } },
{ "type": "Feature", "properties": { "nombrevulgar": "Ciruelo de flor", "nombrecientifico": "Prunus cerasifera var. pisardii", "magnitud": 3, "tipo": "Latifoliada", "follaje": "Caduco", "lon": -71.071097755837698, "lat": -39.951286057139626 }, "geometry": { "type": "Point", "coordinates": [ -71.071097755837698, -39.951286057139626 ] } },
{ "type": "Feature", "properties": { "nombrevulgar": "Ciruelo de flor", "nombrecientifico": "Prunus cerasifera var. pisardii", "magnitud": 3, "tipo": "Latifoliada", "follaje": "Caduco", "lon": -71.071037373155107, "lat": -39.95129938864028 }, "geometry": { "type": "Point", "coordinates": [ -71.071037373155107, -39.95129938864028 ] } },
{ "type": "Feature", "properties": { "nombrevulgar": "Ciruelo de flor", "nombrecientifico": "Prunus cerasifera var. pisardii", "magnitud": 3, "tipo": "Latifoliada", "follaje": "Caduco", "lon": -71.070887745268948, "lat": -39.951328795033149 }, "geometry": { "type": "Point", "coordinates": [ -71.070887745268948, -39.951328795033149 ] } },
{ "type": "Feature", "properties": { "nombrevulgar": "Ciruelo de flor", "nombrecientifico": "Prunus cerasifera var. pisardii", "magnitud": 3, "tipo": "Latifoliada", "follaje": "Caduco", "lon": -71.070832137152166, "lat": -39.951342501399459 }, "geometry": { "type": "Point", "coordinates": [ -71.070832137152166, -39.951342501399459 ] } },
{ "type": "Feature", "properties": { "nombrevulgar": "Ciruelo de flor", "nombrecientifico": "Prunus cerasifera var. pisardii", "magnitud": 3, "tipo": "Latifoliada", "follaje": "Caduco", "lon": -71.070735901407573, "lat": -39.951365686781045 }, "geometry": { "type": "Point", "coordinates": [ -71.070735901407573, -39.951365686781045 ] } },
{ "type": "Feature", "properties": { "nombrevulgar": "Ciruelo de flor", "nombrecientifico": "Prunus cerasifera var. pisardii", "magnitud": 3, "tipo": "Latifoliada", "follaje": "Caduco", "lon": -71.070610119440673, "lat": -39.95139287316583 }, "geometry": { "type": "Point", "coordinates": [ -71.070610119440673, -39.95139287316583 ] } },
{ "type": "Feature", "properties": { "nombrevulgar": "Ciruelo de flor", "nombrecientifico": "Prunus cerasifera var. pisardii", "magnitud": 3, "tipo": "Latifoliada", "follaje": "Caduco", "lon": -71.070551384257797, "lat": -39.9514049779728 }, "geometry": { "type": "Point", "coordinates": [ -71.070551384257797, -39.9514049779728 ] } },
{ "type": "Feature", "properties": { "nombrevulgar": "Ciruelo de flor", "nombrecientifico": "Prunus cerasifera var. pisardii", "magnitud": 3, "tipo": "Latifoliada", "follaje": "Caduco", "lon": -71.070508770182713, "lat": -39.951414260054641 }, "geometry": { "type": "Point", "coordinates": [ -71.070508770182713, -39.951414260054641 ] } },
{ "type": "Feature", "properties": { "nombrevulgar": "Ciruelo de flor", "nombrecientifico": "Prunus cerasifera var. pisardii", "magnitud": 3, "tipo": "Latifoliada", "follaje": "Caduco", "lon": -71.071035445227778, "lat": -39.95036490444258 }, "geometry": { "type": "Point", "coordinates": [ -71.071035445227778, -39.95036490444258 ] } },
{ "type": "Feature", "properties": { "nombrevulgar": "Ciruelo de flor", "nombrecientifico": "Prunus cerasifera var. pisardii", "magnitud": 3, "tipo": "Latifoliada", "follaje": "Caduco", "lon": -71.070957600243318, "lat": -39.950381226262067 }, "geometry": { "type": "Point", "coordinates": [ -71.070957600243318, -39.950381226262067 ] } },
{ "type": "Feature", "properties": { "nombrevulgar": "Ciruelo de flor", "nombrecientifico": "Prunus cerasifera var. pisardii", "magnitud": 3, "tipo": "Latifoliada", "follaje": "Caduco", "lon": -71.070851515697356, "lat": -39.950405745316104 }, "geometry": { "type": "Point", "coordinates": [ -71.070851515697356, -39.950405745316104 ] } },
{ "type": "Feature", "properties": { "nombrevulgar": "Ciruelo de flor", "nombrecientifico": "Prunus cerasifera var. pisardii", "magnitud": 3, "tipo": "Latifoliada", "follaje": "Caduco", "lon": -71.070724768388871, "lat": -39.950430796509899 }, "geometry": { "type": "Point", "coordinates": [ -71.070724768388871, -39.950430796509899 ] } },
{ "type": "Feature", "properties": { "nombrevulgar": "Ciruelo de flor", "nombrecientifico": "Prunus cerasifera var. pisardii", "magnitud": 3, "tipo": "Latifoliada", "follaje": "Caduco", "lon": -71.070766747071346, "lat": -39.950421736062559 }, "geometry": { "type": "Point", "coordinates": [ -71.070766747071346, -39.950421736062559 ] } },
{ "type": "Feature", "properties": { "nombrevulgar": "Ciruelo de flor", "nombrecientifico": "Prunus cerasifera var. pisardii", "magnitud": 3, "tipo": "Latifoliada", "follaje": "Caduco", "lon": -71.070686338712719, "lat": -39.950438266375933 }, "geometry": { "type": "Point", "coordinates": [ -71.070686338712719, -39.950438266375933 ] } },
{ "type": "Feature", "properties": { "nombrevulgar": "Ciruelo de flor", "nombrecientifico": "Prunus cerasifera var. pisardii", "magnitud": 3, "tipo": "Latifoliada", "follaje": "Caduco", "lon": -71.071342499466311, "lat": -39.950510191090153 }, "geometry": { "type": "Point", "coordinates": [ -71.071342499466311, -39.950510191090153 ] } },
{ "type": "Feature", "properties": { "nombrevulgar": "Secuoya gigante", "nombrecientifico": "Sequoiadendron giganteum", "magnitud": 1, "tipo": "Conífera", "follaje": "Perenne", "lon": -71.070325640632461, "lat": -39.950700195846053 }, "geometry": { "type": "Point", "coordinates": [ -71.070325640632461, -39.950700195846053 ] } },
{ "type": "Feature", "properties": { "nombrevulgar": "Pino ponderosa", "nombrecientifico": "Pinus ponderosa", "magnitud": 1, "tipo": "Conífera", "follaje": "Perenne", "lon": -71.070823682519318, "lat": -39.951039038009803 }, "geometry": { "type": "Point", "coordinates": [ -71.070823682519318, -39.951039038009803 ] } },
{ "type": "Feature", "properties": { "nombrevulgar": "Pino blanco del oeste", "nombrecientifico": "Pinus monticola", "magnitud": 1, "tipo": "Conífera", "follaje": "Perenne", "lon": -71.070484919372973, "lat": -39.951132973339512 }, "geometry": { "type": "Point", "coordinates": [ -71.070484919372973, -39.951132973339512 ] } },
{ "type": "Feature", "properties": { "nombrevulgar": "Ciruelo de flor", "nombrecientifico": "Prunus cerasifera var. pisardii", "magnitud": 3, "tipo": "Latifoliada", "follaje": "Caduco", "lon": -71.070602329277392, "lat": -39.950455067357346 }, "geometry": { "type": "Point", "coordinates": [ -71.070602329277392, -39.950455067357346 ] } },
{ "type": "Feature", "properties": { "nombrevulgar": "Ciruelo de flor", "nombrecientifico": "Prunus cerasifera var. pisardii", "magnitud": 3, "tipo": "Latifoliada", "follaje": "Caduco", "lon": -71.07053047624467, "lat": -39.950471945089831 }, "geometry": { "type": "Point", "coordinates": [ -71.07053047624467, -39.950471945089831 ] } },
{ "type": "Feature", "properties": { "nombrevulgar": "Ciruelo de flor", "nombrecientifico": "Prunus cerasifera var. pisardii", "magnitud": 3, "tipo": "Latifoliada", "follaje": "Caduco", "lon": -71.070464308293992, "lat": -39.950485379654488 }, "geometry": { "type": "Point", "coordinates": [ -71.070464308293992, -39.950485379654488 ] } },
{ "type": "Feature", "properties": { "nombrevulgar": "Ciruelo de flor", "nombrecientifico": "Prunus cerasifera var. pisardii", "magnitud": 3, "tipo": "Latifoliada", "follaje": "Caduco", "lon": -71.07038663575841, "lat": -39.950501247422125 }, "geometry": { "type": "Point", "coordinates": [ -71.07038663575841, -39.950501247422125 ] } },
{ "type": "Feature", "properties": { "nombrevulgar": "Ciruelo de flor", "nombrecientifico": "Prunus cerasifera var. pisardii", "magnitud": 3, "tipo": "Latifoliada", "follaje": "Caduco", "lon": -71.070362042434866, "lat": -39.951173338483756 }, "geometry": { "type": "Point", "coordinates": [ -71.070362042434866, -39.951173338483756 ] } },
{ "type": "Feature", "properties": { "nombrevulgar": "Ciruelo de flor", "nombrecientifico": "Prunus cerasifera var. pisardii", "magnitud": 3, "tipo": "Latifoliada", "follaje": "Caduco", "lon": -71.070329114522139, "lat": -39.951089274147286 }, "geometry": { "type": "Point", "coordinates": [ -71.070329114522139, -39.951089274147286 ] } },
{ "type": "Feature", "properties": { "nombrevulgar": "Notro", "nombrecientifico": "Embothrium coccineum", "magnitud": 3, "tipo": "Latifoliada", "follaje": "Perenne", "lon": -71.071185283859762, "lat": -39.950383796826571 }, "geometry": { "type": "Point", "coordinates": [ -71.071185283859762, -39.950383796826571 ] } },
{ "type": "Feature", "properties": { "nombrevulgar": "Cornejo chino", "nombrecientifico": "Cornus walteri", "magnitud": 3, "tipo": "Latifoliada", "follaje": "Caduco", "lon": -71.071041208107502, "lat": -39.950633653547513 }, "geometry": { "type": "Point", "coordinates": [ -71.071041208107502, -39.950633653547513 ] } },
{ "type": "Feature", "properties": { "nombrevulgar": "Espino albar", "nombrecientifico": "Crataegus monogyna", "magnitud": 3, "tipo": "Latifoliada", "follaje": "Caduco", "lon": -71.070763230457246, "lat": -39.950620356857414 }, "geometry": { "type": "Point", "coordinates": [ -71.070763230457246, -39.950620356857414 ] } },
{ "type": "Feature", "properties": { "nombrevulgar": "Espino albar", "nombrecientifico": "Crataegus monogyna", "magnitud": 3, "tipo": "Latifoliada", "follaje": "Caduco", "lon": -71.070786685373974, "lat": -39.950679503596945 }, "geometry": { "type": "Point", "coordinates": [ -71.070786685373974, -39.950679503596945 ] } },
{ "type": "Feature", "properties": { "nombrevulgar": "Espino albar", "nombrecientifico": "Crataegus monogyna", "magnitud": 3, "tipo": "Latifoliada", "follaje": "Caduco", "lon": -71.071281681303262, "lat": -39.950625828154259 }, "geometry": { "type": "Point", "coordinates": [ -71.071281681303262, -39.950625828154259 ] } },
{ "type": "Feature", "properties": { "nombrevulgar": "Espino albar", "nombrecientifico": "Crataegus monogyna", "magnitud": 3, "tipo": "Latifoliada", "follaje": "Caduco", "lon": -71.071330946260602, "lat": -39.950716840236026 }, "geometry": { "type": "Point", "coordinates": [ -71.071330946260602, -39.950716840236026 ] } },
{ "type": "Feature", "properties": { "nombrevulgar": "Cornejo chino", "nombrecientifico": "Cornus walteri", "magnitud": 3, "tipo": "Latifoliada", "follaje": "Caduco", "lon": -71.071101118269908, "lat": -39.950561417616875 }, "geometry": { "type": "Point", "coordinates": [ -71.071101118269908, -39.950561417616875 ] } },
{ "type": "Feature", "properties": { "nombrevulgar": "Espino albar", "nombrecientifico": "Crataegus monogyna", "magnitud": 3, "tipo": "Latifoliada", "follaje": "Caduco", "lon": -71.071155753950663, "lat": -39.950496830509181 }, "geometry": { "type": "Point", "coordinates": [ -71.071155753950663, -39.950496830509181 ] } },
{ "type": "Feature", "properties": { "nombrevulgar": "Pehuen", "nombrecientifico": "Araucaria araucana", "magnitud": 1, "tipo": "Conífera", "follaje": "Perenne", "lon": -71.070187991802669, "lat": -39.950632888983691 }, "geometry": { "type": "Point", "coordinates": [ -71.070187991802669, -39.950632888983691 ] } },
{ "type": "Feature", "properties": { "nombrevulgar": "Pehuen", "nombrecientifico": "Araucaria araucana", "magnitud": 1, "tipo": "Conífera", "follaje": "Perenne", "lon": -71.07113775925572, "lat": -39.950369478921615 }, "geometry": { "type": "Point", "coordinates": [ -71.07113775925572, -39.950369478921615 ] } },
{ "type": "Feature", "properties": { "nombrevulgar": "Pehuen", "nombrecientifico": "Araucaria araucana", "magnitud": 1, "tipo": "Conífera", "follaje": "Perenne", "lon": -71.071409665476054, "lat": -39.950769631465135 }, "geometry": { "type": "Point", "coordinates": [ -71.071409665476054, -39.950769631465135 ] } },
{ "type": "Feature", "properties": { "nombrevulgar": "Pehuen", "nombrecientifico": "Araucaria araucana", "magnitud": 1, "tipo": "Conífera", "follaje": "Perenne", "lon": -71.071417636897365, "lat": -39.950793993679916 }, "geometry": { "type": "Point", "coordinates": [ -71.071417636897365, -39.950793993679916 ] } },
{ "type": "Feature", "properties": { "nombrevulgar": "Pehuen", "nombrecientifico": "Araucaria araucana", "magnitud": 1, "tipo": "Conífera", "follaje": "Perenne", "lon": -71.071422614601417, "lat": -39.950815067856048 }, "geometry": { "type": "Point", "coordinates": [ -71.071422614601417, -39.950815067856048 ] } },
{ "type": "Feature", "properties": { "nombrevulgar": "Pehuen", "nombrecientifico": "Araucaria araucana", "magnitud": 1, "tipo": "Conífera", "follaje": "Perenne", "lon": -71.071433512568518, "lat": -39.95084049160792 }, "geometry": { "type": "Point", "coordinates": [ -71.071433512568518, -39.95084049160792 ] } },
{ "type": "Feature", "properties": { "nombrevulgar": "Pehuen", "nombrecientifico": "Araucaria araucana", "magnitud": 1, "tipo": "Conífera", "follaje": "Perenne", "lon": -71.071443098453059, "lat": -39.950870394212487 }, "geometry": { "type": "Point", "coordinates": [ -71.071443098453059, -39.950870394212487 ] } },
{ "type": "Feature", "properties": { "nombrevulgar": "Pehuen", "nombrecientifico": "Araucaria araucana", "magnitud": 1, "tipo": "Conífera", "follaje": "Perenne", "lon": -71.07146835849619, "lat": -39.950940115239845 }, "geometry": { "type": "Point", "coordinates": [ -71.07146835849619, -39.950940115239845 ] } },
{ "type": "Feature", "properties": { "nombrevulgar": "Pehuen", "nombrecientifico": "Araucaria araucana", "magnitud": 1, "tipo": "Conífera", "follaje": "Perenne", "lon": -71.071490322495407, "lat": -39.950996528978315 }, "geometry": { "type": "Point", "coordinates": [ -71.071490322495407, -39.950996528978315 ] } },
{ "type": "Feature", "properties": { "nombrevulgar": "Pehuen", "nombrecientifico": "Araucaria araucana", "magnitud": 1, "tipo": "Conífera", "follaje": "Perenne", "lon": -71.071498193186898, "lat": -39.951017551436728 }, "geometry": { "type": "Point", "coordinates": [ -71.071498193186898, -39.951017551436728 ] } },
{ "type": "Feature", "properties": { "nombrevulgar": "Pehuen", "nombrecientifico": "Araucaria araucana", "magnitud": 1, "tipo": "Conífera", "follaje": "Perenne", "lon": -71.071521637309488, "lat": -39.951075052560228 }, "geometry": { "type": "Point", "coordinates": [ -71.071521637309488, -39.951075052560228 ] } },
{ "type": "Feature", "properties": { "nombrevulgar": "Pehuen", "nombrecientifico": "Araucaria araucana", "magnitud": 1, "tipo": "Conífera", "follaje": "Perenne", "lon": -71.071521637309488, "lat": -39.951075052560228 }, "geometry": { "type": "Point", "coordinates": [ -71.071521637309488, -39.951075052560228 ] } },
{ "type": "Feature", "properties": { "nombrevulgar": "Pehuen", "nombrecientifico": "Araucaria araucana", "magnitud": 1, "tipo": "Conífera", "follaje": "Perenne", "lon": -71.071081624395148, "lat": -39.950379671434234 }, "geometry": { "type": "Point", "coordinates": [ -71.071081624395148, -39.950379671434234 ] } },
{ "type": "Feature", "properties": { "nombrevulgar": "Pehuen", "nombrecientifico": "Araucaria araucana", "magnitud": 1, "tipo": "Conífera", "follaje": "Perenne", "lon": -71.071541785358335, "lat": -39.951119246398299 }, "geometry": { "type": "Point", "coordinates": [ -71.071541785358335, -39.951119246398299 ] } },
{ "type": "Feature", "properties": { "nombrevulgar": "Pehuen", "nombrecientifico": "Araucaria araucana", "magnitud": 1, "tipo": "Conífera", "follaje": "Perenne", "lon": -71.071386146658853, "lat": -39.951202933127249 }, "geometry": { "type": "Point", "coordinates": [ -71.071386146658853, -39.951202933127249 ] } },
{ "type": "Feature", "properties": { "nombrevulgar": "Pehuen", "nombrecientifico": "Araucaria araucana", "magnitud": 1, "tipo": "Conífera", "follaje": "Perenne", "lon": -71.071340128112936, "lat": -39.95121266648097 }, "geometry": { "type": "Point", "coordinates": [ -71.071340128112936, -39.95121266648097 ] } },
{ "type": "Feature", "properties": { "nombrevulgar": "Pehuen", "nombrecientifico": "Araucaria araucana", "magnitud": 1, "tipo": "Conífera", "follaje": "Perenne", "lon": -71.071305748566999, "lat": -39.951224419482855 }, "geometry": { "type": "Point", "coordinates": [ -71.071305748566999, -39.951224419482855 ] } },
{ "type": "Feature", "properties": { "nombrevulgar": "Pehuen", "nombrecientifico": "Araucaria araucana", "magnitud": 1, "tipo": "Conífera", "follaje": "Perenne", "lon": -71.0712769533678, "lat": -39.951229389561867 }, "geometry": { "type": "Point", "coordinates": [ -71.0712769533678, -39.951229389561867 ] } },
{ "type": "Feature", "properties": { "nombrevulgar": "Pehuen", "nombrecientifico": "Araucaria araucana", "magnitud": 1, "tipo": "Conífera", "follaje": "Perenne", "lon": -71.071252497600369, "lat": -39.95123428207323 }, "geometry": { "type": "Point", "coordinates": [ -71.071252497600369, -39.95123428207323 ] } },
{ "type": "Feature", "properties": { "nombrevulgar": "Pehuen", "nombrecientifico": "Araucaria araucana", "magnitud": 1, "tipo": "Conífera", "follaje": "Perenne", "lon": -71.07122514887152, "lat": -39.951239226285971 }, "geometry": { "type": "Point", "coordinates": [ -71.07122514887152, -39.951239226285971 ] } },
{ "type": "Feature", "properties": { "nombrevulgar": "Pehuen", "nombrecientifico": "Araucaria araucana", "magnitud": 1, "tipo": "Conífera", "follaje": "Perenne", "lon": -71.071196420842242, "lat": -39.951246422844569 }, "geometry": { "type": "Point", "coordinates": [ -71.071196420842242, -39.951246422844569 ] } },
{ "type": "Feature", "properties": { "nombrevulgar": "Pehuen", "nombrecientifico": "Araucaria araucana", "magnitud": 1, "tipo": "Conífera", "follaje": "Perenne", "lon": -71.071176304499801, "lat": -39.951251237781513 }, "geometry": { "type": "Point", "coordinates": [ -71.071176304499801, -39.951251237781513 ] } },
{ "type": "Feature", "properties": { "nombrevulgar": "Pehuen", "nombrecientifico": "Araucaria araucana", "magnitud": 1, "tipo": "Conífera", "follaje": "Perenne", "lon": -71.071141790542555, "lat": -39.95125853773709 }, "geometry": { "type": "Point", "coordinates": [ -71.071141790542555, -39.95125853773709 ] } },
{ "type": "Feature", "properties": { "nombrevulgar": "Pehuen", "nombrecientifico": "Araucaria araucana", "magnitud": 1, "tipo": "Conífera", "follaje": "Perenne", "lon": -71.071049995386133, "lat": -39.950386641338113 }, "geometry": { "type": "Point", "coordinates": [ -71.071049995386133, -39.950386641338113 ] } },
{ "type": "Feature", "properties": { "nombrevulgar": "Pehuen", "nombrecientifico": "Araucaria araucana", "magnitud": 1, "tipo": "Conífera", "follaje": "Perenne", "lon": -71.071080028592903, "lat": -39.951274121610844 }, "geometry": { "type": "Point", "coordinates": [ -71.071080028592903, -39.951274121610844 ] } },
{ "type": "Feature", "properties": { "nombrevulgar": "Pehuen", "nombrecientifico": "Araucaria araucana", "magnitud": 1, "tipo": "Conífera", "follaje": "Perenne", "lon": -71.071039093118515, "lat": -39.951283065963203 }, "geometry": { "type": "Point", "coordinates": [ -71.071039093118515, -39.951283065963203 ] } },
{ "type": "Feature", "properties": { "nombrevulgar": "Pehuen", "nombrecientifico": "Araucaria araucana", "magnitud": 1, "tipo": "Conífera", "follaje": "Perenne", "lon": -71.071039093118515, "lat": -39.951283065963196 }, "geometry": { "type": "Point", "coordinates": [ -71.071039093118515, -39.951283065963196 ] } },
{ "type": "Feature", "properties": { "nombrevulgar": "Pehuen", "nombrecientifico": "Araucaria araucana", "magnitud": 1, "tipo": "Conífera", "follaje": "Perenne", "lon": -71.070928385898512, "lat": -39.95130732142686 }, "geometry": { "type": "Point", "coordinates": [ -71.070928385898512, -39.95130732142686 ] } },
{ "type": "Feature", "properties": { "nombrevulgar": "Pehuen", "nombrecientifico": "Araucaria araucana", "magnitud": 1, "tipo": "Conífera", "follaje": "Perenne", "lon": -71.070902517181537, "lat": -39.951313352965023 }, "geometry": { "type": "Point", "coordinates": [ -71.070902517181537, -39.951313352965023 ] } },
{ "type": "Feature", "properties": { "nombrevulgar": "Pehuen", "nombrecientifico": "Araucaria araucana", "magnitud": 1, "tipo": "Conífera", "follaje": "Perenne", "lon": -71.070863697304048, "lat": -39.951321843636713 }, "geometry": { "type": "Point", "coordinates": [ -71.070863697304048, -39.951321843636713 ] } },
{ "type": "Feature", "properties": { "nombrevulgar": "Pehuen", "nombrecientifico": "Araucaria araucana", "magnitud": 1, "tipo": "Conífera", "follaje": "Perenne", "lon": -71.07083920788503, "lat": -39.951325622812462 }, "geometry": { "type": "Point", "coordinates": [ -71.07083920788503, -39.951325622812462 ] } },
{ "type": "Feature", "properties": { "nombrevulgar": "Pehuen", "nombrecientifico": "Araucaria araucana", "magnitud": 1, "tipo": "Conífera", "follaje": "Perenne", "lon": -71.070814785633686, "lat": -39.95133162848294 }, "geometry": { "type": "Point", "coordinates": [ -71.070814785633686, -39.95133162848294 ] } },
{ "type": "Feature", "properties": { "nombrevulgar": "Pehuen", "nombrecientifico": "Araucaria araucana", "magnitud": 1, "tipo": "Conífera", "follaje": "Perenne", "lon": -71.070785990349037, "lat": -39.951336598441856 }, "geometry": { "type": "Point", "coordinates": [ -71.070785990349037, -39.951336598441856 ] } },
{ "type": "Feature", "properties": { "nombrevulgar": "Pehuen", "nombrecientifico": "Araucaria araucana", "magnitud": 1, "tipo": "Conífera", "follaje": "Perenne", "lon": -71.070755815747191, "lat": -39.951343820741073 }, "geometry": { "type": "Point", "coordinates": [ -71.070755815747191, -39.951343820741073 ] } },
{ "type": "Feature", "properties": { "nombrevulgar": "Pehuen", "nombrecientifico": "Araucaria araucana", "magnitud": 1, "tipo": "Conífera", "follaje": "Perenne", "lon": -71.070997863455787, "lat": -39.950397597659126 }, "geometry": { "type": "Point", "coordinates": [ -71.070997863455787, -39.950397597659126 ] } },
{ "type": "Feature", "properties": { "nombrevulgar": "Pehuen", "nombrecientifico": "Araucaria araucana", "magnitud": 1, "tipo": "Conífera", "follaje": "Perenne", "lon": -71.070722748175356, "lat": -39.951351094726625 }, "geometry": { "type": "Point", "coordinates": [ -71.070722748175356, -39.951351094726625 ] } },
{ "type": "Feature", "properties": { "nombrevulgar": "Pehuen", "nombrecientifico": "Araucaria araucana", "magnitud": 1, "tipo": "Conífera", "follaje": "Perenne", "lon": -71.070695365773332, "lat": -39.951354925566363 }, "geometry": { "type": "Point", "coordinates": [ -71.070695365773332, -39.951354925566363 ] } },
{ "type": "Feature", "properties": { "nombrevulgar": "Pehuen", "nombrecientifico": "Araucaria araucana", "magnitud": 1, "tipo": "Conífera", "follaje": "Perenne", "lon": -71.070633570043796, "lat": -39.95136939595664 }, "geometry": { "type": "Point", "coordinates": [ -71.070633570043796, -39.95136939595664 ] } },
{ "type": "Feature", "properties": { "nombrevulgar": "Pehuen", "nombrecientifico": "Araucaria araucana", "magnitud": 1, "tipo": "Conífera", "follaje": "Perenne", "lon": -71.070664380254755, "lat": -39.95136063266942 }, "geometry": { "type": "Point", "coordinates": [ -71.070664380254755, -39.95136063266942 ] } },
{ "type": "Feature", "properties": { "nombrevulgar": "Pehuen", "nombrecientifico": "Araucaria araucana", "magnitud": 1, "tipo": "Conífera", "follaje": "Perenne", "lon": -71.070597710226153, "lat": -39.951380061349035 }, "geometry": { "type": "Point", "coordinates": [ -71.070597710226153, -39.951380061349035 ] } },
{ "type": "Feature", "properties": { "nombrevulgar": "Pehuen", "nombrecientifico": "Araucaria araucana", "magnitud": 1, "tipo": "Conífera", "follaje": "Perenne", "lon": -71.070563162554436, "lat": -39.951386247885232 }, "geometry": { "type": "Point", "coordinates": [ -71.070563162554436, -39.951386247885232 ] } },
{ "type": "Feature", "properties": { "nombrevulgar": "Pehuen", "nombrecientifico": "Araucaria araucana", "magnitud": 1, "tipo": "Conífera", "follaje": "Perenne", "lon": -71.070462021438246, "lat": -39.951350706684913 }, "geometry": { "type": "Point", "coordinates": [ -71.070462021438246, -39.951350706684913 ] } },
{ "type": "Feature", "properties": { "nombrevulgar": "Pehuen", "nombrecientifico": "Araucaria araucana", "magnitud": 1, "tipo": "Conífera", "follaje": "Perenne", "lon": -71.070370626165996, "lat": -39.951107849977298 }, "geometry": { "type": "Point", "coordinates": [ -71.070370626165996, -39.951107849977298 ] } },
{ "type": "Feature", "properties": { "nombrevulgar": "Pehuen", "nombrecientifico": "Araucaria araucana", "magnitud": 1, "tipo": "Conífera", "follaje": "Perenne", "lon": -71.0701631024872, "lat": -39.950575413393416 }, "geometry": { "type": "Point", "coordinates": [ -71.0701631024872, -39.950575413393416 ] } },
{ "type": "Feature", "properties": { "nombrevulgar": "Pehuen", "nombrecientifico": "Araucaria araucana", "magnitud": 1, "tipo": "Conífera", "follaje": "Perenne", "lon": -71.070975956060778, "lat": -39.950403001493306 }, "geometry": { "type": "Point", "coordinates": [ -71.070975956060778, -39.950403001493306 ] } },
{ "type": "Feature", "properties": { "nombrevulgar": "Pehuen", "nombrecientifico": "Araucaria araucana", "magnitud": 1, "tipo": "Conífera", "follaje": "Perenne", "lon": -71.070293534155169, "lat": -39.950917263019797 }, "geometry": { "type": "Point", "coordinates": [ -71.070293534155169, -39.950917263019797 ] } },
{ "type": "Feature", "properties": { "nombrevulgar": "Pehuen", "nombrecientifico": "Araucaria araucana", "magnitud": 1, "tipo": "Conífera", "follaje": "Perenne", "lon": -71.070210323972773, "lat": -39.950701548752285 }, "geometry": { "type": "Point", "coordinates": [ -71.070210323972773, -39.950701548752285 ] } },
{ "type": "Feature", "properties": { "nombrevulgar": "Pehuen", "nombrecientifico": "Araucaria araucana", "magnitud": 1, "tipo": "Conífera", "follaje": "Perenne", "lon": -71.070218261387978, "lat": -39.950724797810466 }, "geometry": { "type": "Point", "coordinates": [ -71.070218261387978, -39.950724797810466 ] } },
{ "type": "Feature", "properties": { "nombrevulgar": "Pehuen", "nombrecientifico": "Araucaria araucana", "magnitud": 1, "tipo": "Conífera", "follaje": "Perenne", "lon": -71.070230672517752, "lat": -39.950752422348131 }, "geometry": { "type": "Point", "coordinates": [ -71.070230672517752, -39.950752422348131 ] } },
{ "type": "Feature", "properties": { "nombrevulgar": "Pehuen", "nombrecientifico": "Araucaria araucana", "magnitud": 1, "tipo": "Conífera", "follaje": "Perenne", "lon": -71.070263768010633, "lat": -39.950842052976398 }, "geometry": { "type": "Point", "coordinates": [ -71.070263768010633, -39.950842052976398 ] } },
{ "type": "Feature", "properties": { "nombrevulgar": "Pehuen", "nombrecientifico": "Araucaria araucana", "magnitud": 1, "tipo": "Conífera", "follaje": "Perenne", "lon": -71.070944293442821, "lat": -39.950408858118855 }, "geometry": { "type": "Point", "coordinates": [ -71.070944293442821, -39.950408858118855 ] } },
{ "type": "Feature", "properties": { "nombrevulgar": "Pehuen", "nombrecientifico": "Araucaria araucana", "magnitud": 1, "tipo": "Conífera", "follaje": "Perenne", "lon": -71.07091692822209, "lat": -39.950413245626649 }, "geometry": { "type": "Point", "coordinates": [ -71.07091692822209, -39.950413245626649 ] } },
{ "type": "Feature", "properties": { "nombrevulgar": "Pehuen", "nombrecientifico": "Araucaria araucana", "magnitud": 1, "tipo": "Conífera", "follaje": "Perenne", "lon": -71.070885248801034, "lat": -39.950418545611278 }, "geometry": { "type": "Point", "coordinates": [ -71.070885248801034, -39.950418545611278 ] } },
{ "type": "Feature", "properties": { "nombrevulgar": "Pehuen", "nombrecientifico": "Araucaria araucana", "magnitud": 1, "tipo": "Conífera", "follaje": "Perenne", "lon": -71.070692043556804, "lat": -39.95045457818167 }, "geometry": { "type": "Point", "coordinates": [ -71.070692043556804, -39.95045457818167 ] } },
{ "type": "Feature", "properties": { "nombrevulgar": "Pehuen", "nombrecientifico": "Araucaria araucana", "magnitud": 1, "tipo": "Conífera", "follaje": "Perenne", "lon": -71.070530027778005, "lat": -39.951391295316547 }, "geometry": { "type": "Point", "coordinates": [ -71.070530027778005, -39.951391295316547 ] } },
{ "type": "Feature", "properties": { "nombrevulgar": "Picea común", "nombrecientifico": "Picea abies", "magnitud": 2, "tipo": "Conífera", "follaje": "Perenne", "lon": -71.070798843889094, "lat": -39.950723365068377 }, "geometry": { "type": "Point", "coordinates": [ -71.070798843889094, -39.950723365068377 ] } },
{ "type": "Feature", "properties": { "nombrevulgar": "Cedro blanco", "nombrecientifico": "Chamaecyparis lawsoniana", "magnitud": 1, "tipo": "Conífera", "follaje": "Perenne", "lon": -71.070925263897749, "lat": -39.950994821532603 }, "geometry": { "type": "Point", "coordinates": [ -71.070925263897749, -39.950994821532603 ] } },
{ "type": "Feature", "properties": { "nombrevulgar": "Cedro blanco", "nombrecientifico": "Chamaecyparis lawsoniana", "magnitud": 1, "tipo": "Conífera", "follaje": "Perenne", "lon": -71.070702675059593, "lat": -39.950985972863364 }, "geometry": { "type": "Point", "coordinates": [ -71.070702675059593, -39.950985972863364 ] } },
{ "type": "Feature", "properties": { "nombrevulgar": "Pehuen", "nombrecientifico": "Araucaria araucana", "magnitud": 1, "tipo": "Conífera", "follaje": "Perenne", "lon": -71.070523814780813, "lat": -39.950490999565211 }, "geometry": { "type": "Point", "coordinates": [ -71.070523814780813, -39.950490999565211 ] } },
{ "type": "Feature", "properties": { "nombrevulgar": "Cedro blanco", "nombrecientifico": "Chamaecyparis lawsoniana", "magnitud": 1, "tipo": "Conífera", "follaje": "Perenne", "lon": -71.070655935381737, "lat": -39.951055937279833 }, "geometry": { "type": "Point", "coordinates": [ -71.070655935381737, -39.951055937279833 ] } },
{ "type": "Feature", "properties": { "nombrevulgar": "Coihue", "nombrecientifico": "Nothofagus dombeyi", "magnitud": 1, "tipo": "Latifoliada", "follaje": "Perenne", "lon": -71.071063712663246, "lat": -39.951067455956668 }, "geometry": { "type": "Point", "coordinates": [ -71.071063712663246, -39.951067455956668 ] } },
{ "type": "Feature", "properties": { "nombrevulgar": "Coihue", "nombrecientifico": "Nothofagus dombeyi", "magnitud": 1, "tipo": "Latifoliada", "follaje": "Perenne", "lon": -71.070493033393277, "lat": -39.950596667270275 }, "geometry": { "type": "Point", "coordinates": [ -71.070493033393277, -39.950596667270275 ] } },
{ "type": "Feature", "properties": { "nombrevulgar": "Espino albar", "nombrecientifico": "Crataegus monogyna", "magnitud": 3, "tipo": "Latifoliada", "follaje": "Caduco", "lon": -71.070703709381434, "lat": -39.950811312062271 }, "geometry": { "type": "Point", "coordinates": [ -71.070703709381434, -39.950811312062271 ] } },
{ "type": "Feature", "properties": { "nombrevulgar": "Espino albar", "nombrecientifico": "Crataegus monogyna", "magnitud": 3, "tipo": "Latifoliada", "follaje": "Caduco", "lon": -71.070670706321266, "lat": -39.950729382411588 }, "geometry": { "type": "Point", "coordinates": [ -71.070670706321266, -39.950729382411588 ] } },
{ "type": "Feature", "properties": { "nombrevulgar": "Espino albar", "nombrecientifico": "Crataegus monogyna", "magnitud": 3, "tipo": "Latifoliada", "follaje": "Caduco", "lon": -71.070989977956501, "lat": -39.950833754149293 }, "geometry": { "type": "Point", "coordinates": [ -71.070989977956501, -39.950833754149293 ] } },
{ "type": "Feature", "properties": { "nombrevulgar": "Cornejo macho", "nombrecientifico": "Cornus mas", "magnitud": 3, "tipo": "Latifoliada", "follaje": "Caduco", "lon": -71.070911416419548, "lat": -39.950905836734179 }, "geometry": { "type": "Point", "coordinates": [ -71.070911416419548, -39.950905836734179 ] } },
{ "type": "Feature", "properties": { "nombrevulgar": "Espino albar", "nombrecientifico": "Crataegus monogyna", "magnitud": 3, "tipo": "Latifoliada", "follaje": "Caduco", "lon": -71.071168112134572, "lat": -39.951124393952874 }, "geometry": { "type": "Point", "coordinates": [ -71.071168112134572, -39.951124393952874 ] } },
{ "type": "Feature", "properties": { "nombrevulgar": "Cornejo chino", "nombrecientifico": "Cornus walteri", "magnitud": 3, "tipo": "Latifoliada", "follaje": "Caduco", "lon": -71.070828528484085, "lat": -39.950926722651509 }, "geometry": { "type": "Point", "coordinates": [ -71.070828528484085, -39.950926722651509 ] } },
{ "type": "Feature", "properties": { "nombrevulgar": "Espino albar", "nombrecientifico": "Crataegus monogyna", "magnitud": 3, "tipo": "Latifoliada", "follaje": "Caduco", "lon": -71.070905221565653, "lat": -39.951179016770183 }, "geometry": { "type": "Point", "coordinates": [ -71.070905221565653, -39.951179016770183 ] } },
{ "type": "Feature", "properties": { "nombrevulgar": "Espino albar", "nombrecientifico": "Crataegus monogyna", "magnitud": 3, "tipo": "Latifoliada", "follaje": "Caduco", "lon": -71.07061214236721, "lat": -39.950707037984067 }, "geometry": { "type": "Point", "coordinates": [ -71.07061214236721, -39.950707037984067 ] } },
{ "type": "Feature", "properties": { "nombrevulgar": "Cipres de arizona", "nombrecientifico": "Cupressus arizonica", "magnitud": 2, "tipo": "Conífera", "follaje": "Perenne", "lon": -71.070775005436317, "lat": -39.951137012100055 }, "geometry": { "type": "Point", "coordinates": [ -71.070775005436317, -39.951137012100055 ] } },
{ "type": "Feature", "properties": { "nombrevulgar": "Cipres de arizona", "nombrecientifico": "Cupressus arizonica", "magnitud": 2, "tipo": "Conífera", "follaje": "Perenne", "lon": -71.070673596475316, "lat": -39.951378289591688 }, "geometry": { "type": "Point", "coordinates": [ -71.070673596475316, -39.951378289591688 ] } },
{ "type": "Feature", "properties": { "nombrevulgar": "Cipres de arizona", "nombrecientifico": "Cupressus arizonica", "magnitud": 2, "tipo": "Conífera", "follaje": "Perenne", "lon": -71.070845893580341, "lat": -39.950558810734123 }, "geometry": { "type": "Point", "coordinates": [ -71.070845893580341, -39.950558810734123 ] } },
{ "type": "Feature", "properties": { "nombrevulgar": "Espino albar", "nombrecientifico": "Crataegus monogyna", "magnitud": 3, "tipo": "Latifoliada", "follaje": "Caduco", "lon": -71.070771978008977, "lat": -39.950441732879469 }, "geometry": { "type": "Point", "coordinates": [ -71.070771978008977, -39.950441732879469 ] } },
{ "type": "Feature", "properties": { "nombrevulgar": "Roble rojo del norte", "nombrecientifico": "Quercus rubra", "magnitud": 2, "tipo": "Latifoliada", "follaje": "Caduco", "lon": -71.070731653369108, "lat": -39.950448301155298 }, "geometry": { "type": "Point", "coordinates": [ -71.070731653369108, -39.950448301155298 ] } },
{ "type": "Feature", "properties": { "nombrevulgar": "Maitén", "nombrecientifico": "Maytenus boaria", "magnitud": 2, "tipo": "Latifoliada", "follaje": "Perenne", "lon": -71.070241670763224, "lat": -39.950781185975231 }, "geometry": { "type": "Point", "coordinates": [ -71.070241670763224, -39.950781185975231 ] } },
{ "type": "Feature", "properties": { "nombrevulgar": "Maitén", "nombrecientifico": "Maytenus boaria", "magnitud": 2, "tipo": "Latifoliada", "follaje": "Perenne", "lon": -71.071020166050019, "lat": -39.95039330060829 }, "geometry": { "type": "Point", "coordinates": [ -71.071020166050019, -39.95039330060829 ] } },
{ "type": "Feature", "properties": { "nombrevulgar": "Maitén", "nombrecientifico": "Maytenus boaria", "magnitud": 2, "tipo": "Latifoliada", "follaje": "Perenne", "lon": -71.071330388298648, "lat": -39.950540481520292 }, "geometry": { "type": "Point", "coordinates": [ -71.071330388298648, -39.950540481520292 ] } },
{ "type": "Feature", "properties": { "nombrevulgar": "Maitén", "nombrecientifico": "Maytenus boaria", "magnitud": 2, "tipo": "Latifoliada", "follaje": "Perenne", "lon": -71.071358843362916, "lat": -39.95062017012004 }, "geometry": { "type": "Point", "coordinates": [ -71.071358843362916, -39.95062017012004 ] } },
{ "type": "Feature", "properties": { "nombrevulgar": "Maitén", "nombrecientifico": "Maytenus boaria", "magnitud": 2, "tipo": "Latifoliada", "follaje": "Perenne", "lon": -71.071353828187554, "lat": -39.950693773871016 }, "geometry": { "type": "Point", "coordinates": [ -71.071353828187554, -39.950693773871016 ] } },
{ "type": "Feature", "properties": { "nombrevulgar": "Maitén", "nombrecientifico": "Maytenus boaria", "magnitud": 2, "tipo": "Latifoliada", "follaje": "Perenne", "lon": -71.071293865862714, "lat": -39.950386458850168 }, "geometry": { "type": "Point", "coordinates": [ -71.071293865862714, -39.950386458850168 ] } },
{ "type": "Feature", "properties": { "nombrevulgar": "Maitén", "nombrecientifico": "Maytenus boaria", "magnitud": 2, "tipo": "Latifoliada", "follaje": "Perenne", "lon": -71.071305164148356, "lat": -39.950423978107814 }, "geometry": { "type": "Point", "coordinates": [ -71.071305164148356, -39.950423978107814 ] } },
{ "type": "Feature", "properties": { "nombrevulgar": "Maitén", "nombrecientifico": "Maytenus boaria", "magnitud": 2, "tipo": "Latifoliada", "follaje": "Perenne", "lon": -71.071372945531223, "lat": -39.950599129616407 }, "geometry": { "type": "Point", "coordinates": [ -71.071372945531223, -39.950599129616407 ] } },
{ "type": "Feature", "properties": { "nombrevulgar": "Maitén", "nombrecientifico": "Maytenus boaria", "magnitud": 2, "tipo": "Latifoliada", "follaje": "Perenne", "lon": -71.071292090355939, "lat": -39.950724482675341 }, "geometry": { "type": "Point", "coordinates": [ -71.071292090355939, -39.950724482675341 ] } },
{ "type": "Feature", "properties": { "nombrevulgar": "Maitén", "nombrecientifico": "Maytenus boaria", "magnitud": 2, "tipo": "Latifoliada", "follaje": "Perenne", "lon": -71.071454840076314, "lat": -39.950827858026706 }, "geometry": { "type": "Point", "coordinates": [ -71.071454840076314, -39.950827858026706 ] } },
{ "type": "Feature", "properties": { "nombrevulgar": "Maitén", "nombrecientifico": "Maytenus boaria", "magnitud": 2, "tipo": "Latifoliada", "follaje": "Perenne", "lon": -71.071470581399694, "lat": -39.950869902950323 }, "geometry": { "type": "Point", "coordinates": [ -71.071470581399694, -39.950869902950323 ] } },
{ "type": "Feature", "properties": { "nombrevulgar": "Maitén", "nombrecientifico": "Maytenus boaria", "magnitud": 2, "tipo": "Latifoliada", "follaje": "Perenne", "lon": -71.070874217387342, "lat": -39.951086077887155 }, "geometry": { "type": "Point", "coordinates": [ -71.070874217387342, -39.951086077887155 ] } },
{ "type": "Feature", "properties": { "nombrevulgar": "Maitén", "nombrecientifico": "Maytenus boaria", "magnitud": 2, "tipo": "Latifoliada", "follaje": "Perenne", "lon": -71.070846059410897, "lat": -39.95042676441502 }, "geometry": { "type": "Point", "coordinates": [ -71.070846059410897, -39.95042676441502 ] } },
{ "type": "Feature", "properties": { "nombrevulgar": "Maitén", "nombrecientifico": "Maytenus boaria", "magnitud": 2, "tipo": "Latifoliada", "follaje": "Perenne", "lon": -71.071475223562757, "lat": -39.951181291579594 }, "geometry": { "type": "Point", "coordinates": [ -71.071475223562757, -39.951181291579594 ] } },
{ "type": "Feature", "properties": { "nombrevulgar": "Maitén", "nombrecientifico": "Maytenus boaria", "magnitud": 2, "tipo": "Latifoliada", "follaje": "Perenne", "lon": -71.071430685118159, "lat": -39.951192112361824 }, "geometry": { "type": "Point", "coordinates": [ -71.071430685118159, -39.951192112361824 ] } },
{ "type": "Feature", "properties": { "nombrevulgar": "Maitén", "nombrecientifico": "Maytenus boaria", "magnitud": 2, "tipo": "Latifoliada", "follaje": "Perenne", "lon": -71.071424124630369, "lat": -39.951214506630706 }, "geometry": { "type": "Point", "coordinates": [ -71.071424124630369, -39.951214506630706 ] } },
{ "type": "Feature", "properties": { "nombrevulgar": "Maitén", "nombrecientifico": "Maytenus boaria", "magnitud": 2, "tipo": "Latifoliada", "follaje": "Perenne", "lon": -71.071218554720517, "lat": -39.951260507295238 }, "geometry": { "type": "Point", "coordinates": [ -71.071218554720517, -39.951260507295238 ] } },
{ "type": "Feature", "properties": { "nombrevulgar": "Maitén", "nombrecientifico": "Maytenus boaria", "magnitud": 2, "tipo": "Latifoliada", "follaje": "Perenne", "lon": -71.070938069819093, "lat": -39.951317871056929 }, "geometry": { "type": "Point", "coordinates": [ -71.070938069819093, -39.951317871056929 ] } },
{ "type": "Feature", "properties": { "nombrevulgar": "Maitén", "nombrecientifico": "Maytenus boaria", "magnitud": 2, "tipo": "Latifoliada", "follaje": "Perenne", "lon": -71.07065344647124, "lat": -39.951381991189628 }, "geometry": { "type": "Point", "coordinates": [ -71.07065344647124, -39.951381991189628 ] } },
{ "type": "Feature", "properties": { "nombrevulgar": "Maitén", "nombrecientifico": "Maytenus boaria", "magnitud": 2, "tipo": "Latifoliada", "follaje": "Perenne", "lon": -71.070175614287663, "lat": -39.950606377690441 }, "geometry": { "type": "Point", "coordinates": [ -71.070175614287663, -39.950606377690441 ] } },
{ "type": "Feature", "properties": { "nombrevulgar": "Maitén", "nombrecientifico": "Maytenus boaria", "magnitud": 2, "tipo": "Latifoliada", "follaje": "Perenne", "lon": -71.070195962775898, "lat": -39.950657251294551 }, "geometry": { "type": "Point", "coordinates": [ -71.070195962775898, -39.950657251294551 ] } },
{ "type": "Feature", "properties": { "nombrevulgar": "Maitén", "nombrecientifico": "Maytenus boaria", "magnitud": 2, "tipo": "Latifoliada", "follaje": "Perenne", "lon": -71.071063408308433, "lat": -39.950488741530457 }, "geometry": { "type": "Point", "coordinates": [ -71.071063408308433, -39.950488741530457 ] } },
{ "type": "Feature", "properties": { "nombrevulgar": "Maitén", "nombrecientifico": "Maytenus boaria", "magnitud": 2, "tipo": "Latifoliada", "follaje": "Perenne", "lon": -71.07020544737253, "lat": -39.950683814265389 }, "geometry": { "type": "Point", "coordinates": [ -71.07020544737253, -39.950683814265389 ] } },
{ "type": "Feature", "properties": { "nombrevulgar": "Maitén", "nombrecientifico": "Maytenus boaria", "magnitud": 2, "tipo": "Latifoliada", "follaje": "Perenne", "lon": -71.07025579698923, "lat": -39.950817690672103 }, "geometry": { "type": "Point", "coordinates": [ -71.07025579698923, -39.950817690672103 ] } },
{ "type": "Feature", "properties": { "nombrevulgar": "Maitén", "nombrecientifico": "Maytenus boaria", "magnitud": 2, "tipo": "Latifoliada", "follaje": "Perenne", "lon": -71.071035271008014, "lat": -39.950543319779584 }, "geometry": { "type": "Point", "coordinates": [ -71.071035271008014, -39.950543319779584 ] } },
{ "type": "Feature", "properties": { "nombrevulgar": "Maitén", "nombrecientifico": "Maytenus boaria", "magnitud": 2, "tipo": "Latifoliada", "follaje": "Perenne", "lon": -71.070995033464726, "lat": -39.950589382978151 }, "geometry": { "type": "Point", "coordinates": [ -71.070995033464726, -39.950589382978151 ] } },
{ "type": "Feature", "properties": { "nombrevulgar": "Maitén", "nombrecientifico": "Maytenus boaria", "magnitud": 2, "tipo": "Latifoliada", "follaje": "Perenne", "lon": -71.070933109980047, "lat": -39.950684720573861 }, "geometry": { "type": "Point", "coordinates": [ -71.070933109980047, -39.950684720573861 ] } },
{ "type": "Feature", "properties": { "nombrevulgar": "Maitén", "nombrecientifico": "Maytenus boaria", "magnitud": 2, "tipo": "Latifoliada", "follaje": "Perenne", "lon": -71.071301798935508, "lat": -39.950456339911838 }, "geometry": { "type": "Point", "coordinates": [ -71.071301798935508, -39.950456339911838 ] } },
{ "type": "Feature", "properties": { "nombrevulgar": "Pino contorta", "nombrecientifico": "Pinus contorta", "magnitud": 2, "tipo": "Conífera", "follaje": "Perenne", "lon": -71.071096338613117, "lat": -39.950677200803298 }, "geometry": { "type": "Point", "coordinates": [ -71.071096338613117, -39.950677200803298 ] } },
{ "type": "Feature", "properties": { "nombrevulgar": "Pino contorta", "nombrecientifico": "Pinus contorta", "magnitud": 2, "tipo": "Conífera", "follaje": "Perenne", "lon": -71.070646174582578, "lat": -39.950831320043577 }, "geometry": { "type": "Point", "coordinates": [ -71.070646174582578, -39.950831320043577 ] } },
{ "type": "Feature", "properties": { "nombrevulgar": "Pino contorta", "nombrecientifico": "Pinus contorta", "magnitud": 2, "tipo": "Conífera", "follaje": "Perenne", "lon": -71.071294445942058, "lat": -39.950833139015167 }, "geometry": { "type": "Point", "coordinates": [ -71.071294445942058, -39.950833139015167 ] } },
{ "type": "Feature", "properties": { "nombrevulgar": "Pino contorta", "nombrecientifico": "Pinus contorta", "magnitud": 2, "tipo": "Conífera", "follaje": "Perenne", "lon": -71.071330883160911, "lat": -39.951021318765861 }, "geometry": { "type": "Point", "coordinates": [ -71.071330883160911, -39.951021318765861 ] } },
{ "type": "Feature", "properties": { "nombrevulgar": "Pino contorta", "nombrecientifico": "Pinus contorta", "magnitud": 2, "tipo": "Conífera", "follaje": "Perenne", "lon": -71.071409826668216, "lat": -39.951067797290577 }, "geometry": { "type": "Point", "coordinates": [ -71.071409826668216, -39.951067797290577 ] } },
{ "type": "Feature", "properties": { "nombrevulgar": "Pino contorta", "nombrecientifico": "Pinus contorta", "magnitud": 2, "tipo": "Conífera", "follaje": "Perenne", "lon": -71.071138275345717, "lat": -39.95090505491536 }, "geometry": { "type": "Point", "coordinates": [ -71.071138275345717, -39.95090505491536 ] } },
{ "type": "Feature", "properties": { "nombrevulgar": "Pino contorta", "nombrecientifico": "Pinus contorta", "magnitud": 2, "tipo": "Conífera", "follaje": "Perenne", "lon": -71.071065397662295, "lat": -39.950985998913282 }, "geometry": { "type": "Point", "coordinates": [ -71.071065397662295, -39.950985998913282 ] } },
{ "type": "Feature", "properties": { "nombrevulgar": "Pino contorta", "nombrecientifico": "Pinus contorta", "magnitud": 2, "tipo": "Conífera", "follaje": "Perenne", "lon": -71.071235115009273, "lat": -39.951051764252576 }, "geometry": { "type": "Point", "coordinates": [ -71.071235115009273, -39.951051764252576 ] } },
{ "type": "Feature", "properties": { "nombrevulgar": "Pino contorta", "nombrecientifico": "Pinus contorta", "magnitud": 2, "tipo": "Conífera", "follaje": "Perenne", "lon": -71.071361496249551, "lat": -39.951115814007977 }, "geometry": { "type": "Point", "coordinates": [ -71.071361496249551, -39.951115814007977 ] } },
{ "type": "Feature", "properties": { "nombrevulgar": "Pino contorta", "nombrecientifico": "Pinus contorta", "magnitud": 2, "tipo": "Conífera", "follaje": "Perenne", "lon": -71.071071876434672, "lat": -39.951147579330133 }, "geometry": { "type": "Point", "coordinates": [ -71.071071876434672, -39.951147579330133 ] } },
{ "type": "Feature", "properties": { "nombrevulgar": "Pino oregon", "nombrecientifico": "Pseudotsuga menziesii", "magnitud": 1, "tipo": "Conífera", "follaje": "Perenne", "lon": -71.070735402825164, "lat": -39.951230467365363 }, "geometry": { "type": "Point", "coordinates": [ -71.070735402825164, -39.951230467365363 ] } },
{ "type": "Feature", "properties": { "nombrevulgar": "Pino oregon", "nombrecientifico": "Pseudotsuga menziesii", "magnitud": 1, "tipo": "Conífera", "follaje": "Perenne", "lon": -71.071174789376968, "lat": -39.950802711403192 }, "geometry": { "type": "Point", "coordinates": [ -71.071174789376968, -39.950802711403192 ] } },
{ "type": "Feature", "properties": { "nombrevulgar": "Pino oregon", "nombrecientifico": "Pseudotsuga menziesii", "magnitud": 1, "tipo": "Conífera", "follaje": "Perenne", "lon": -71.071146715061587, "lat": -39.950853144009677 }, "geometry": { "type": "Point", "coordinates": [ -71.071146715061587, -39.950853144009677 ] } },
{ "type": "Feature", "properties": { "nombrevulgar": "Pino oregon", "nombrecientifico": "Pseudotsuga menziesii", "magnitud": 1, "tipo": "Conífera", "follaje": "Perenne", "lon": -71.070964368431405, "lat": -39.950766146811176 }, "geometry": { "type": "Point", "coordinates": [ -71.070964368431405, -39.950766146811176 ] } },
{ "type": "Feature", "properties": { "nombrevulgar": "Pino oregon", "nombrecientifico": "Pseudotsuga menziesii", "magnitud": 1, "tipo": "Conífera", "follaje": "Perenne", "lon": -71.070679759850378, "lat": -39.950883288973394 }, "geometry": { "type": "Point", "coordinates": [ -71.070679759850378, -39.950883288973394 ] } },
{ "type": "Feature", "properties": { "nombrevulgar": "Pino ponderosa", "nombrecientifico": "Pinus ponderosa", "magnitud": 1, "tipo": "Conífera", "follaje": "Perenne", "lon": -71.070990530409247, "lat": -39.950569685545858 }, "geometry": { "type": "Point", "coordinates": [ -71.070990530409247, -39.950569685545858 ] } },
{ "type": "Feature", "properties": { "nombrevulgar": "Pino ponderosa", "nombrecientifico": "Pinus ponderosa", "magnitud": 1, "tipo": "Conífera", "follaje": "Perenne", "lon": -71.071091485021583, "lat": -39.950746181760991 }, "geometry": { "type": "Point", "coordinates": [ -71.071091485021583, -39.950746181760991 ] } },
{ "type": "Feature", "properties": { "nombrevulgar": "Pino ponderosa", "nombrecientifico": "Pinus ponderosa", "magnitud": 1, "tipo": "Conífera", "follaje": "Perenne", "lon": -71.070975350065893, "lat": -39.950947424675761 }, "geometry": { "type": "Point", "coordinates": [ -71.070975350065893, -39.950947424675761 ] } },
{ "type": "Feature", "properties": { "nombrevulgar": "Pino ponderosa", "nombrecientifico": "Pinus ponderosa", "magnitud": 1, "tipo": "Conífera", "follaje": "Perenne", "lon": -71.070827619097884, "lat": -39.950967429678421 }, "geometry": { "type": "Point", "coordinates": [ -71.070827619097884, -39.950967429678421 ] } },
{ "type": "Feature", "properties": { "nombrevulgar": "Pino ponderosa", "nombrecientifico": "Pinus ponderosa", "magnitud": 1, "tipo": "Conífera", "follaje": "Perenne", "lon": -71.070840155174849, "lat": -39.951213107025552 }, "geometry": { "type": "Point", "coordinates": [ -71.070840155174849, -39.951213107025552 ] } },
{ "type": "Feature", "properties": { "nombrevulgar": "Pino ponderosa", "nombrecientifico": "Pinus ponderosa", "magnitud": 1, "tipo": "Conífera", "follaje": "Perenne", "lon": -71.070622863768634, "lat": -39.951239156334822 }, "geometry": { "type": "Point", "coordinates": [ -71.070622863768634, -39.951239156334822 ] } },
{ "type": "Feature", "properties": { "nombrevulgar": "Pino ponderosa", "nombrecientifico": "Pinus ponderosa", "magnitud": 1, "tipo": "Conífera", "follaje": "Perenne", "lon": -71.070662446624596, "lat": -39.951185024525572 }, "geometry": { "type": "Point", "coordinates": [ -71.070662446624596, -39.951185024525572 ] } },
{ "type": "Feature", "properties": { "nombrevulgar": "Pino ponderosa", "nombrecientifico": "Pinus ponderosa", "magnitud": 1, "tipo": "Conífera", "follaje": "Perenne", "lon": -71.070619745042706, "lat": -39.951109946862637 }, "geometry": { "type": "Point", "coordinates": [ -71.070619745042706, -39.951109946862637 ] } },
{ "type": "Feature", "properties": { "nombrevulgar": "Pino ponderosa", "nombrecientifico": "Pinus ponderosa", "magnitud": 1, "tipo": "Conífera", "follaje": "Perenne", "lon": -71.070365251191348, "lat": -39.950811697546875 }, "geometry": { "type": "Point", "coordinates": [ -71.070365251191348, -39.950811697546875 ] } },
{ "type": "Feature", "properties": { "nombrevulgar": "Pino ponderosa", "nombrecientifico": "Pinus ponderosa", "magnitud": 1, "tipo": "Conífera", "follaje": "Perenne", "lon": -71.070437067534712, "lat": -39.95095001481809 }, "geometry": { "type": "Point", "coordinates": [ -71.070437067534712, -39.95095001481809 ] } },
{ "type": "Feature", "properties": { "nombrevulgar": "Pino ponderosa", "nombrecientifico": "Pinus ponderosa", "magnitud": 1, "tipo": "Conífera", "follaje": "Perenne", "lon": -71.070999812884764, "lat": -39.950477046097618 }, "geometry": { "type": "Point", "coordinates": [ -71.070999812884764, -39.950477046097618 ] } },
{ "type": "Feature", "properties": { "nombrevulgar": "Pino ponderosa", "nombrecientifico": "Pinus ponderosa", "magnitud": 1, "tipo": "Conífera", "follaje": "Perenne", "lon": -71.070502044327299, "lat": -39.950920134935807 }, "geometry": { "type": "Point", "coordinates": [ -71.070502044327299, -39.950920134935807 ] } },
{ "type": "Feature", "properties": { "nombrevulgar": "Pino ponderosa", "nombrecientifico": "Pinus ponderosa", "magnitud": 1, "tipo": "Conífera", "follaje": "Perenne", "lon": -71.070486650491205, "lat": -39.950873597117194 }, "geometry": { "type": "Point", "coordinates": [ -71.070486650491205, -39.950873597117194 ] } },
{ "type": "Feature", "properties": { "nombrevulgar": "Pino ponderosa", "nombrecientifico": "Pinus ponderosa", "magnitud": 1, "tipo": "Conífera", "follaje": "Perenne", "lon": -71.070466308753311, "lat": -39.950737065233639 }, "geometry": { "type": "Point", "coordinates": [ -71.070466308753311, -39.950737065233639 ] } },
{ "type": "Feature", "properties": { "nombrevulgar": "Pino ponderosa", "nombrecientifico": "Pinus ponderosa", "magnitud": 1, "tipo": "Conífera", "follaje": "Perenne", "lon": -71.070657321142988, "lat": -39.950669473670807 }, "geometry": { "type": "Point", "coordinates": [ -71.070657321142988, -39.950669473670807 ] } },
{ "type": "Feature", "properties": { "nombrevulgar": "Pino ponderosa", "nombrecientifico": "Pinus ponderosa", "magnitud": 1, "tipo": "Conífera", "follaje": "Perenne", "lon": -71.070592920603559, "lat": -39.950562606267397 }, "geometry": { "type": "Point", "coordinates": [ -71.070592920603559, -39.950562606267397 ] } },
{ "type": "Feature", "properties": { "nombrevulgar": "Pino ponderosa", "nombrecientifico": "Pinus ponderosa", "magnitud": 1, "tipo": "Conífera", "follaje": "Perenne", "lon": -71.070503659795378, "lat": -39.950661080723691 }, "geometry": { "type": "Point", "coordinates": [ -71.070503659795378, -39.950661080723691 ] } },
{ "type": "Feature", "properties": { "nombrevulgar": "Pino ponderosa", "nombrecientifico": "Pinus ponderosa", "magnitud": 1, "tipo": "Conífera", "follaje": "Perenne", "lon": -71.07087628241446, "lat": -39.950514081200517 }, "geometry": { "type": "Point", "coordinates": [ -71.07087628241446, -39.950514081200517 ] } },
{ "type": "Feature", "properties": { "nombrevulgar": "Pino ponderosa", "nombrecientifico": "Pinus ponderosa", "magnitud": 1, "tipo": "Conífera", "follaje": "Perenne", "lon": -71.070892609405917, "lat": -39.950674327991472 }, "geometry": { "type": "Point", "coordinates": [ -71.070892609405917, -39.950674327991472 ] } },
{ "type": "Feature", "properties": { "nombrevulgar": "Pino ponderosa", "nombrecientifico": "Pinus ponderosa", "magnitud": 1, "tipo": "Conífera", "follaje": "Perenne", "lon": -71.070760349129046, "lat": -39.950539933922279 }, "geometry": { "type": "Point", "coordinates": [ -71.070760349129046, -39.950539933922279 ] } },
{ "type": "Feature", "properties": { "nombrevulgar": "Pino ponderosa", "nombrecientifico": "Pinus ponderosa", "magnitud": 1, "tipo": "Conífera", "follaje": "Perenne", "lon": -71.071234351679777, "lat": -39.950688062544224 }, "geometry": { "type": "Point", "coordinates": [ -71.071234351679777, -39.950688062544224 ] } },
{ "type": "Feature", "properties": { "nombrevulgar": "Pino ponderosa", "nombrecientifico": "Pinus ponderosa", "magnitud": 1, "tipo": "Conífera", "follaje": "Perenne", "lon": -71.071239008543913, "lat": -39.950522074913728 }, "geometry": { "type": "Point", "coordinates": [ -71.071239008543913, -39.950522074913728 ] } },
{ "type": "Feature", "properties": { "nombrevulgar": "Pino ponderosa", "nombrecientifico": "Pinus ponderosa", "magnitud": 1, "tipo": "Conífera", "follaje": "Perenne", "lon": -71.071281593466551, "lat": -39.950773173860433 }, "geometry": { "type": "Point", "coordinates": [ -71.071281593466551, -39.950773173860433 ] } },
{ "type": "Feature", "properties": { "nombrevulgar": "Pino ponderosa", "nombrecientifico": "Pinus ponderosa", "magnitud": 1, "tipo": "Conífera", "follaje": "Perenne", "lon": -71.071320055494425, "lat": -39.950900746351401 }, "geometry": { "type": "Point", "coordinates": [ -71.071320055494425, -39.950900746351401 ] } },
{ "type": "Feature", "properties": { "nombrevulgar": "Pino blanco del este", "nombrecientifico": "Pinus strobus", "magnitud": 1, "tipo": "Conífera", "follaje": "Perenne", "lon": -71.070386095636849, "lat": -39.950601919408108 }, "geometry": { "type": "Point", "coordinates": [ -71.070386095636849, -39.950601919408108 ] } },
{ "type": "Feature", "properties": { "nombrevulgar": "Roble europeo", "nombrecientifico": "Quercus robur", "magnitud": 1, "tipo": "Latifoliada", "follaje": "Caduco", "lon": -71.070970272029641, "lat": -39.95081620289929 }, "geometry": { "type": "Point", "coordinates": [ -71.070970272029641, -39.95081620289929 ] } },
{ "type": "Feature", "properties": { "nombrevulgar": "Roble europeo", "nombrecientifico": "Quercus robur", "magnitud": 1, "tipo": "Latifoliada", "follaje": "Caduco", "lon": -71.070991946980342, "lat": -39.951172425022193 }, "geometry": { "type": "Point", "coordinates": [ -71.070991946980342, -39.951172425022193 ] } },
{ "type": "Feature", "properties": { "nombrevulgar": "Roble europeo", "nombrecientifico": "Quercus robur", "magnitud": 1, "tipo": "Latifoliada", "follaje": "Caduco", "lon": -71.070211644407166, "lat": -39.950553383077072 }, "geometry": { "type": "Point", "coordinates": [ -71.070211644407166, -39.950553383077072 ] } },
{ "type": "Feature", "properties": { "nombrevulgar": "Roble pellín", "nombrecientifico": "Nothofagus obliqua", "magnitud": 1, "tipo": "Latifoliada", "follaje": "Caduco", "lon": -71.070751026174634, "lat": -39.950917192427006 }, "geometry": { "type": "Point", "coordinates": [ -71.070751026174634, -39.950917192427006 ] } },
{ "type": "Feature", "properties": { "nombrevulgar": "Serbal del cazador", "nombrecientifico": "Sorbus aucuparia", "magnitud": 3, "tipo": "Latifoliada", "follaje": "Caduco", "lon": -71.070962973816549, "lat": -39.951070943909215 }, "geometry": { "type": "Point", "coordinates": [ -71.070962973816549, -39.951070943909215 ] } },
{ "type": "Feature", "properties": { "nombrevulgar": "Tilo", "nombrecientifico": "Tilia cordata", "magnitud": 1, "tipo": "Latifoliada", "follaje": "Caduco", "lon": -71.070273252661863, "lat": -39.950868615939562 }, "geometry": { "type": "Point", "coordinates": [ -71.070273252661863, -39.950868615939562 ] } },
{ "type": "Feature", "properties": { "nombrevulgar": "Pehuen", "nombrecientifico": "Araucaria araucana", "magnitud": 1, "tipo": "Conífera", "follaje": "Perenne", "lon": -71.07027058015349, "lat": -39.950540077858797 }, "geometry": { "type": "Point", "coordinates": [ -71.07027058015349, -39.950540077858797 ] } },
{ "type": "Feature", "properties": { "nombrevulgar": "Pehuen", "nombrecientifico": "Araucaria araucana", "magnitud": 1, "tipo": "Conífera", "follaje": "Perenne", "lon": -71.070639320100952, "lat": -39.950464596463945 }, "geometry": { "type": "Point", "coordinates": [ -71.070639320100952, -39.950464596463945 ] } },
{ "type": "Feature", "properties": { "nombrevulgar": "Pehuen", "nombrecientifico": "Araucaria araucana", "magnitud": 1, "tipo": "Conífera", "follaje": "Perenne", "lon": -71.070558294849064, "lat": -39.950482586550748 }, "geometry": { "type": "Point", "coordinates": [ -71.070558294849064, -39.950482586550748 ] } },
{ "type": "Feature", "properties": { "nombrevulgar": "Pehuen", "nombrecientifico": "Araucaria araucana", "magnitud": 1, "tipo": "Conífera", "follaje": "Perenne", "lon": -71.070447588718551, "lat": -39.950506841529453 }, "geometry": { "type": "Point", "coordinates": [ -71.070447588718551, -39.950506841529453 ] } },
{ "type": "Feature", "properties": { "nombrevulgar": "Maitén", "nombrecientifico": "Maytenus boaria", "magnitud": 2, "tipo": "Latifoliada", "follaje": "Perenne", "lon": -71.070600007225053, "lat": -39.950474044301451 }, "geometry": { "type": "Point", "coordinates": [ -71.070600007225053, -39.950474044301451 ] } },
{ "type": "Feature", "properties": { "nombrevulgar": "Maitén", "nombrecientifico": "Maytenus boaria", "magnitud": 2, "tipo": "Latifoliada", "follaje": "Perenne", "lon": -71.070492160473435, "lat": -39.950497134381699 }, "geometry": { "type": "Point", "coordinates": [ -71.070492160473435, -39.950497134381699 ] } },
{ "type": "Feature", "properties": { "nombrevulgar": "Maitén", "nombrecientifico": "Maytenus boaria", "magnitud": 2, "tipo": "Latifoliada", "follaje": "Perenne", "lon": -71.070411561425487, "lat": -39.950511940603178 }, "geometry": { "type": "Point", "coordinates": [ -71.070411561425487, -39.950511940603178 ] } },
{ "type": "Feature", "properties": { "nombrevulgar": "Maitén", "nombrecientifico": "Maytenus boaria", "magnitud": 2, "tipo": "Latifoliada", "follaje": "Perenne", "lon": -71.070358344438063, "lat": -39.95052291602321 }, "geometry": { "type": "Point", "coordinates": [ -71.070358344438063, -39.95052291602321 ] } },
{ "type": "Feature", "properties": { "nombrevulgar": "Maitén", "nombrecientifico": "Maytenus boaria", "magnitud": 2, "tipo": "Latifoliada", "follaje": "Perenne", "lon": -71.07032383074629, "lat": -39.950530215728833 }, "geometry": { "type": "Point", "coordinates": [ -71.07032383074629, -39.950530215728833 ] } },
{ "type": "Feature", "properties": { "nombrevulgar": "Maitén", "nombrecientifico": "Maytenus boaria", "magnitud": 2, "tipo": "Latifoliada", "follaje": "Perenne", "lon": -71.070293186378876, "lat": -39.950521852394566 }, "geometry": { "type": "Point", "coordinates": [ -71.070293186378876, -39.950521852394566 ] } },
{ "type": "Feature", "properties": { "nombrevulgar": "Sáuco", "nombrecientifico": "Sambucus nigra", "magnitud": 3, "tipo": "Latifoliada", "follaje": "Caduco", "lon": -71.070503348095656, "lat": -39.951395811593208 }, "geometry": { "type": "Point", "coordinates": [ -71.070503348095656, -39.951395811593208 ] } },
{ "type": "Feature", "properties": { "nombrevulgar": "Maitén", "nombrecientifico": "Maytenus boaria", "magnitud": 2, "tipo": "Latifoliada", "follaje": "Perenne", "lon": -71.070401427922917, "lat": -39.951279564440604 }, "geometry": { "type": "Point", "coordinates": [ -71.070401427922917, -39.951279564440604 ] } },
{ "type": "Feature", "properties": { "nombrevulgar": "Maitén", "nombrecientifico": "Maytenus boaria", "magnitud": 2, "tipo": "Latifoliada", "follaje": "Perenne", "lon": -71.070380911188707, "lat": -39.951223124635057 }, "geometry": { "type": "Point", "coordinates": [ -71.070380911188707, -39.951223124635057 ] } },
{ "type": "Feature", "properties": { "nombrevulgar": "Cornejo chino", "nombrecientifico": "Cornus walteri", "magnitud": 3, "tipo": "Latifoliada", "follaje": "Caduco", "lon": -71.070841361961101, "lat": -39.951301079617572 }, "geometry": { "type": "Point", "coordinates": [ -71.070841361961101, -39.951301079617572 ] } },
{ "type": "Feature", "properties": { "nombrevulgar": "Cornejo chino", "nombrecientifico": "Cornus walteri", "magnitud": 3, "tipo": "Latifoliada", "follaje": "Caduco", "lon": -71.070736440558775, "lat": -39.951325231506246 }, "geometry": { "type": "Point", "coordinates": [ -71.070736440558775, -39.951325231506246 ] } },
{ "type": "Feature", "properties": { "nombrevulgar": "Cornejo chino", "nombrecientifico": "Cornus walteri", "magnitud": 3, "tipo": "Latifoliada", "follaje": "Caduco", "lon": -71.07064450383173, "lat": -39.951348037438166 }, "geometry": { "type": "Point", "coordinates": [ -71.07064450383173, -39.951348037438166 ] } },
{ "type": "Feature", "properties": { "nombrevulgar": "Maitén", "nombrecientifico": "Maytenus boaria", "magnitud": 2, "tipo": "Latifoliada", "follaje": "Perenne", "lon": -71.07033134889852, "lat": -39.951004735308778 }, "geometry": { "type": "Point", "coordinates": [ -71.07033134889852, -39.951004735308778 ] } },
{ "type": "Feature", "properties": { "nombrevulgar": "Pino ponderosa", "nombrecientifico": "Pinus ponderosa", "magnitud": 1, "tipo": "Conífera", "follaje": "Perenne", "lon": -71.070602435591724, "lat": -39.950777595824377 }, "geometry": { "type": "Point", "coordinates": [ -71.070602435591724, -39.950777595824377 ] } },
{ "type": "Feature", "properties": { "nombrevulgar": "Pino ponderosa", "nombrecientifico": "Pinus ponderosa", "magnitud": 1, "tipo": "Conífera", "follaje": "Perenne", "lon": -71.070415663015567, "lat": -39.951020525468174 }, "geometry": { "type": "Point", "coordinates": [ -71.070415663015567, -39.951020525468174 ] } },
{ "type": "Feature", "properties": { "nombrevulgar": "Cornejo chino", "nombrecientifico": "Cornus walteri", "magnitud": 3, "tipo": "Latifoliada", "follaje": "Caduco", "lon": -71.070885946709808, "lat": -39.950737295678493 }, "geometry": { "type": "Point", "coordinates": [ -71.070885946709808, -39.950737295678493 ] } },
{ "type": "Feature", "properties": { "nombrevulgar": "Espino albar", "nombrecientifico": "Crataegus monogyna", "magnitud": 3, "tipo": "Latifoliada", "follaje": "Caduco", "lon": -71.071009534941453, "lat": -39.950677903839114 }, "geometry": { "type": "Point", "coordinates": [ -71.071009534941453, -39.950677903839114 ] } },
{ "type": "Feature", "properties": { "nombrevulgar": "Serbal del cazador", "nombrecientifico": "Sorbus aucuparia", "magnitud": 3, "tipo": "Latifoliada", "follaje": "Caduco", "lon": -71.070843982050036, "lat": -39.95073187720326 }, "geometry": { "type": "Point", "coordinates": [ -71.070843982050036, -39.95073187720326 ] } },
{ "type": "Feature", "properties": { "nombrevulgar": "Cornejo chino", "nombrecientifico": "Cornus walteri", "magnitud": 3, "tipo": "Latifoliada", "follaje": "Caduco", "lon": -71.070980327444559, "lat": -39.950623837942906 }, "geometry": { "type": "Point", "coordinates": [ -71.070980327444559, -39.950623837942906 ] } },
{ "type": "Feature", "properties": { "nombrevulgar": "Espino albar", "nombrecientifico": "Crataegus monogyna", "magnitud": 3, "tipo": "Latifoliada", "follaje": "Caduco", "lon": -71.071402592108541, "lat": -39.951145286720937 }, "geometry": { "type": "Point", "coordinates": [ -71.071402592108541, -39.951145286720937 ] } },
{ "type": "Feature", "properties": { "nombrevulgar": "Maitén", "nombrecientifico": "Maytenus boaria", "magnitud": 2, "tipo": "Latifoliada", "follaje": "Perenne", "lon": -71.070140982180902, "lat": -39.950570929438598 }, "geometry": { "type": "Point", "coordinates": [ -71.070140982180902, -39.950570929438598 ] } },
{ "type": "Feature", "properties": { "nombrevulgar": "Maitén", "nombrecientifico": "Maytenus boaria", "magnitud": 2, "tipo": "Latifoliada", "follaje": "Perenne", "lon": -71.070156425908948, "lat": -39.950611175527925 }, "geometry": { "type": "Point", "coordinates": [ -71.070156425908948, -39.950611175527925 ] } },
{ "type": "Feature", "properties": { "nombrevulgar": "Maitén", "nombrecientifico": "Maytenus boaria", "magnitud": 2, "tipo": "Latifoliada", "follaje": "Perenne", "lon": -71.07017669755264, "lat": -39.950669953572437 }, "geometry": { "type": "Point", "coordinates": [ -71.07017669755264, -39.950669953572437 ] } },
{ "type": "Feature", "properties": { "nombrevulgar": "Maitén", "nombrecientifico": "Maytenus boaria", "magnitud": 2, "tipo": "Latifoliada", "follaje": "Perenne", "lon": -71.070201533045591, "lat": -39.950738506778706 }, "geometry": { "type": "Point", "coordinates": [ -71.070201533045591, -39.950738506778706 ] } },
{ "type": "Feature", "properties": { "nombrevulgar": "Maitén", "nombrecientifico": "Maytenus boaria", "magnitud": 2, "tipo": "Latifoliada", "follaje": "Perenne", "lon": -71.07022610448999, "lat": -39.950798303188215 }, "geometry": { "type": "Point", "coordinates": [ -71.07022610448999, -39.950798303188215 ] } },
{ "type": "Feature", "properties": { "nombrevulgar": "Raulí", "nombrecientifico": "Nothofagus alpina", "magnitud": 1, "tipo": "Latifoliada", "follaje": "Caduco", "lon": -71.071254132260052, "lat": -39.950394427101962 }, "geometry": { "type": "Point", "coordinates": [ -71.071254132260052, -39.950394427101962 ] } },
{ "type": "Feature", "properties": { "nombrevulgar": "Raulí", "nombrecientifico": "Nothofagus alpina", "magnitud": 1, "tipo": "Latifoliada", "follaje": "Caduco", "lon": -71.071239775871732, "lat": -39.950437396044364 }, "geometry": { "type": "Point", "coordinates": [ -71.071239775871732, -39.950437396044364 ] } },
{ "type": "Feature", "properties": { "nombrevulgar": "Coihue", "nombrecientifico": "Nothofagus dombeyi", "magnitud": 1, "tipo": "Latifoliada", "follaje": "Perenne", "lon": -71.071214004563871, "lat": -39.950573660014634 }, "geometry": { "type": "Point", "coordinates": [ -71.071214004563871, -39.950573660014634 ] } },
{ "type": "Feature", "properties": { "nombrevulgar": "Enebro", "nombrecientifico": "Juniperus communis", "magnitud": 3, "tipo": "Conífera", "follaje": "Perenne", "lon": -71.0710642509557, "lat": -39.950448012996915 }, "geometry": { "type": "Point", "coordinates": [ -71.0710642509557, -39.950448012996915 ] } },
{ "type": "Feature", "properties": { "nombrevulgar": "Enebro", "nombrecientifico": "Juniperus communis", "magnitud": 3, "tipo": "Conífera", "follaje": "Perenne", "lon": -71.071022034808408, "lat": -39.95070565357306 }, "geometry": { "type": "Point", "coordinates": [ -71.071022034808408, -39.95070565357306 ] } },
{ "type": "Feature", "properties": { "nombrevulgar": "Enebro", "nombrecientifico": "Juniperus communis", "magnitud": 3, "tipo": "Conífera", "follaje": "Perenne", "lon": -71.071038379055892, "lat": -39.950867814341478 }, "geometry": { "type": "Point", "coordinates": [ -71.071038379055892, -39.950867814341478 ] } },
{ "type": "Feature", "properties": { "nombrevulgar": "Maitén", "nombrecientifico": "Maytenus boaria", "magnitud": 2, "tipo": "Latifoliada", "follaje": "Perenne", "lon": -71.069377233573135, "lat": -39.952901693376738 }, "geometry": { "type": "Point", "coordinates": [ -71.069377233573135, -39.952901693376738 ] } },
{ "type": "Feature", "properties": { "nombrevulgar": "Ciprés de Monterrey", "nombrecientifico": "Cupressus macrocarpa", "magnitud": 2, "tipo": "Conífera", "follaje": "Perenne", "lon": -71.069272732573381, "lat": -39.952862367816437 }, "geometry": { "type": "Point", "coordinates": [ -71.069272732573381, -39.952862367816437 ] } },
{ "type": "Feature", "properties": { "nombrevulgar": "Pehuen", "nombrecientifico": "Araucaria araucana", "magnitud": 1, "tipo": "Conífera", "follaje": "Perenne", "lon": -71.06936583346409, "lat": -39.952990539929772 }, "geometry": { "type": "Point", "coordinates": [ -71.06936583346409, -39.952990539929772 ] } },
{ "type": "Feature", "properties": { "nombrevulgar": "Pehuen", "nombrecientifico": "Araucaria araucana", "magnitud": 1, "tipo": "Conífera", "follaje": "Perenne", "lon": -71.069232832191645, "lat": -39.953028408917305 }, "geometry": { "type": "Point", "coordinates": [ -71.069232832191645, -39.953028408917305 ] } },
{ "type": "Feature", "properties": { "nombrevulgar": "Serbal del cazador", "nombrecientifico": "Sorbus aucuparia", "magnitud": 3, "tipo": "Latifoliada", "follaje": "Caduco", "lon": -71.069225232118924, "lat": -39.952993452929569 }, "geometry": { "type": "Point", "coordinates": [ -71.069225232118924, -39.952993452929569 ] } },
{ "type": "Feature", "properties": { "nombrevulgar": "Espino albar", "nombrecientifico": "Crataegus monogyna", "magnitud": 3, "tipo": "Latifoliada", "follaje": "Caduco", "lon": -71.069103630955553, "lat": -39.953025495918993 }, "geometry": { "type": "Point", "coordinates": [ -71.069103630955553, -39.953025495918993 ] } },
{ "type": "Feature", "properties": { "nombrevulgar": "Ciruelo", "nombrecientifico": "Prunus domestica", "magnitud": 3, "tipo": "Latifoliada", "follaje": "Caduco", "lon": -71.069023830192108, "lat": -39.953045886904469 }, "geometry": { "type": "Point", "coordinates": [ -71.069023830192108, -39.953045886904469 ] } },
{ "type": "Feature", "properties": { "nombrevulgar": "Serbal del cazador", "nombrecientifico": "Sorbus aucuparia", "magnitud": 3, "tipo": "Latifoliada", "follaje": "Caduco", "lon": -71.068945929446826, "lat": -39.953060451890359 }, "geometry": { "type": "Point", "coordinates": [ -71.068945929446826, -39.953060451890359 ] } },
{ "type": "Feature", "properties": { "nombrevulgar": "Ciruelo de flor", "nombrecientifico": "Prunus cerasifera var. pisardii", "magnitud": 3, "tipo": "Latifoliada", "follaje": "Caduco", "lon": -71.068869928719721, "lat": -39.953083755861336 }, "geometry": { "type": "Point", "coordinates": [ -71.068869928719721, -39.953083755861336 ] } },
{ "type": "Feature", "properties": { "nombrevulgar": "Picea común", "nombrecientifico": "Picea abies", "magnitud": 2, "tipo": "Conífera", "follaje": "Perenne", "lon": -71.068854728574308, "lat": -39.952959953424561 }, "geometry": { "type": "Point", "coordinates": [ -71.068854728574308, -39.952959953424561 ] } },
{ "type": "Feature", "properties": { "nombrevulgar": "Picea común", "nombrecientifico": "Picea abies", "magnitud": 2, "tipo": "Conífera", "follaje": "Perenne", "lon": -71.06889876733328, "lat": -39.952919161903559 }, "geometry": { "type": "Point", "coordinates": [ -71.06889876733328, -39.952919161903559 ] } },
{ "type": "Feature", "properties": { "nombrevulgar": "Fresno blanco", "nombrecientifico": "Fraxinus americana", "magnitud": 1, "tipo": "Latifoliada", "follaje": "Caduco", "lon": -71.069128306702439, "lat": -39.952951469000936 }, "geometry": { "type": "Point", "coordinates": [ -71.069128306702439, -39.952951469000936 ] } },
{ "type": "Feature", "properties": { "nombrevulgar": "Fresno blanco", "nombrecientifico": "Fraxinus americana", "magnitud": 1, "tipo": "Latifoliada", "follaje": "Caduco", "lon": -71.06925306804817, "lat": -39.952927351447862 }, "geometry": { "type": "Point", "coordinates": [ -71.06925306804817, -39.952927351447862 ] } },
{ "type": "Feature", "properties": { "nombrevulgar": "Membrillero", "nombrecientifico": "Cydonia oblonga", "magnitud": 3, "tipo": "Latifoliada", "follaje": "Caduco", "lon": -71.068821285303841, "lat": -39.952823396380381 }, "geometry": { "type": "Point", "coordinates": [ -71.068821285303841, -39.952823396380381 ] } },
{ "type": "Feature", "properties": { "nombrevulgar": "Fresno blanco", "nombrecientifico": "Fraxinus americana", "magnitud": 1, "tipo": "Latifoliada", "follaje": "Caduco", "lon": -71.068668317045194, "lat": -39.952563092198282 }, "geometry": { "type": "Point", "coordinates": [ -71.068668317045194, -39.952563092198282 ] } },
{ "type": "Feature", "properties": { "nombrevulgar": "Fresno blanco", "nombrecientifico": "Fraxinus americana", "magnitud": 1, "tipo": "Latifoliada", "follaje": "Caduco", "lon": -71.068705203008278, "lat": -39.952553944109972 }, "geometry": { "type": "Point", "coordinates": [ -71.068705203008278, -39.952553944109972 ] } },
{ "type": "Feature", "properties": { "nombrevulgar": "Acebo", "nombrecientifico": "Ilex aquifolium", "magnitud": 3, "tipo": "Latifoliada", "follaje": "Perenne", "lon": -71.068673554483567, "lat": -39.952642566569153 }, "geometry": { "type": "Point", "coordinates": [ -71.068673554483567, -39.952642566569153 ] } },
{ "type": "Feature", "properties": { "nombrevulgar": "Arce real", "nombrecientifico": "Acer platanoides", "magnitud": 1, "tipo": "Latifoliada", "follaje": "Caduco", "lon": -71.068732934348702, "lat": -39.952305925274601 }, "geometry": { "type": "Point", "coordinates": [ -71.068732934348702, -39.952305925274601 ] } },
{ "type": "Feature", "properties": { "nombrevulgar": "Abedul", "nombrecientifico": "Betula pendula", "magnitud": 2, "tipo": "Latifoliada", "follaje": "Caduco", "lon": -71.068619859396932, "lat": -39.9522674004143 }, "geometry": { "type": "Point", "coordinates": [ -71.068619859396932, -39.9522674004143 ] } },
{ "type": "Feature", "properties": { "nombrevulgar": "Abedul", "nombrecientifico": "Betula pendula", "magnitud": 2, "tipo": "Latifoliada", "follaje": "Caduco", "lon": -71.068576783224827, "lat": -39.952180719399273 }, "geometry": { "type": "Point", "coordinates": [ -71.068576783224827, -39.952180719399273 ] } },
{ "type": "Feature", "properties": { "nombrevulgar": "Arce real", "nombrecientifico": "Acer platanoides", "magnitud": 1, "tipo": "Latifoliada", "follaje": "Caduco", "lon": -71.068659345888022, "lat": -39.9521958541876 }, "geometry": { "type": "Point", "coordinates": [ -71.068659345888022, -39.9521958541876 ] } },
{ "type": "Feature", "properties": { "nombrevulgar": "Arce real", "nombrecientifico": "Acer platanoides", "magnitud": 1, "tipo": "Latifoliada", "follaje": "Caduco", "lon": -71.068546270936253, "lat": -39.952125683777162 }, "geometry": { "type": "Point", "coordinates": [ -71.068546270936253, -39.952125683777162 ] } },
{ "type": "Feature", "properties": { "nombrevulgar": "Arce real", "nombrecientifico": "Acer platanoides", "magnitud": 1, "tipo": "Latifoliada", "follaje": "Caduco", "lon": -71.068481656678102, "lat": -39.952092662382633 }, "geometry": { "type": "Point", "coordinates": [ -71.068481656678102, -39.952092662382633 ] } },
{ "type": "Feature", "properties": { "nombrevulgar": "Arce real", "nombrecientifico": "Acer platanoides", "magnitud": 1, "tipo": "Latifoliada", "follaje": "Caduco", "lon": -71.068574988384327, "lat": -39.95202249186633 }, "geometry": { "type": "Point", "coordinates": [ -71.068574988384327, -39.95202249186633 ] } },
{ "type": "Feature", "properties": { "nombrevulgar": "Pino oregon", "nombrecientifico": "Pseudotsuga menziesii", "magnitud": 1, "tipo": "Conífera", "follaje": "Perenne", "lon": -71.068474477316087, "lat": -39.952010108826592 }, "geometry": { "type": "Point", "coordinates": [ -71.068474477316087, -39.952010108826592 ] } },
{ "type": "Feature", "properties": { "nombrevulgar": "Tilo", "nombrecientifico": "Tilia cordata", "magnitud": 1, "tipo": "Latifoliada", "follaje": "Caduco", "lon": -71.068292493309244, "lat": -39.952204322460531 }, "geometry": { "type": "Point", "coordinates": [ -71.068292493309244, -39.952204322460531 ] } },
{ "type": "Feature", "properties": { "nombrevulgar": "Abedul", "nombrecientifico": "Betula pendula", "magnitud": 2, "tipo": "Latifoliada", "follaje": "Caduco", "lon": -71.068310334878547, "lat": -39.952256295029613 }, "geometry": { "type": "Point", "coordinates": [ -71.068310334878547, -39.952256295029613 ] } },
{ "type": "Feature", "properties": { "nombrevulgar": "Maitén", "nombrecientifico": "Maytenus boaria", "magnitud": 2, "tipo": "Latifoliada", "follaje": "Perenne", "lon": -71.068256810170638, "lat": -39.952138672843155 }, "geometry": { "type": "Point", "coordinates": [ -71.068256810170638, -39.952138672843155 ] } },
{ "type": "Feature", "properties": { "nombrevulgar": "Cedro blanco", "nombrecientifico": "Chamaecyparis lawsoniana", "magnitud": 1, "tipo": "Conífera", "follaje": "Perenne", "lon": -71.068253241856794, "lat": -39.952086700184708 }, "geometry": { "type": "Point", "coordinates": [ -71.068253241856794, -39.952086700184708 ] } },
{ "type": "Feature", "properties": { "nombrevulgar": "Abedul", "nombrecientifico": "Betula pendula", "magnitud": 2, "tipo": "Latifoliada", "follaje": "Caduco", "lon": -71.068217558718203, "lat": -39.952220734855032 }, "geometry": { "type": "Point", "coordinates": [ -71.068217558718203, -39.952220734855032 ] } },
{ "type": "Feature", "properties": { "nombrevulgar": "Maitén", "nombrecientifico": "Maytenus boaria", "magnitud": 2, "tipo": "Latifoliada", "follaje": "Perenne", "lon": -71.068221127032047, "lat": -39.952302796768478 }, "geometry": { "type": "Point", "coordinates": [ -71.068221127032047, -39.952302796768478 ] } },
{ "type": "Feature", "properties": { "nombrevulgar": "Cedro del Líbano", "nombrecientifico": "Cedrus libani", "magnitud": 1, "tipo": "Conífera", "follaje": "Perenne", "lon": -71.068267515112225, "lat": -39.95239853554304 }, "geometry": { "type": "Point", "coordinates": [ -71.068267515112225, -39.95239853554304 ] } },
{ "type": "Feature", "properties": { "nombrevulgar": "Ciprés del Mediterráneo", "nombrecientifico": "Cupressus sempervirens", "magnitud": 2, "tipo": "Conífera", "follaje": "Perenne", "lon": -71.068167602324152, "lat": -39.952420418672695 }, "geometry": { "type": "Point", "coordinates": [ -71.068167602324152, -39.952420418672695 ] } },
{ "type": "Feature", "properties": { "nombrevulgar": "Cedro blanco", "nombrecientifico": "Chamaecyparis lawsoniana", "magnitud": 1, "tipo": "Conífera", "follaje": "Perenne", "lon": -71.068153329068721, "lat": -39.952155085253416 }, "geometry": { "type": "Point", "coordinates": [ -71.068153329068721, -39.952155085253416 ] } },
{ "type": "Feature", "properties": { "nombrevulgar": "Cedro blanco", "nombrecientifico": "Chamaecyparis lawsoniana", "magnitud": 1, "tipo": "Conífera", "follaje": "Perenne", "lon": -71.068046279652904, "lat": -39.952171497659727 }, "geometry": { "type": "Point", "coordinates": [ -71.068046279652904, -39.952171497659727 ] } },
{ "type": "Feature", "properties": { "nombrevulgar": "Maitén", "nombrecientifico": "Maytenus boaria", "magnitud": 2, "tipo": "Latifoliada", "follaje": "Perenne", "lon": -71.068092667733083, "lat": -39.952201587061069 }, "geometry": { "type": "Point", "coordinates": [ -71.068092667733083, -39.952201587061069 ] } },
{ "type": "Feature", "properties": { "nombrevulgar": "Maitén", "nombrecientifico": "Maytenus boaria", "magnitud": 2, "tipo": "Latifoliada", "follaje": "Perenne", "lon": -71.068021301455886, "lat": -39.952248088837123 }, "geometry": { "type": "Point", "coordinates": [ -71.068021301455886, -39.952248088837123 ] } },
{ "type": "Feature", "properties": { "nombrevulgar": "Cedro blanco", "nombrecientifico": "Chamaecyparis lawsoniana", "magnitud": 1, "tipo": "Conífera", "follaje": "Perenne", "lon": -71.068288924995386, "lat": -39.952040198298931 }, "geometry": { "type": "Point", "coordinates": [ -71.068288924995386, -39.952040198298931 ] } },
{ "type": "Feature", "properties": { "nombrevulgar": "Cedro blanco", "nombrecientifico": "Chamaecyparis lawsoniana", "magnitud": 1, "tipo": "Conífera", "follaje": "Perenne", "lon": -71.068378132841872, "lat": -39.95202378586113 }, "geometry": { "type": "Point", "coordinates": [ -71.068378132841872, -39.95202378586113 ] } },
{ "type": "Feature", "properties": { "nombrevulgar": "Ciruelo", "nombrecientifico": "Prunus domestica", "magnitud": 3, "tipo": "Latifoliada", "follaje": "Caduco", "lon": -71.068624346498197, "lat": -39.951963606888761 }, "geometry": { "type": "Point", "coordinates": [ -71.068624346498197, -39.951963606888761 ] } },
{ "type": "Feature", "properties": { "nombrevulgar": "Ciruelo de flor", "nombrecientifico": "Prunus cerasifera var. pisardii", "magnitud": 3, "tipo": "Latifoliada", "follaje": "Caduco", "lon": -71.068749237483289, "lat": -39.951944459022812 }, "geometry": { "type": "Point", "coordinates": [ -71.068749237483289, -39.951944459022812 ] } },
{ "type": "Feature", "properties": { "nombrevulgar": "Ciruelo", "nombrecientifico": "Prunus domestica", "magnitud": 3, "tipo": "Latifoliada", "follaje": "Caduco", "lon": -71.068899106665398, "lat": -39.951922575740873 }, "geometry": { "type": "Point", "coordinates": [ -71.068899106665398, -39.951922575740873 ] } },
{ "type": "Feature", "properties": { "nombrevulgar": "Picea del colorado", "nombrecientifico": "Picea pungens", "magnitud": 2, "tipo": "Conífera", "follaje": "Perenne", "lon": -71.06895619968715, "lat": -39.952174233060383 }, "geometry": { "type": "Point", "coordinates": [ -71.06895619968715, -39.952174233060383 ] } },
{ "type": "Feature", "properties": { "nombrevulgar": "Maitén", "nombrecientifico": "Maytenus boaria", "magnitud": 2, "tipo": "Latifoliada", "follaje": "Perenne", "lon": -71.069009724395031, "lat": -39.952261765824055 }, "geometry": { "type": "Point", "coordinates": [ -71.069009724395031, -39.952261765824055 ] } },
{ "type": "Feature", "properties": { "nombrevulgar": "Cedro de incienso", "nombrecientifico": "Calocedrus decurrens", "magnitud": 2, "tipo": "Conífera", "follaje": "Perenne", "lon": -71.068888401723797, "lat": -39.952226205652323 }, "geometry": { "type": "Point", "coordinates": [ -71.068888401723797, -39.952226205652323 ] } },
{ "type": "Feature", "properties": { "nombrevulgar": "Cedro de incienso", "nombrecientifico": "Calocedrus decurrens", "magnitud": 2, "tipo": "Conífera", "follaje": "Perenne", "lon": -71.068899106665384, "lat": -39.952275442808272 }, "geometry": { "type": "Point", "coordinates": [ -71.068899106665384, -39.952275442808272 ] } },
{ "type": "Feature", "properties": { "nombrevulgar": "Tuya oriental", "nombrecientifico": "Platycladus orientalis", "magnitud": 2, "tipo": "Conífera", "follaje": "Perenne", "lon": -71.068838445329789, "lat": -39.952259030426895 }, "geometry": { "type": "Point", "coordinates": [ -71.068838445329789, -39.952259030426895 ] } },
{ "type": "Feature", "properties": { "nombrevulgar": "Alerce Europeo", "nombrecientifico": "Larix decidua", "magnitud": 1, "tipo": "Conífera", "follaje": "Caduco", "lon": -71.068409893879831, "lat": -39.952458146786284 }, "geometry": { "type": "Point", "coordinates": [ -71.068409893879831, -39.952458146786284 ] } },
{ "type": "Feature", "properties": { "nombrevulgar": "Maitén", "nombrecientifico": "Maytenus boaria", "magnitud": 2, "tipo": "Latifoliada", "follaje": "Perenne", "lon": -71.06840778374594, "lat": -39.95238112343894 }, "geometry": { "type": "Point", "coordinates": [ -71.06840778374594, -39.95238112343894 ] } },
{ "type": "Feature", "properties": { "nombrevulgar": "Olmo siberiano", "nombrecientifico": "Ulmus pumila", "magnitud": 2, "tipo": "Latifoliada", "follaje": "Caduco", "lon": -71.068433131086962, "lat": -39.952483483007057 }, "geometry": { "type": "Point", "coordinates": [ -71.068433131086962, -39.952483483007057 ] } },
{ "type": "Feature", "properties": { "nombrevulgar": "Cedro de incienso", "nombrecientifico": "Calocedrus decurrens", "magnitud": 2, "tipo": "Conífera", "follaje": "Perenne", "lon": -71.068824172074329, "lat": -39.952160556055965 }, "geometry": { "type": "Point", "coordinates": [ -71.068824172074329, -39.952160556055965 ] } },
{ "type": "Feature", "properties": { "nombrevulgar": "Pañil", "nombrecientifico": "Budleja globosa", "magnitud": 3, "tipo": "Latifoliada", "follaje": "Perenne", "lon": -71.06874923748326, "lat": -39.952152349851985 }, "geometry": { "type": "Point", "coordinates": [ -71.06874923748326, -39.952152349851985 ] } },
{ "type": "Feature", "properties": { "nombrevulgar": "Picea del colorado", "nombrecientifico": "Picea pungens", "magnitud": 2, "tipo": "Conífera", "follaje": "Perenne", "lon": -71.068706417716939, "lat": -39.952083964780556 }, "geometry": { "type": "Point", "coordinates": [ -71.068706417716939, -39.952083964780556 ] } },
{ "type": "Feature", "properties": { "nombrevulgar": "Fresno blanco", "nombrecientifico": "Fraxinus americana", "magnitud": 1, "tipo": "Latifoliada", "follaje": "Caduco", "lon": -71.069148888635567, "lat": -39.952341092294375 }, "geometry": { "type": "Point", "coordinates": [ -71.069148888635567, -39.952341092294375 ] } },
{ "type": "Feature", "properties": { "nombrevulgar": "Maitén", "nombrecientifico": "Maytenus boaria", "magnitud": 2, "tipo": "Latifoliada", "follaje": "Perenne", "lon": -71.069031134278148, "lat": -39.952349298475717 }, "geometry": { "type": "Point", "coordinates": [ -71.069031134278148, -39.952349298475717 ] } },
{ "type": "Feature", "properties": { "nombrevulgar": "Pino oregon", "nombrecientifico": "Pseudotsuga menziesii", "magnitud": 1, "tipo": "Conífera", "follaje": "Perenne", "lon": -71.069063249102911, "lat": -39.952436831015326 }, "geometry": { "type": "Point", "coordinates": [ -71.069063249102911, -39.952436831015326 ] } },
{ "type": "Feature", "properties": { "nombrevulgar": "Maitén", "nombrecientifico": "Maytenus boaria", "magnitud": 2, "tipo": "Latifoliada", "follaje": "Perenne", "lon": -71.069123910438506, "lat": -39.952538040374655 }, "geometry": { "type": "Point", "coordinates": [ -71.069123910438506, -39.952538040374655 ] } },
{ "type": "Feature", "properties": { "nombrevulgar": "Pino oregon", "nombrecientifico": "Pseudotsuga menziesii", "magnitud": 1, "tipo": "Conífera", "follaje": "Perenne", "lon": -71.069020429336589, "lat": -39.952538040374634 }, "geometry": { "type": "Point", "coordinates": [ -71.069020429336589, -39.952538040374634 ] } },
{ "type": "Feature", "properties": { "nombrevulgar": "Pino oregon", "nombrecientifico": "Pseudotsuga menziesii", "magnitud": 1, "tipo": "Conífera", "follaje": "Perenne", "lon": -71.069198845029575, "lat": -39.952592748074082 }, "geometry": { "type": "Point", "coordinates": [ -71.069198845029575, -39.952592748074082 ] } },
{ "type": "Feature", "properties": { "nombrevulgar": "Ciprés de Monterrey", "nombrecientifico": "Cupressus macrocarpa", "magnitud": 2, "tipo": "Conífera", "follaje": "Perenne", "lon": -71.069227391540451, "lat": -39.952737723265926 }, "geometry": { "type": "Point", "coordinates": [ -71.069227391540451, -39.952737723265926 ] } },
{ "type": "Feature", "properties": { "nombrevulgar": "Pehuen", "nombrecientifico": "Araucaria araucana", "magnitud": 1, "tipo": "Conífera", "follaje": "Perenne", "lon": -71.068443399720053, "lat": -39.952442387561291 }, "geometry": { "type": "Point", "coordinates": [ -71.068443399720053, -39.952442387561291 ] } },
{ "type": "Feature", "properties": { "nombrevulgar": "Ciruelo de flor", "nombrecientifico": "Prunus cerasifera var. pisardii", "magnitud": 3, "tipo": "Latifoliada", "follaje": "Caduco", "lon": -71.071685811741716, "lat": -39.951315271507561 }, "geometry": { "type": "Point", "coordinates": [ -71.071685811741716, -39.951315271507561 ] } },
{ "type": "Feature", "properties": { "nombrevulgar": "Ciruelo de flor", "nombrecientifico": "Prunus cerasifera var. pisardii", "magnitud": 3, "tipo": "Latifoliada", "follaje": "Caduco", "lon": -71.071619243428898, "lat": -39.951330909923442 }, "geometry": { "type": "Point", "coordinates": [ -71.071619243428898, -39.951330909923442 ] } },
{ "type": "Feature", "properties": { "nombrevulgar": "Ciruelo de flor", "nombrecientifico": "Prunus cerasifera var. pisardii", "magnitud": 3, "tipo": "Latifoliada", "follaje": "Caduco", "lon": -71.0712230545995, "lat": -39.951417332683675 }, "geometry": { "type": "Point", "coordinates": [ -71.0712230545995, -39.951417332683675 ] } },
{ "type": "Feature", "properties": { "nombrevulgar": "Ciruelo de flor", "nombrecientifico": "Prunus cerasifera var. pisardii", "magnitud": 3, "tipo": "Latifoliada", "follaje": "Caduco", "lon": -71.071002949694261, "lat": -39.95146095555927 }, "geometry": { "type": "Point", "coordinates": [ -71.071002949694261, -39.95146095555927 ] } },
{ "type": "Feature", "properties": { "nombrevulgar": "Ciruelo de flor", "nombrecientifico": "Prunus cerasifera var. pisardii", "magnitud": 3, "tipo": "Latifoliada", "follaje": "Caduco", "lon": -71.070909539319842, "lat": -39.951485647740668 }, "geometry": { "type": "Point", "coordinates": [ -71.070909539319842, -39.951485647740668 ] } },
{ "type": "Feature", "properties": { "nombrevulgar": "Ciruelo de flor", "nombrecientifico": "Prunus cerasifera var. pisardii", "magnitud": 3, "tipo": "Latifoliada", "follaje": "Caduco", "lon": -71.070371400532423, "lat": -39.951668296778088 }, "geometry": { "type": "Point", "coordinates": [ -71.070371400532423, -39.951668296778088 ] } },
{ "type": "Feature", "properties": { "nombrevulgar": "Picea del colorado", "nombrecientifico": "Picea pungens", "magnitud": 2, "tipo": "Conífera", "follaje": "Perenne", "lon": -71.070468993444123, "lat": -39.951646192815986 }, "geometry": { "type": "Point", "coordinates": [ -71.070468993444123, -39.951646192815986 ] } },
{ "type": "Feature", "properties": { "nombrevulgar": "Fresno Europeo", "nombrecientifico": "Fraxinus excelsior", "magnitud": 2, "tipo": "Latifoliada", "follaje": "Caduco", "lon": -71.070398016781084, "lat": -39.951718965833443 }, "geometry": { "type": "Point", "coordinates": [ -71.070398016781084, -39.951718965833443 ] } },
{ "type": "Feature", "properties": { "nombrevulgar": "Ciruelo de flor", "nombrecientifico": "Prunus cerasifera var. pisardii", "magnitud": 3, "tipo": "Latifoliada", "follaje": "Caduco", "lon": -71.070559706227712, "lat": -39.951824069768755 }, "geometry": { "type": "Point", "coordinates": [ -71.070559706227712, -39.951824069768755 ] } },
{ "type": "Feature", "properties": { "nombrevulgar": "Arce japones", "nombrecientifico": "Acer palmatum", "magnitud": 3, "tipo": "Latifoliada", "follaje": "Caduco", "lon": -71.070583512199491, "lat": -39.951899770495572 }, "geometry": { "type": "Point", "coordinates": [ -71.070583512199491, -39.951899770495572 ] } },
{ "type": "Feature", "properties": { "nombrevulgar": "Arce japones", "nombrecientifico": "Acer palmatum", "magnitud": 3, "tipo": "Latifoliada", "follaje": "Caduco", "lon": -71.070617898603174, "lat": -39.951984933713078 }, "geometry": { "type": "Point", "coordinates": [ -71.070617898603174, -39.951984933713078 ] } },
{ "type": "Feature", "properties": { "nombrevulgar": "Fresno Europeo", "nombrecientifico": "Fraxinus excelsior", "magnitud": 2, "tipo": "Latifoliada", "follaje": "Caduco", "lon": -71.070675209275947, "lat": -39.952129575760161 }, "geometry": { "type": "Point", "coordinates": [ -71.070675209275947, -39.952129575760161 ] } },
{ "type": "Feature", "properties": { "nombrevulgar": "Ciruelo", "nombrecientifico": "Prunus domestica", "magnitud": 3, "tipo": "Latifoliada", "follaje": "Caduco", "lon": -71.070695488437082, "lat": -39.952193110020609 }, "geometry": { "type": "Point", "coordinates": [ -71.070695488437082, -39.952193110020609 ] } },
{ "type": "Feature", "properties": { "nombrevulgar": "Ciruelo de flor", "nombrecientifico": "Prunus cerasifera var. pisardii", "magnitud": 3, "tipo": "Latifoliada", "follaje": "Caduco", "lon": -71.07072899313809, "lat": -39.952282328244145 }, "geometry": { "type": "Point", "coordinates": [ -71.07072899313809, -39.952282328244145 ] } },
{ "type": "Feature", "properties": { "nombrevulgar": "Fresno Europeo", "nombrecientifico": "Fraxinus excelsior", "magnitud": 2, "tipo": "Latifoliada", "follaje": "Caduco", "lon": -71.070733401651395, "lat": -39.952326261417518 }, "geometry": { "type": "Point", "coordinates": [ -71.070733401651395, -39.952326261417518 ] } },
{ "type": "Feature", "properties": { "nombrevulgar": "Pino oregon", "nombrecientifico": "Pseudotsuga menziesii", "magnitud": 1, "tipo": "Conífera", "follaje": "Perenne", "lon": -71.070893871535176, "lat": -39.952418858936689 }, "geometry": { "type": "Point", "coordinates": [ -71.070893871535176, -39.952418858936689 ] } },
{ "type": "Feature", "properties": { "nombrevulgar": "Ciruelo de flor", "nombrecientifico": "Prunus cerasifera var. pisardii", "magnitud": 3, "tipo": "Latifoliada", "follaje": "Caduco", "lon": -71.070776605081647, "lat": -39.952414803573504 }, "geometry": { "type": "Point", "coordinates": [ -71.070776605081647, -39.952414803573504 ] } },
{ "type": "Feature", "properties": { "nombrevulgar": "Fresno Europeo", "nombrecientifico": "Fraxinus excelsior", "magnitud": 2, "tipo": "Latifoliada", "follaje": "Caduco", "lon": -71.070791594026815, "lat": -39.952450625939917 }, "geometry": { "type": "Point", "coordinates": [ -71.070791594026815, -39.952450625939917 ] } },
{ "type": "Feature", "properties": { "nombrevulgar": "Ciruelo de flor", "nombrecientifico": "Prunus cerasifera var. pisardii", "magnitud": 3, "tipo": "Latifoliada", "follaje": "Caduco", "lon": -71.070696370139743, "lat": -39.952525650080482 }, "geometry": { "type": "Point", "coordinates": [ -71.070696370139743, -39.952525650080482 ] } },
{ "type": "Feature", "properties": { "nombrevulgar": "Ciruelo de flor", "nombrecientifico": "Prunus cerasifera var. pisardii", "magnitud": 3, "tipo": "Latifoliada", "follaje": "Caduco", "lon": -71.070602027955331, "lat": -39.952319502469607 }, "geometry": { "type": "Point", "coordinates": [ -71.070602027955331, -39.952319502469607 ] } },
{ "type": "Feature", "properties": { "nombrevulgar": "Ciruelo de flor", "nombrecientifico": "Prunus cerasifera var. pisardii", "magnitud": 3, "tipo": "Latifoliada", "follaje": "Caduco", "lon": -71.070564996443665, "lat": -39.952204600252891 }, "geometry": { "type": "Point", "coordinates": [ -71.070564996443665, -39.952204600252891 ] } },
{ "type": "Feature", "properties": { "nombrevulgar": "Ciruelo de flor", "nombrecientifico": "Prunus cerasifera var. pisardii", "magnitud": 3, "tipo": "Latifoliada", "follaje": "Caduco", "lon": -71.070548244093175, "lat": -39.952162694690507 }, "geometry": { "type": "Point", "coordinates": [ -71.070548244093175, -39.952162694690507 ] } },
{ "type": "Feature", "properties": { "nombrevulgar": "Fresno Europeo", "nombrecientifico": "Fraxinus excelsior", "magnitud": 2, "tipo": "Latifoliada", "follaje": "Caduco", "lon": -71.070476826177853, "lat": -39.95210186398976 }, "geometry": { "type": "Point", "coordinates": [ -71.070476826177853, -39.95210186398976 ] } },
{ "type": "Feature", "properties": { "nombrevulgar": "Cipres de arizona", "nombrecientifico": "Cupressus arizonica", "magnitud": 2, "tipo": "Conífera", "follaje": "Perenne", "lon": -71.070391301020024, "lat": -39.952170129550211 }, "geometry": { "type": "Point", "coordinates": [ -71.070391301020024, -39.952170129550211 ] } },
{ "type": "Feature", "properties": { "nombrevulgar": "Cipres de arizona", "nombrecientifico": "Cupressus arizonica", "magnitud": 2, "tipo": "Conífera", "follaje": "Perenne", "lon": -71.070407171667881, "lat": -39.952229608398817 }, "geometry": { "type": "Point", "coordinates": [ -71.070407171667881, -39.952229608398817 ] } },
{ "type": "Feature", "properties": { "nombrevulgar": "Cipres de arizona", "nombrecientifico": "Cupressus arizonica", "magnitud": 2, "tipo": "Conífera", "follaje": "Perenne", "lon": -71.070457428719379, "lat": -39.952353973096969 }, "geometry": { "type": "Point", "coordinates": [ -71.070457428719379, -39.952353973096969 ] } },
{ "type": "Feature", "properties": { "nombrevulgar": "Picea común", "nombrecientifico": "Picea abies", "magnitud": 2, "tipo": "Conífera", "follaje": "Perenne", "lon": -71.070640127760711, "lat": -39.952725049337765 }, "geometry": { "type": "Point", "coordinates": [ -71.070640127760711, -39.952725049337765 ] } },
{ "type": "Feature", "properties": { "nombrevulgar": "Fresno blanco", "nombrecientifico": "Fraxinus americana", "magnitud": 1, "tipo": "Latifoliada", "follaje": "Caduco", "lon": -71.07054990276643, "lat": -39.952596132738428 }, "geometry": { "type": "Point", "coordinates": [ -71.07054990276643, -39.952596132738428 ] } },
{ "type": "Feature", "properties": { "nombrevulgar": "Picea común", "nombrecientifico": "Picea abies", "magnitud": 2, "tipo": "Conífera", "follaje": "Perenne", "lon": -71.070697358231499, "lat": -39.952716827489546 }, "geometry": { "type": "Point", "coordinates": [ -71.070697358231499, -39.952716827489546 ] } },
{ "type": "Feature", "properties": { "nombrevulgar": "Picea común", "nombrecientifico": "Picea abies", "magnitud": 2, "tipo": "Conífera", "follaje": "Perenne", "lon": -71.070742661558086, "lat": -39.952704748051495 }, "geometry": { "type": "Point", "coordinates": [ -71.070742661558086, -39.952704748051495 ] } },
{ "type": "Feature", "properties": { "nombrevulgar": "Picea común", "nombrecientifico": "Picea abies", "magnitud": 2, "tipo": "Conífera", "follaje": "Perenne", "lon": -71.070232506706688, "lat": -39.952796853712655 }, "geometry": { "type": "Point", "coordinates": [ -71.070232506706688, -39.952796853712655 ] } },
{ "type": "Feature", "properties": { "nombrevulgar": "Ciruelo de flor", "nombrecientifico": "Prunus cerasifera var. pisardii", "magnitud": 3, "tipo": "Latifoliada", "follaje": "Caduco", "lon": -71.070391068349693, "lat": -39.952774204791091 }, "geometry": { "type": "Point", "coordinates": [ -71.070391068349693, -39.952774204791091 ] } },
{ "type": "Feature", "properties": { "nombrevulgar": "Ciruelo de flor", "nombrecientifico": "Prunus cerasifera var. pisardii", "magnitud": 3, "tipo": "Latifoliada", "follaje": "Caduco", "lon": -71.070125486685626, "lat": -39.952823316451472 }, "geometry": { "type": "Point", "coordinates": [ -71.070125486685626, -39.952823316451472 ] } },
{ "type": "Feature", "properties": { "nombrevulgar": "Abedul", "nombrecientifico": "Betula pendula", "magnitud": 2, "tipo": "Latifoliada", "follaje": "Caduco", "lon": -71.069975549804582, "lat": -39.952547146306429 }, "geometry": { "type": "Point", "coordinates": [ -71.069975549804582, -39.952547146306429 ] } },
{ "type": "Feature", "properties": { "nombrevulgar": "Picea común", "nombrecientifico": "Picea abies", "magnitud": 2, "tipo": "Conífera", "follaje": "Perenne", "lon": -71.070048435788436, "lat": -39.952441786304085 }, "geometry": { "type": "Point", "coordinates": [ -71.070048435788436, -39.952441786304085 ] } },
{ "type": "Feature", "properties": { "nombrevulgar": "Ciruelo de flor", "nombrecientifico": "Prunus cerasifera var. pisardii", "magnitud": 3, "tipo": "Latifoliada", "follaje": "Caduco", "lon": -71.070137981425702, "lat": -39.952617386217867 }, "geometry": { "type": "Point", "coordinates": [ -71.070137981425702, -39.952617386217867 ] } },
{ "type": "Feature", "properties": { "nombrevulgar": "Ciruelo de flor", "nombrecientifico": "Prunus cerasifera var. pisardii", "magnitud": 3, "tipo": "Latifoliada", "follaje": "Caduco", "lon": -71.070121321772234, "lat": -39.95271316779899 }, "geometry": { "type": "Point", "coordinates": [ -71.070121321772234, -39.95271316779899 ] } },
{ "type": "Feature", "properties": { "nombrevulgar": "Ciruelo de flor", "nombrecientifico": "Prunus cerasifera var. pisardii", "magnitud": 3, "tipo": "Latifoliada", "follaje": "Caduco", "lon": -71.070040105961681, "lat": -39.952727535024607 }, "geometry": { "type": "Point", "coordinates": [ -71.070040105961681, -39.952727535024607 ] } },
{ "type": "Feature", "properties": { "nombrevulgar": "Ciruelo de flor", "nombrecientifico": "Prunus cerasifera var. pisardii", "magnitud": 3, "tipo": "Latifoliada", "follaje": "Caduco", "lon": -71.069906828734062, "lat": -39.952759462181767 }, "geometry": { "type": "Point", "coordinates": [ -71.069906828734062, -39.952759462181767 ] } },
{ "type": "Feature", "properties": { "nombrevulgar": "Fresno blanco", "nombrecientifico": "Fraxinus americana", "magnitud": 1, "tipo": "Latifoliada", "follaje": "Caduco", "lon": -71.069954725237722, "lat": -39.952703589646902 }, "geometry": { "type": "Point", "coordinates": [ -71.069954725237722, -39.952703589646902 ] } },
{ "type": "Feature", "properties": { "nombrevulgar": "Abedul", "nombrecientifico": "Betula pendula", "magnitud": 2, "tipo": "Latifoliada", "follaje": "Caduco", "lon": -71.06981311818339, "lat": -39.952773829397678 }, "geometry": { "type": "Point", "coordinates": [ -71.06981311818339, -39.952773829397678 ] } },
{ "type": "Feature", "properties": { "nombrevulgar": "Abedul", "nombrecientifico": "Betula pendula", "magnitud": 2, "tipo": "Latifoliada", "follaje": "Caduco", "lon": -71.069750644482951, "lat": -39.952791389324091 }, "geometry": { "type": "Point", "coordinates": [ -71.069750644482951, -39.952791389324091 ] } },
{ "type": "Feature", "properties": { "nombrevulgar": "Abedul", "nombrecientifico": "Betula pendula", "magnitud": 2, "tipo": "Latifoliada", "follaje": "Caduco", "lon": -71.069681923412475, "lat": -39.952800967463894 }, "geometry": { "type": "Point", "coordinates": [ -71.069681923412475, -39.952800967463894 ] } },
{ "type": "Feature", "properties": { "nombrevulgar": "Abedul", "nombrecientifico": "Betula pendula", "magnitud": 2, "tipo": "Latifoliada", "follaje": "Caduco", "lon": -71.069600707601907, "lat": -39.952823316451493 }, "geometry": { "type": "Point", "coordinates": [ -71.069600707601907, -39.952823316451493 ] } },
{ "type": "Feature", "properties": { "nombrevulgar": "Abedul", "nombrecientifico": "Betula pendula", "magnitud": 2, "tipo": "Latifoliada", "follaje": "Caduco", "lon": -71.069538233901469, "lat": -39.952844069076313 }, "geometry": { "type": "Point", "coordinates": [ -71.069538233901469, -39.952844069076313 ] } },
{ "type": "Feature", "properties": { "nombrevulgar": "Ciruelo de flor", "nombrecientifico": "Prunus cerasifera var. pisardii", "magnitud": 3, "tipo": "Latifoliada", "follaje": "Caduco", "lon": -71.070027611221562, "lat": -39.952853647208713 }, "geometry": { "type": "Point", "coordinates": [ -71.070027611221562, -39.952853647208713 ] } },
{ "type": "Feature", "properties": { "nombrevulgar": "Picea del colorado", "nombrecientifico": "Picea pungens", "magnitud": 2, "tipo": "Conífera", "follaje": "Perenne", "lon": -71.0699776322612, "lat": -39.952868014404814 }, "geometry": { "type": "Point", "coordinates": [ -71.0699776322612, -39.952868014404814 ] } },
{ "type": "Feature", "properties": { "nombrevulgar": "Espino albar", "nombrecientifico": "Crataegus monogyna", "magnitud": 3, "tipo": "Latifoliada", "follaje": "Caduco", "lon": -71.069908911190765, "lat": -39.952880785243245 }, "geometry": { "type": "Point", "coordinates": [ -71.069908911190765, -39.952880785243245 ] } },
{ "type": "Feature", "properties": { "nombrevulgar": "Picea común", "nombrecientifico": "Picea abies", "magnitud": 2, "tipo": "Conífera", "follaje": "Perenne", "lon": -71.069846437490312, "lat": -39.95289994149644 }, "geometry": { "type": "Point", "coordinates": [ -71.069846437490312, -39.95289994149644 ] } },
{ "type": "Feature", "properties": { "nombrevulgar": "Picea común", "nombrecientifico": "Picea abies", "magnitud": 2, "tipo": "Conífera", "follaje": "Perenne", "lon": -71.069740232199578, "lat": -39.95292069409799 }, "geometry": { "type": "Point", "coordinates": [ -71.069740232199578, -39.95292069409799 ] } },
{ "type": "Feature", "properties": { "nombrevulgar": "Ciruelo de flor", "nombrecientifico": "Prunus cerasifera var. pisardii", "magnitud": 3, "tipo": "Latifoliada", "follaje": "Caduco", "lon": -71.069783963789902, "lat": -39.952903134204767 }, "geometry": { "type": "Point", "coordinates": [ -71.069783963789902, -39.952903134204767 ] } },
{ "type": "Feature", "properties": { "nombrevulgar": "Ciruelo de flor", "nombrecientifico": "Prunus cerasifera var. pisardii", "magnitud": 3, "tipo": "Latifoliada", "follaje": "Caduco", "lon": -71.069696500609268, "lat": -39.952928675866161 }, "geometry": { "type": "Point", "coordinates": [ -71.069696500609268, -39.952928675866161 ] } },
{ "type": "Feature", "properties": { "nombrevulgar": "Ciruelo de flor", "nombrecientifico": "Prunus cerasifera var. pisardii", "magnitud": 3, "tipo": "Latifoliada", "follaje": "Caduco", "lon": -71.069592377775209, "lat": -39.95293665763338 }, "geometry": { "type": "Point", "coordinates": [ -71.069592377775209, -39.95293665763338 ] } },
{ "type": "Feature", "properties": { "nombrevulgar": "Abedul", "nombrecientifico": "Betula pendula", "magnitud": 2, "tipo": "Latifoliada", "follaje": "Caduco", "lon": -71.069990127001319, "lat": -39.952607808052399 }, "geometry": { "type": "Point", "coordinates": [ -71.069990127001319, -39.952607808052399 ] } },
{ "type": "Feature", "properties": { "nombrevulgar": "Serbal del cazador", "nombrecientifico": "Sorbus aucuparia", "magnitud": 3, "tipo": "Latifoliada", "follaje": "Caduco", "lon": -71.069471595287681, "lat": -39.952674855182657 }, "geometry": { "type": "Point", "coordinates": [ -71.069471595287681, -39.952674855182657 ] } },
{ "type": "Feature", "properties": { "nombrevulgar": "Serbal del cazador", "nombrecientifico": "Sorbus aucuparia", "magnitud": 3, "tipo": "Latifoliada", "follaje": "Caduco", "lon": -71.069440358437461, "lat": -39.952596633524308 }, "geometry": { "type": "Point", "coordinates": [ -71.069440358437461, -39.952596633524308 ] } },
{ "type": "Feature", "properties": { "nombrevulgar": "Serbal del cazador", "nombrecientifico": "Sorbus aucuparia", "magnitud": 3, "tipo": "Latifoliada", "follaje": "Caduco", "lon": -71.069459100547604, "lat": -39.952631753463635 }, "geometry": { "type": "Point", "coordinates": [ -71.069459100547604, -39.952631753463635 ] } },
{ "type": "Feature", "properties": { "nombrevulgar": "Serbal del cazador", "nombrecientifico": "Sorbus aucuparia", "magnitud": 3, "tipo": "Latifoliada", "follaje": "Caduco", "lon": -71.069421616327347, "lat": -39.952535971768462 }, "geometry": { "type": "Point", "coordinates": [ -71.069421616327347, -39.952535971768462 ] } },
{ "type": "Feature", "properties": { "nombrevulgar": "Acebo", "nombrecientifico": "Ilex aquifolium", "magnitud": 3, "tipo": "Latifoliada", "follaje": "Perenne", "lon": -71.069365389996975, "lat": -39.952422629922616 }, "geometry": { "type": "Point", "coordinates": [ -71.069365389996975, -39.952422629922616 ] } },
{ "type": "Feature", "properties": { "nombrevulgar": "Serbal del cazador", "nombrecientifico": "Sorbus aucuparia", "magnitud": 3, "tipo": "Latifoliada", "follaje": "Caduco", "lon": -71.069194241892589, "lat": -39.952001560126156 }, "geometry": { "type": "Point", "coordinates": [ -71.069194241892589, -39.952001560126156 ] } },
{ "type": "Feature", "properties": { "nombrevulgar": "Serbal del cazador", "nombrecientifico": "Sorbus aucuparia", "magnitud": 3, "tipo": "Latifoliada", "follaje": "Caduco", "lon": -71.069341792950183, "lat": -39.952328913226594 }, "geometry": { "type": "Point", "coordinates": [ -71.069341792950183, -39.952328913226594 ] } },
{ "type": "Feature", "properties": { "nombrevulgar": "Serbal del cazador", "nombrecientifico": "Sorbus aucuparia", "magnitud": 3, "tipo": "Latifoliada", "follaje": "Caduco", "lon": -71.069300131475103, "lat": -39.952262378170438 }, "geometry": { "type": "Point", "coordinates": [ -71.069300131475103, -39.952262378170438 ] } },
{ "type": "Feature", "properties": { "nombrevulgar": "Serbal del cazador", "nombrecientifico": "Sorbus aucuparia", "magnitud": 3, "tipo": "Latifoliada", "follaje": "Caduco", "lon": -71.069272357158368, "lat": -39.95219850445563 }, "geometry": { "type": "Point", "coordinates": [ -71.069272357158368, -39.95219850445563 ] } },
{ "type": "Feature", "properties": { "nombrevulgar": "Serbal del cazador", "nombrecientifico": "Sorbus aucuparia", "magnitud": 3, "tipo": "Latifoliada", "follaje": "Caduco", "lon": -71.06924284694685, "lat": -39.952122654341814 }, "geometry": { "type": "Point", "coordinates": [ -71.06924284694685, -39.952122654341814 ] } },
{ "type": "Feature", "properties": { "nombrevulgar": "Serbal del cazador", "nombrecientifico": "Sorbus aucuparia", "magnitud": 3, "tipo": "Latifoliada", "follaje": "Caduco", "lon": -71.069218544419726, "lat": -39.952048134849854 }, "geometry": { "type": "Point", "coordinates": [ -71.069218544419726, -39.952048134849854 ] } },
{ "type": "Feature", "properties": { "nombrevulgar": "Ciruelo de flor", "nombrecientifico": "Prunus cerasifera var. pisardii", "magnitud": 3, "tipo": "Latifoliada", "follaje": "Caduco", "lon": -71.069154316312307, "lat": -39.951925709793969 }, "geometry": { "type": "Point", "coordinates": [ -71.069154316312307, -39.951925709793969 ] } },
{ "type": "Feature", "properties": { "nombrevulgar": "Arce Blanco", "nombrecientifico": "Acer pseudoplatanus", "magnitud": 2, "tipo": "Latifoliada", "follaje": "Caduco", "lon": -71.069253712606255, "lat": -39.951880945580449 }, "geometry": { "type": "Point", "coordinates": [ -71.069253712606255, -39.951880945580449 ] } },
{ "type": "Feature", "properties": { "nombrevulgar": "Ciruelo de flor", "nombrecientifico": "Prunus cerasifera var. pisardii", "magnitud": 3, "tipo": "Latifoliada", "follaje": "Caduco", "lon": -71.069189453386983, "lat": -39.951739322675294 }, "geometry": { "type": "Point", "coordinates": [ -71.069189453386983, -39.951739322675294 ] } },
{ "type": "Feature", "properties": { "nombrevulgar": "Ciruelo de flor", "nombrecientifico": "Prunus cerasifera var. pisardii", "magnitud": 3, "tipo": "Latifoliada", "follaje": "Caduco", "lon": -71.06939026344719, "lat": -39.951839895493187 }, "geometry": { "type": "Point", "coordinates": [ -71.06939026344719, -39.951839895493187 ] } },
{ "type": "Feature", "properties": { "nombrevulgar": "Ciruelo de flor", "nombrecientifico": "Prunus cerasifera var. pisardii", "magnitud": 3, "tipo": "Latifoliada", "follaje": "Caduco", "lon": -71.069339391565279, "lat": -39.951710587557315 }, "geometry": { "type": "Point", "coordinates": [ -71.069339391565279, -39.951710587557315 ] } },
{ "type": "Feature", "properties": { "nombrevulgar": "Ciruelo de flor", "nombrecientifico": "Prunus cerasifera var. pisardii", "magnitud": 3, "tipo": "Latifoliada", "follaje": "Caduco", "lon": -71.069732979283273, "lat": -39.951624382130895 }, "geometry": { "type": "Point", "coordinates": [ -71.069732979283273, -39.951624382130895 ] } },
{ "type": "Feature", "properties": { "nombrevulgar": "Ciruelo de flor", "nombrecientifico": "Prunus cerasifera var. pisardii", "magnitud": 3, "tipo": "Latifoliada", "follaje": "Caduco", "lon": -71.069973951355507, "lat": -39.951581279376938 }, "geometry": { "type": "Point", "coordinates": [ -71.069973951355507, -39.951581279376938 ] } },
{ "type": "Feature", "properties": { "nombrevulgar": "Ciruelo de flor", "nombrecientifico": "Prunus cerasifera var. pisardii", "magnitud": 3, "tipo": "Latifoliada", "follaje": "Caduco", "lon": -71.070230988232581, "lat": -39.951521756481625 }, "geometry": { "type": "Point", "coordinates": [ -71.070230988232581, -39.951521756481625 ] } },
{ "type": "Feature", "properties": { "nombrevulgar": "Ciruelo de flor", "nombrecientifico": "Prunus cerasifera var. pisardii", "magnitud": 3, "tipo": "Latifoliada", "follaje": "Caduco", "lon": -71.070129244468731, "lat": -39.951536124081798 }, "geometry": { "type": "Point", "coordinates": [ -71.070129244468731, -39.951536124081798 ] } },
{ "type": "Feature", "properties": { "nombrevulgar": "Ciruelo de flor", "nombrecientifico": "Prunus cerasifera var. pisardii", "magnitud": 3, "tipo": "Latifoliada", "follaje": "Caduco", "lon": -71.070048920444648, "lat": -39.95155254419258 }, "geometry": { "type": "Point", "coordinates": [ -71.070048920444648, -39.95155254419258 ] } },
{ "type": "Feature", "properties": { "nombrevulgar": "Pehuen", "nombrecientifico": "Araucaria araucana", "magnitud": 1, "tipo": "Conífera", "follaje": "Perenne", "lon": -71.06993646681093, "lat": -39.951745480198973 }, "geometry": { "type": "Point", "coordinates": [ -71.06993646681093, -39.951745480198973 ] } },
{ "type": "Feature", "properties": { "nombrevulgar": "Ciruelo de flor", "nombrecientifico": "Prunus cerasifera var. pisardii", "magnitud": 3, "tipo": "Latifoliada", "follaje": "Caduco", "lon": -71.070051597912126, "lat": -39.951696219993764 }, "geometry": { "type": "Point", "coordinates": [ -71.070051597912126, -39.951696219993764 ] } },
{ "type": "Feature", "properties": { "nombrevulgar": "Ciruelo de flor", "nombrecientifico": "Prunus cerasifera var. pisardii", "magnitud": 3, "tipo": "Latifoliada", "follaje": "Caduco", "lon": -71.070193503688003, "lat": -39.951644907242276 }, "geometry": { "type": "Point", "coordinates": [ -71.070193503688003, -39.951644907242276 ] } },
{ "type": "Feature", "properties": { "nombrevulgar": "Ciruelo de flor", "nombrecientifico": "Prunus cerasifera var. pisardii", "magnitud": 3, "tipo": "Latifoliada", "follaje": "Caduco", "lon": -71.070273827712072, "lat": -39.951624382130881 }, "geometry": { "type": "Point", "coordinates": [ -71.070273827712072, -39.951624382130881 ] } },
{ "type": "Feature", "properties": { "nombrevulgar": "Cedro blanco", "nombrecientifico": "Chamaecyparis lawsoniana", "magnitud": 1, "tipo": "Conífera", "follaje": "Perenne", "lon": -71.070225931270798, "lat": -39.951479650688249 }, "geometry": { "type": "Point", "coordinates": [ -71.070225931270798, -39.951479650688249 ] } },
{ "type": "Feature", "properties": { "nombrevulgar": "Serbal del cazador", "nombrecientifico": "Sorbus aucuparia", "magnitud": 3, "tipo": "Latifoliada", "follaje": "Caduco", "lon": -71.070265084888518, "lat": -39.951427544450354 }, "geometry": { "type": "Point", "coordinates": [ -71.070265084888518, -39.951427544450354 ] } },
{ "type": "Feature", "properties": { "nombrevulgar": "Serbal del cazador", "nombrecientifico": "Sorbus aucuparia", "magnitud": 3, "tipo": "Latifoliada", "follaje": "Caduco", "lon": -71.070246235488284, "lat": -39.951360867868466 }, "geometry": { "type": "Point", "coordinates": [ -71.070246235488284, -39.951360867868466 ] } },
{ "type": "Feature", "properties": { "nombrevulgar": "Ciruelo de flor", "nombrecientifico": "Prunus cerasifera var. pisardii", "magnitud": 3, "tipo": "Latifoliada", "follaje": "Caduco", "lon": -71.070142383219704, "lat": -39.951150176349678 }, "geometry": { "type": "Point", "coordinates": [ -71.070142383219704, -39.951150176349678 ] } },
{ "type": "Feature", "properties": { "nombrevulgar": "Ciruelo de flor", "nombrecientifico": "Prunus cerasifera var. pisardii", "magnitud": 3, "tipo": "Latifoliada", "follaje": "Caduco", "lon": -71.070128711781848, "lat": -39.951084299407157 }, "geometry": { "type": "Point", "coordinates": [ -71.070128711781848, -39.951084299407157 ] } },
{ "type": "Feature", "properties": { "nombrevulgar": "Serbal del cazador", "nombrecientifico": "Sorbus aucuparia", "magnitud": 3, "tipo": "Latifoliada", "follaje": "Caduco", "lon": -71.070111134218863, "lat": -39.951052858116789 }, "geometry": { "type": "Point", "coordinates": [ -71.070111134218863, -39.951052858116789 ] } },
{ "type": "Feature", "properties": { "nombrevulgar": "Serbal del cazador", "nombrecientifico": "Sorbus aucuparia", "magnitud": 3, "tipo": "Latifoliada", "follaje": "Caduco", "lon": -71.070015434153774, "lat": -39.950799830063261 }, "geometry": { "type": "Point", "coordinates": [ -71.070015434153774, -39.950799830063261 ] } },
{ "type": "Feature", "properties": { "nombrevulgar": "Serbal del cazador", "nombrecientifico": "Sorbus aucuparia", "magnitud": 3, "tipo": "Latifoliada", "follaje": "Caduco", "lon": -71.069956842277179, "lat": -39.950654600521013 }, "geometry": { "type": "Point", "coordinates": [ -71.069956842277179, -39.950654600521013 ] } },
{ "type": "Feature", "properties": { "nombrevulgar": "Serbal del cazador", "nombrecientifico": "Sorbus aucuparia", "magnitud": 3, "tipo": "Latifoliada", "follaje": "Caduco", "lon": -71.069968560652512, "lat": -39.950718980665407 }, "geometry": { "type": "Point", "coordinates": [ -71.069968560652512, -39.950718980665407 ] } },
{ "type": "Feature", "properties": { "nombrevulgar": "Maitén", "nombrecientifico": "Maytenus boaria", "magnitud": 2, "tipo": "Latifoliada", "follaje": "Perenne", "lon": -71.069774781236376, "lat": -39.950654965291072 }, "geometry": { "type": "Point", "coordinates": [ -71.069774781236376, -39.950654965291072 ] } },
{ "type": "Feature", "properties": { "nombrevulgar": "Maitén", "nombrecientifico": "Maytenus boaria", "magnitud": 2, "tipo": "Latifoliada", "follaje": "Perenne", "lon": -71.06972258167076, "lat": -39.950715789689703 }, "geometry": { "type": "Point", "coordinates": [ -71.06972258167076, -39.950715789689703 ] } },
{ "type": "Feature", "properties": { "nombrevulgar": "Acacia de tres espinas", "nombrecientifico": "Gleditsia triacanthos", "magnitud": 2, "tipo": "Latifoliada", "follaje": "Caduco", "lon": -71.069636974383116, "lat": -39.950546121495393 }, "geometry": { "type": "Point", "coordinates": [ -71.069636974383116, -39.950546121495393 ] } },
{ "type": "Feature", "properties": { "nombrevulgar": "Cedro blanco", "nombrecientifico": "Chamaecyparis lawsoniana", "magnitud": 1, "tipo": "Conífera", "follaje": "Perenne", "lon": -71.069517959373457, "lat": -39.950568530526311 }, "geometry": { "type": "Point", "coordinates": [ -71.069517959373457, -39.950568530526311 ] } },
{ "type": "Feature", "properties": { "nombrevulgar": "Ciruelo de flor", "nombrecientifico": "Prunus cerasifera var. pisardii", "magnitud": 3, "tipo": "Latifoliada", "follaje": "Caduco", "lon": -71.069446967964183, "lat": -39.950592540194158 }, "geometry": { "type": "Point", "coordinates": [ -71.069446967964183, -39.950592540194158 ] } },
{ "type": "Feature", "properties": { "nombrevulgar": "Ciruelo de flor", "nombrecientifico": "Prunus cerasifera var. pisardii", "magnitud": 3, "tipo": "Latifoliada", "follaje": "Caduco", "lon": -71.069350920763426, "lat": -39.950602144058927 }, "geometry": { "type": "Point", "coordinates": [ -71.069350920763426, -39.950602144058927 ] } },
{ "type": "Feature", "properties": { "nombrevulgar": "Ciruelo de flor", "nombrecientifico": "Prunus cerasifera var. pisardii", "magnitud": 3, "tipo": "Latifoliada", "follaje": "Caduco", "lon": -71.069273665406286, "lat": -39.950624553071478 }, "geometry": { "type": "Point", "coordinates": [ -71.069273665406286, -39.950624553071478 ] } },
{ "type": "Feature", "properties": { "nombrevulgar": "Ciruelo de flor", "nombrecientifico": "Prunus cerasifera var. pisardii", "magnitud": 3, "tipo": "Latifoliada", "follaje": "Caduco", "lon": -71.069369712607042, "lat": -39.950731796101408 }, "geometry": { "type": "Point", "coordinates": [ -71.069369712607042, -39.950731796101408 ] } },
{ "type": "Feature", "properties": { "nombrevulgar": "Fresno Europeo", "nombrecientifico": "Fraxinus excelsior", "magnitud": 2, "tipo": "Latifoliada", "follaje": "Caduco", "lon": -71.069238169701634, "lat": -39.950755805711964 }, "geometry": { "type": "Point", "coordinates": [ -71.069238169701634, -39.950755805711964 ] } },
{ "type": "Feature", "properties": { "nombrevulgar": "Fresno Europeo", "nombrecientifico": "Fraxinus excelsior", "magnitud": 2, "tipo": "Latifoliada", "follaje": "Caduco", "lon": -71.069300809180419, "lat": -39.950744601228088 }, "geometry": { "type": "Point", "coordinates": [ -71.069300809180419, -39.950744601228088 ] } },
{ "type": "Feature", "properties": { "nombrevulgar": "Fresno Europeo", "nombrecientifico": "Fraxinus excelsior", "magnitud": 2, "tipo": "Latifoliada", "follaje": "Caduco", "lon": -71.069165090309752, "lat": -39.950775013394306 }, "geometry": { "type": "Point", "coordinates": [ -71.069165090309752, -39.950775013394306 ] } },
{ "type": "Feature", "properties": { "nombrevulgar": "Ciruelo de flor", "nombrecientifico": "Prunus cerasifera var. pisardii", "magnitud": 3, "tipo": "Latifoliada", "follaje": "Caduco", "lon": -71.069074777880473, "lat": -39.950804491062847 }, "geometry": { "type": "Point", "coordinates": [ -71.069074777880473, -39.950804491062847 ] } },
{ "type": "Feature", "properties": { "nombrevulgar": "Ciruelo de flor", "nombrecientifico": "Prunus cerasifera var. pisardii", "magnitud": 3, "tipo": "Latifoliada", "follaje": "Caduco", "lon": -71.068764608275927, "lat": -39.950866749617475 }, "geometry": { "type": "Point", "coordinates": [ -71.068764608275927, -39.950866749617475 ] } },
{ "type": "Feature", "properties": { "nombrevulgar": "Ciruelo de flor", "nombrecientifico": "Prunus cerasifera var. pisardii", "magnitud": 3, "tipo": "Latifoliada", "follaje": "Caduco", "lon": -71.069006523287811, "lat": -39.950814425942383 }, "geometry": { "type": "Point", "coordinates": [ -71.069006523287811, -39.950814425942383 ] } },
{ "type": "Feature", "properties": { "nombrevulgar": "Ciruelo de flor", "nombrecientifico": "Prunus cerasifera var. pisardii", "magnitud": 3, "tipo": "Latifoliada", "follaje": "Caduco", "lon": -71.068853598441009, "lat": -39.950846217547216 }, "geometry": { "type": "Point", "coordinates": [ -71.068853598441009, -39.950846217547216 ] } },
{ "type": "Feature", "properties": { "nombrevulgar": "Ciruelo de flor", "nombrecientifico": "Prunus cerasifera var. pisardii", "magnitud": 3, "tipo": "Latifoliada", "follaje": "Caduco", "lon": -71.068923580998032, "lat": -39.950833633372071 }, "geometry": { "type": "Point", "coordinates": [ -71.068923580998032, -39.950833633372071 ] } },
{ "type": "Feature", "properties": { "nombrevulgar": "Tuya oriental", "nombrecientifico": "Platycladus orientalis", "magnitud": 2, "tipo": "Conífera", "follaje": "Perenne", "lon": -71.068980603822254, "lat": -39.950913112334113 }, "geometry": { "type": "Point", "coordinates": [ -71.068980603822254, -39.950913112334113 ] } },
{ "type": "Feature", "properties": { "nombrevulgar": "Roble europeo", "nombrecientifico": "Quercus robur", "magnitud": 1, "tipo": "Latifoliada", "follaje": "Caduco", "lon": -71.069013435145308, "lat": -39.950980007055577 }, "geometry": { "type": "Point", "coordinates": [ -71.069013435145308, -39.950980007055577 ] } },
{ "type": "Feature", "properties": { "nombrevulgar": "Cedro blanco", "nombrecientifico": "Chamaecyparis lawsoniana", "magnitud": 1, "tipo": "Conífera", "follaje": "Perenne", "lon": -71.06901084319874, "lat": -39.950928345791269 }, "geometry": { "type": "Point", "coordinates": [ -71.06901084319874, -39.950928345791269 ] } },
{ "type": "Feature", "properties": { "nombrevulgar": "Abedul", "nombrecientifico": "Betula pendula", "magnitud": 2, "tipo": "Latifoliada", "follaje": "Caduco", "lon": -71.069129208758142, "lat": -39.950940929948985 }, "geometry": { "type": "Point", "coordinates": [ -71.069129208758142, -39.950940929948985 ] } },
{ "type": "Feature", "properties": { "nombrevulgar": "Abedul", "nombrecientifico": "Betula pendula", "magnitud": 2, "tipo": "Latifoliada", "follaje": "Caduco", "lon": -71.069162040081181, "lat": -39.950982656350149 }, "geometry": { "type": "Point", "coordinates": [ -71.069162040081181, -39.950982656350149 ] } },
{ "type": "Feature", "properties": { "nombrevulgar": "Abedul", "nombrecientifico": "Betula pendula", "magnitud": 2, "tipo": "Latifoliada", "follaje": "Caduco", "lon": -71.06911711300755, "lat": -39.95097470846617 }, "geometry": { "type": "Point", "coordinates": [ -71.06911711300755, -39.95097470846617 ] } },
{ "type": "Feature", "properties": { "nombrevulgar": "Dracena Arborea", "nombrecientifico": "Cordyline audstralis", "magnitud": 3, "tipo": "Monocotiledonea", "follaje": "Perenne", "lon": -71.068910621265246, "lat": -39.951054849587216 }, "geometry": { "type": "Point", "coordinates": [ -71.068910621265246, -39.951054849587216 ] } },
{ "type": "Feature", "properties": { "nombrevulgar": "Ciruelo de flor", "nombrecientifico": "Prunus cerasifera var. pisardii", "magnitud": 3, "tipo": "Latifoliada", "follaje": "Caduco", "lon": -71.068765472258079, "lat": -39.950901190495692 }, "geometry": { "type": "Point", "coordinates": [ -71.068765472258079, -39.950901190495692 ] } },
{ "type": "Feature", "properties": { "nombrevulgar": "Ciruelo de flor", "nombrecientifico": "Prunus cerasifera var. pisardii", "magnitud": 3, "tipo": "Latifoliada", "follaje": "Caduco", "lon": -71.068874334013444, "lat": -39.95121513154762 }, "geometry": { "type": "Point", "coordinates": [ -71.068874334013444, -39.95121513154762 ] } },
{ "type": "Feature", "properties": { "nombrevulgar": "Ciruelo de flor", "nombrecientifico": "Prunus cerasifera var. pisardii", "magnitud": 3, "tipo": "Latifoliada", "follaje": "Caduco", "lon": -71.068855326405355, "lat": -39.951153535632059 }, "geometry": { "type": "Point", "coordinates": [ -71.068855326405355, -39.951153535632059 ] } },
{ "type": "Feature", "properties": { "nombrevulgar": "Ciruelo de flor", "nombrecientifico": "Prunus cerasifera var. pisardii", "magnitud": 3, "tipo": "Latifoliada", "follaje": "Caduco", "lon": -71.068835454815101, "lat": -39.951091939661048 }, "geometry": { "type": "Point", "coordinates": [ -71.068835454815101, -39.951091939661048 ] } },
{ "type": "Feature", "properties": { "nombrevulgar": "Ciruelo de flor", "nombrecientifico": "Prunus cerasifera var. pisardii", "magnitud": 3, "tipo": "Latifoliada", "follaje": "Caduco", "lon": -71.06882422304669, "lat": -39.951037629188953 }, "geometry": { "type": "Point", "coordinates": [ -71.06882422304669, -39.951037629188953 ] } },
{ "type": "Feature", "properties": { "nombrevulgar": "Ciruelo de flor", "nombrecientifico": "Prunus cerasifera var. pisardii", "magnitud": 3, "tipo": "Latifoliada", "follaje": "Caduco", "lon": -71.068800031545493, "lat": -39.950981994026506 }, "geometry": { "type": "Point", "coordinates": [ -71.068800031545493, -39.950981994026506 ] } },
{ "type": "Feature", "properties": { "nombrevulgar": "Ciruelo de flor", "nombrecientifico": "Prunus cerasifera var. pisardii", "magnitud": 3, "tipo": "Latifoliada", "follaje": "Caduco", "lon": -71.068782751901793, "lat": -39.950941592273011 }, "geometry": { "type": "Point", "coordinates": [ -71.068782751901793, -39.950941592273011 ] } },
{ "type": "Feature", "properties": { "nombrevulgar": "Acacia blanca", "nombrecientifico": "Robinia pseudoacacia", "magnitud": 2, "tipo": "Latifoliada", "follaje": "Caduco", "lon": -71.068661794395837, "lat": -39.950978020084598 }, "geometry": { "type": "Point", "coordinates": [ -71.068661794395837, -39.950978020084598 ] } },
{ "type": "Feature", "properties": { "nombrevulgar": "Acacia blanca", "nombrecientifico": "Robinia pseudoacacia", "magnitud": 2, "tipo": "Latifoliada", "follaje": "Caduco", "lon": -71.06867043421768, "lat": -39.951012460906796 }, "geometry": { "type": "Point", "coordinates": [ -71.06867043421768, -39.951012460906796 ] } },
{ "type": "Feature", "properties": { "nombrevulgar": "Fresno blanco", "nombrecientifico": "Fraxinus americana", "magnitud": 1, "tipo": "Latifoliada", "follaje": "Caduco", "lon": -71.068751430649201, "lat": -39.951238966805867 }, "geometry": { "type": "Point", "coordinates": [ -71.068751430649201, -39.951238966805867 ] } },
{ "type": "Feature", "properties": { "nombrevulgar": "Fresno blanco", "nombrecientifico": "Fraxinus americana", "magnitud": 1, "tipo": "Latifoliada", "follaje": "Caduco", "lon": -71.06895897193418, "lat": -39.95142186459136 }, "geometry": { "type": "Point", "coordinates": [ -71.06895897193418, -39.95142186459136 ] } },
{ "type": "Feature", "properties": { "nombrevulgar": "Fresno blanco", "nombrecientifico": "Fraxinus americana", "magnitud": 1, "tipo": "Latifoliada", "follaje": "Caduco", "lon": -71.068990029914062, "lat": -39.951505195027487 }, "geometry": { "type": "Point", "coordinates": [ -71.068990029914062, -39.951505195027487 ] } },
{ "type": "Feature", "properties": { "nombrevulgar": "Fresno blanco", "nombrecientifico": "Fraxinus americana", "magnitud": 1, "tipo": "Latifoliada", "follaje": "Caduco", "lon": -71.069038169782871, "lat": -39.951623047899481 }, "geometry": { "type": "Point", "coordinates": [ -71.069038169782871, -39.951623047899481 ] } },
{ "type": "Feature", "properties": { "nombrevulgar": "Fresno Europeo", "nombrecientifico": "Fraxinus excelsior", "magnitud": 2, "tipo": "Latifoliada", "follaje": "Caduco", "lon": -71.068842504509604, "lat": -39.951530194138485 }, "geometry": { "type": "Point", "coordinates": [ -71.068842504509604, -39.951530194138485 ] } },
{ "type": "Feature", "properties": { "nombrevulgar": "Fresno Europeo", "nombrecientifico": "Fraxinus excelsior", "magnitud": 2, "tipo": "Latifoliada", "follaje": "Caduco", "lon": -71.068917043661344, "lat": -39.951801612470184 }, "geometry": { "type": "Point", "coordinates": [ -71.068917043661344, -39.951801612470184 ] } },
{ "type": "Feature", "properties": { "nombrevulgar": "Fresno Europeo", "nombrecientifico": "Fraxinus excelsior", "magnitud": 2, "tipo": "Latifoliada", "follaje": "Caduco", "lon": -71.068898408873423, "lat": -39.951675426888549 }, "geometry": { "type": "Point", "coordinates": [ -71.068898408873423, -39.951675426888549 ] } },
{ "type": "Feature", "properties": { "nombrevulgar": "Ciruelo de flor", "nombrecientifico": "Prunus cerasifera var. pisardii", "magnitud": 3, "tipo": "Latifoliada", "follaje": "Caduco", "lon": -71.06885958639856, "lat": -39.951595667957449 }, "geometry": { "type": "Point", "coordinates": [ -71.06885958639856, -39.951595667957449 ] } },
{ "type": "Feature", "properties": { "nombrevulgar": "Ciruelo de flor", "nombrecientifico": "Prunus cerasifera var. pisardii", "magnitud": 3, "tipo": "Latifoliada", "follaje": "Caduco", "lon": -71.068921702358324, "lat": -39.951718282395191 }, "geometry": { "type": "Point", "coordinates": [ -71.068921702358324, -39.951718282395191 ] } },
{ "type": "Feature", "properties": { "nombrevulgar": "Ciruelo de flor", "nombrecientifico": "Prunus cerasifera var. pisardii", "magnitud": 3, "tipo": "Latifoliada", "follaje": "Caduco", "lon": -71.068931019752284, "lat": -39.951762328304632 }, "geometry": { "type": "Point", "coordinates": [ -71.068931019752284, -39.951762328304632 ] } },
{ "type": "Feature", "properties": { "nombrevulgar": "Olmo siberiano", "nombrecientifico": "Ulmus pumila", "magnitud": 2, "tipo": "Latifoliada", "follaje": "Caduco", "lon": -71.068760200862911, "lat": -39.951780184746326 }, "geometry": { "type": "Point", "coordinates": [ -71.068760200862911, -39.951780184746326 ] } },
{ "type": "Feature", "properties": { "nombrevulgar": "Cedro blanco", "nombrecientifico": "Chamaecyparis lawsoniana", "magnitud": 1, "tipo": "Conífera", "follaje": "Perenne", "lon": -71.068646839236337, "lat": -39.95180280289911 }, "geometry": { "type": "Point", "coordinates": [ -71.068646839236337, -39.95180280289911 ] } },
{ "type": "Feature", "properties": { "nombrevulgar": "Cedro blanco", "nombrecientifico": "Chamaecyparis lawsoniana", "magnitud": 1, "tipo": "Conífera", "follaje": "Perenne", "lon": -71.068612675458454, "lat": -39.951698045075979 }, "geometry": { "type": "Point", "coordinates": [ -71.068612675458454, -39.951698045075979 ] } },
{ "type": "Feature", "properties": { "nombrevulgar": "Cedro blanco", "nombrecientifico": "Chamaecyparis lawsoniana", "magnitud": 1, "tipo": "Conífera", "follaje": "Perenne", "lon": -71.068556771094663, "lat": -39.951876609450878 }, "geometry": { "type": "Point", "coordinates": [ -71.068556771094663, -39.951876609450878 ] } },
{ "type": "Feature", "properties": { "nombrevulgar": "Cedro blanco", "nombrecientifico": "Chamaecyparis lawsoniana", "magnitud": 1, "tipo": "Conífera", "follaje": "Perenne", "lon": -71.068281907972676, "lat": -39.951713520673586 }, "geometry": { "type": "Point", "coordinates": [ -71.068281907972676, -39.951713520673586 ] } },
{ "type": "Feature", "properties": { "nombrevulgar": "Ciruelo de flor", "nombrecientifico": "Prunus cerasifera var. pisardii", "magnitud": 3, "tipo": "Latifoliada", "follaje": "Caduco", "lon": -71.06846515005401, "lat": -39.951675426888549 }, "geometry": { "type": "Point", "coordinates": [ -71.06846515005401, -39.951675426888549 ] } },
{ "type": "Feature", "properties": { "nombrevulgar": "Serbal del cazador", "nombrecientifico": "Sorbus aucuparia", "magnitud": 3, "tipo": "Latifoliada", "follaje": "Caduco", "lon": -71.068271037679722, "lat": -39.951943273364684 }, "geometry": { "type": "Point", "coordinates": [ -71.068271037679722, -39.951943273364684 ] } },
{ "type": "Feature", "properties": { "nombrevulgar": "Abedul", "nombrecientifico": "Betula pendula", "magnitud": 2, "tipo": "Latifoliada", "follaje": "Caduco", "lon": -71.068160781851105, "lat": -39.951962320185245 }, "geometry": { "type": "Point", "coordinates": [ -71.068160781851105, -39.951962320185245 ] } },
{ "type": "Feature", "properties": { "nombrevulgar": "Acebo", "nombrecientifico": "Ilex aquifolium", "magnitud": 3, "tipo": "Latifoliada", "follaje": "Perenne", "lon": -71.068120406477263, "lat": -39.951918274404605 }, "geometry": { "type": "Point", "coordinates": [ -71.068120406477263, -39.951918274404605 ] } },
{ "type": "Feature", "properties": { "nombrevulgar": "Pehuen", "nombrecientifico": "Araucaria araucana", "magnitud": 1, "tipo": "Conífera", "follaje": "Perenne", "lon": -71.068025679638609, "lat": -39.951827801901359 }, "geometry": { "type": "Point", "coordinates": [ -71.068025679638609, -39.951827801901359 ] } },
{ "type": "Feature", "properties": { "nombrevulgar": "Ciruelo de flor", "nombrecientifico": "Prunus cerasifera var. pisardii", "magnitud": 3, "tipo": "Latifoliada", "follaje": "Caduco", "lon": -71.068075372406426, "lat": -39.951977795723053 }, "geometry": { "type": "Point", "coordinates": [ -71.068075372406426, -39.951977795723053 ] } },
{ "type": "Feature", "properties": { "nombrevulgar": "Ciruelo de flor", "nombrecientifico": "Prunus cerasifera var. pisardii", "magnitud": 3, "tipo": "Latifoliada", "follaje": "Caduco", "lon": -71.068017915143628, "lat": -39.951992080831786 }, "geometry": { "type": "Point", "coordinates": [ -71.068017915143628, -39.951992080831786 ] } },
{ "type": "Feature", "properties": { "nombrevulgar": "Ciruelo de flor", "nombrecientifico": "Prunus cerasifera var. pisardii", "magnitud": 3, "tipo": "Latifoliada", "follaje": "Caduco", "lon": -71.067966669476817, "lat": -39.95201350848928 }, "geometry": { "type": "Point", "coordinates": [ -71.067966669476817, -39.95201350848928 ] } },
{ "type": "Feature", "properties": { "nombrevulgar": "Ciruelo de flor", "nombrecientifico": "Prunus cerasifera var. pisardii", "magnitud": 3, "tipo": "Latifoliada", "follaje": "Caduco", "lon": -71.067718205637718, "lat": -39.952061125481904 }, "geometry": { "type": "Point", "coordinates": [ -71.067718205637718, -39.952061125481904 ] } },
{ "type": "Feature", "properties": { "nombrevulgar": "Ciruelo de flor", "nombrecientifico": "Prunus cerasifera var. pisardii", "magnitud": 3, "tipo": "Latifoliada", "follaje": "Caduco", "lon": -71.067948034688854, "lat": -39.952112313711972 }, "geometry": { "type": "Point", "coordinates": [ -71.067948034688854, -39.952112313711972 ] } },
{ "type": "Feature", "properties": { "nombrevulgar": "Ciruelo de flor", "nombrecientifico": "Prunus cerasifera var. pisardii", "magnitud": 3, "tipo": "Latifoliada", "follaje": "Caduco", "lon": -71.067887471628097, "lat": -39.952126598792596 }, "geometry": { "type": "Point", "coordinates": [ -71.067887471628097, -39.952126598792596 ] } },
{ "type": "Feature", "properties": { "nombrevulgar": "Ciruelo de flor", "nombrecientifico": "Prunus cerasifera var. pisardii", "magnitud": 3, "tipo": "Latifoliada", "follaje": "Caduco", "lon": -71.067817591173352, "lat": -39.952140883870257 }, "geometry": { "type": "Point", "coordinates": [ -71.067817591173352, -39.952140883870257 ] } },
{ "type": "Feature", "properties": { "nombrevulgar": "Ciruelo de flor", "nombrecientifico": "Prunus cerasifera var. pisardii", "magnitud": 3, "tipo": "Latifoliada", "follaje": "Caduco", "lon": -71.067746157819613, "lat": -39.952144455139198 }, "geometry": { "type": "Point", "coordinates": [ -71.067746157819613, -39.952144455139198 ] } },
{ "type": "Feature", "properties": { "nombrevulgar": "Serbal del cazador", "nombrecientifico": "Sorbus aucuparia", "magnitud": 3, "tipo": "Latifoliada", "follaje": "Caduco", "lon": -71.067862625244189, "lat": -39.952043269113538 }, "geometry": { "type": "Point", "coordinates": [ -71.067862625244189, -39.952043269113538 ] } },
{ "type": "Feature", "properties": { "nombrevulgar": "Picea del colorado", "nombrecientifico": "Picea pungens", "magnitud": 2, "tipo": "Conífera", "follaje": "Perenne", "lon": -71.067819144072359, "lat": -39.952212309213721 }, "geometry": { "type": "Point", "coordinates": [ -71.067819144072359, -39.952212309213721 ] } },
{ "type": "Feature", "properties": { "nombrevulgar": "Ciruelo de flor", "nombrecientifico": "Prunus cerasifera var. pisardii", "magnitud": 3, "tipo": "Latifoliada", "follaje": "Caduco", "lon": -71.067750976160738, "lat": -39.952219724188161 }, "geometry": { "type": "Point", "coordinates": [ -71.067750976160738, -39.952219724188161 ] } },
{ "type": "Feature", "properties": { "nombrevulgar": "Ciruelo de flor", "nombrecientifico": "Prunus cerasifera var. pisardii", "magnitud": 3, "tipo": "Latifoliada", "follaje": "Caduco", "lon": -71.067810657178612, "lat": -39.952342897927757 }, "geometry": { "type": "Point", "coordinates": [ -71.067810657178612, -39.952342897927757 ] } },
{ "type": "Feature", "properties": { "nombrevulgar": "Ciruelo de flor", "nombrecientifico": "Prunus cerasifera var. pisardii", "magnitud": 3, "tipo": "Latifoliada", "follaje": "Caduco", "lon": -71.067785407517206, "lat": -39.952281311085656 }, "geometry": { "type": "Point", "coordinates": [ -71.067785407517206, -39.952281311085656 ] } },
{ "type": "Feature", "properties": { "nombrevulgar": "Serbal del cazador", "nombrecientifico": "Sorbus aucuparia", "magnitud": 3, "tipo": "Latifoliada", "follaje": "Caduco", "lon": -71.067748680736969, "lat": -39.952555812011667 }, "geometry": { "type": "Point", "coordinates": [ -71.067748680736969, -39.952555812011667 ] } },
{ "type": "Feature", "properties": { "nombrevulgar": "Serbal del cazador", "nombrecientifico": "Sorbus aucuparia", "magnitud": 3, "tipo": "Latifoliada", "follaje": "Caduco", "lon": -71.067771634974619, "lat": -39.952620917838892 }, "geometry": { "type": "Point", "coordinates": [ -71.067771634974619, -39.952620917838892 ] } },
{ "type": "Feature", "properties": { "nombrevulgar": "Ciruelo de flor", "nombrecientifico": "Prunus cerasifera var. pisardii", "magnitud": 3, "tipo": "Latifoliada", "follaje": "Caduco", "lon": -71.067763485956789, "lat": -39.952244554889774 }, "geometry": { "type": "Point", "coordinates": [ -71.067763485956789, -39.952244554889774 ] } },
{ "type": "Feature", "properties": { "nombrevulgar": "Ciruelo de flor", "nombrecientifico": "Prunus cerasifera var. pisardii", "magnitud": 3, "tipo": "Latifoliada", "follaje": "Caduco", "lon": -71.067732474132384, "lat": -39.952184311812836 }, "geometry": { "type": "Point", "coordinates": [ -71.067732474132384, -39.952184311812836 ] } },
{ "type": "Feature", "properties": { "nombrevulgar": "Ciruelo de flor", "nombrecientifico": "Prunus cerasifera var. pisardii", "magnitud": 3, "tipo": "Latifoliada", "follaje": "Caduco", "lon": -71.067801898330217, "lat": -39.952316144127458 }, "geometry": { "type": "Point", "coordinates": [ -71.067801898330217, -39.952316144127458 ] } },
{ "type": "Feature", "properties": { "nombrevulgar": "Ciruelo de flor", "nombrecientifico": "Prunus cerasifera var. pisardii", "magnitud": 3, "tipo": "Latifoliada", "follaje": "Caduco", "lon": -71.06783044330497, "lat": -39.952378278122048 }, "geometry": { "type": "Point", "coordinates": [ -71.06783044330497, -39.952378278122048 ] } },
{ "type": "Feature", "properties": { "nombrevulgar": "Ciruelo de flor", "nombrecientifico": "Prunus cerasifera var. pisardii", "magnitud": 3, "tipo": "Latifoliada", "follaje": "Caduco", "lon": -71.067847244501152, "lat": -39.952427098809949 }, "geometry": { "type": "Point", "coordinates": [ -71.067847244501152, -39.952427098809949 ] } },
{ "type": "Feature", "properties": { "nombrevulgar": "Ciruelo de flor", "nombrecientifico": "Prunus cerasifera var. pisardii", "magnitud": 3, "tipo": "Latifoliada", "follaje": "Caduco", "lon": -71.067728881373341, "lat": -39.952495484919375 }, "geometry": { "type": "Point", "coordinates": [ -71.067728881373341, -39.952495484919375 ] } },
{ "type": "Feature", "properties": { "nombrevulgar": "Abedul", "nombrecientifico": "Betula pendula", "magnitud": 2, "tipo": "Latifoliada", "follaje": "Caduco", "lon": -71.067903802251891, "lat": -39.952514704532575 }, "geometry": { "type": "Point", "coordinates": [ -71.067903802251891, -39.952514704532575 ] } },
{ "type": "Feature", "properties": { "nombrevulgar": "Maitén", "nombrecientifico": "Maytenus boaria", "magnitud": 2, "tipo": "Latifoliada", "follaje": "Perenne", "lon": -71.067990679621587, "lat": -39.952491462208926 }, "geometry": { "type": "Point", "coordinates": [ -71.067990679621587, -39.952491462208926 ] } },
{ "type": "Feature", "properties": { "nombrevulgar": "Roble europeo", "nombrecientifico": "Quercus robur", "magnitud": 1, "tipo": "Latifoliada", "follaje": "Caduco", "lon": -71.06779787364944, "lat": -39.952664957794056 }, "geometry": { "type": "Point", "coordinates": [ -71.06779787364944, -39.952664957794056 ] } },
{ "type": "Feature", "properties": { "nombrevulgar": "Olmo siberiano", "nombrecientifico": "Ulmus pumila", "magnitud": 2, "tipo": "Latifoliada", "follaje": "Caduco", "lon": -71.067826389129721, "lat": -39.952720334565228 }, "geometry": { "type": "Point", "coordinates": [ -71.067826389129721, -39.952720334565228 ] } },
{ "type": "Feature", "properties": { "nombrevulgar": "Olmo siberiano", "nombrecientifico": "Ulmus pumila", "magnitud": 2, "tipo": "Latifoliada", "follaje": "Caduco", "lon": -71.067854904609987, "lat": -39.952785912262542 }, "geometry": { "type": "Point", "coordinates": [ -71.067854904609987, -39.952785912262542 ] } },
{ "type": "Feature", "properties": { "nombrevulgar": "Picea del colorado", "nombrecientifico": "Picea pungens", "magnitud": 2, "tipo": "Conífera", "follaje": "Perenne", "lon": -71.06765898378967, "lat": -39.95274589698991 }, "geometry": { "type": "Point", "coordinates": [ -71.06765898378967, -39.95274589698991 ] } },
{ "type": "Feature", "properties": { "nombrevulgar": "Picea del colorado", "nombrecientifico": "Picea pungens", "magnitud": 2, "tipo": "Conífera", "follaje": "Perenne", "lon": -71.067695451555011, "lat": -39.952826116362331 }, "geometry": { "type": "Point", "coordinates": [ -71.067695451555011, -39.952826116362331 ] } },
{ "type": "Feature", "properties": { "nombrevulgar": "Picea del colorado", "nombrecientifico": "Picea pungens", "magnitud": 2, "tipo": "Conífera", "follaje": "Perenne", "lon": -71.067749360425523, "lat": -39.952930644494288 }, "geometry": { "type": "Point", "coordinates": [ -71.067749360425523, -39.952930644494288 ] } },
{ "type": "Feature", "properties": { "nombrevulgar": "Maitén", "nombrecientifico": "Maytenus boaria", "magnitud": 2, "tipo": "Latifoliada", "follaje": "Perenne", "lon": -71.067536896053568, "lat": -39.953030310703909 }, "geometry": { "type": "Point", "coordinates": [ -71.067536896053568, -39.953030310703909 ] } },
{ "type": "Feature", "properties": { "nombrevulgar": "Maitén", "nombrecientifico": "Maytenus boaria", "magnitud": 2, "tipo": "Latifoliada", "follaje": "Perenne", "lon": -71.067584462703991, "lat": -39.953023018059369 }, "geometry": { "type": "Point", "coordinates": [ -71.067584462703991, -39.953023018059369 ] } },
{ "type": "Feature", "properties": { "nombrevulgar": "Pehuen", "nombrecientifico": "Araucaria araucana", "magnitud": 1, "tipo": "Conífera", "follaje": "Perenne", "lon": -71.06743066386754, "lat": -39.952944014360128 }, "geometry": { "type": "Point", "coordinates": [ -71.06743066386754, -39.952944014360128 ] } },
{ "type": "Feature", "properties": { "nombrevulgar": "Alamo negro", "nombrecientifico": "Populus nigra", "magnitud": 1, "tipo": "Latifoliada", "follaje": "Caduco", "lon": -71.067779602222444, "lat": -39.95300094875634 }, "geometry": { "type": "Point", "coordinates": [ -71.067779602222444, -39.95300094875634 ] } },
{ "type": "Feature", "properties": { "nombrevulgar": "Alamo negro", "nombrecientifico": "Populus nigra", "magnitud": 1, "tipo": "Latifoliada", "follaje": "Caduco", "lon": -71.067704427346186, "lat": -39.953022059602915 }, "geometry": { "type": "Point", "coordinates": [ -71.067704427346186, -39.953022059602915 ] } },
{ "type": "Feature", "properties": { "nombrevulgar": "Alamo negro", "nombrecientifico": "Populus nigra", "magnitud": 1, "tipo": "Latifoliada", "follaje": "Caduco", "lon": -71.067613622050104, "lat": -39.953056863957336 }, "geometry": { "type": "Point", "coordinates": [ -71.067613622050104, -39.953056863957336 ] } },
{ "type": "Feature", "properties": { "nombrevulgar": "Alamo negro", "nombrecientifico": "Populus nigra", "magnitud": 1, "tipo": "Latifoliada", "follaje": "Caduco", "lon": -71.067543657313792, "lat": -39.953083109852273 }, "geometry": { "type": "Point", "coordinates": [ -71.067543657313792, -39.953083109852273 ] } },
{ "type": "Feature", "properties": { "nombrevulgar": "Alamo negro", "nombrecientifico": "Populus nigra", "magnitud": 1, "tipo": "Latifoliada", "follaje": "Caduco", "lon": -71.067443176043525, "lat": -39.953123049238229 }, "geometry": { "type": "Point", "coordinates": [ -71.067443176043525, -39.953123049238229 ] } },
{ "type": "Feature", "properties": { "nombrevulgar": "Fresno Europeo", "nombrecientifico": "Fraxinus excelsior", "magnitud": 2, "tipo": "Latifoliada", "follaje": "Caduco", "lon": -71.068011427229749, "lat": -39.952791474839714 }, "geometry": { "type": "Point", "coordinates": [ -71.068011427229749, -39.952791474839714 ] } },
{ "type": "Feature", "properties": { "nombrevulgar": "Fresno Europeo", "nombrecientifico": "Fraxinus excelsior", "magnitud": 2, "tipo": "Latifoliada", "follaje": "Caduco", "lon": -71.0680399494791, "lat": -39.952893508673128 }, "geometry": { "type": "Point", "coordinates": [ -71.0680399494791, -39.952893508673128 ] } },
{ "type": "Feature", "properties": { "nombrevulgar": "Maitén", "nombrecientifico": "Maytenus boaria", "magnitud": 2, "tipo": "Latifoliada", "follaje": "Perenne", "lon": -71.068072433980106, "lat": -39.952949952249078 }, "geometry": { "type": "Point", "coordinates": [ -71.068072433980106, -39.952949952249078 ] } },
{ "type": "Feature", "properties": { "nombrevulgar": "Maitén", "nombrecientifico": "Maytenus boaria", "magnitud": 2, "tipo": "Latifoliada", "follaje": "Perenne", "lon": -71.068146444963887, "lat": -39.95288837426105 }, "geometry": { "type": "Point", "coordinates": [ -71.068146444963887, -39.95288837426105 ] } },
{ "type": "Feature", "properties": { "nombrevulgar": "Manzano común", "nombrecientifico": "Malus sylvestris", "magnitud": 3, "tipo": "Latifoliada", "follaje": "Caduco", "lon": -71.068256722276487, "lat": -39.952850692696181 }, "geometry": { "type": "Point", "coordinates": [ -71.068256722276487, -39.952850692696181 ] } },
{ "type": "Feature", "properties": { "nombrevulgar": "Peral", "nombrecientifico": "Pyrus communis", "magnitud": 3, "tipo": "Latifoliada", "follaje": "Caduco", "lon": -71.068328489419542, "lat": -39.952758036188413 }, "geometry": { "type": "Point", "coordinates": [ -71.068328489419542, -39.952758036188413 ] } },
{ "type": "Feature", "properties": { "nombrevulgar": "Peral", "nombrecientifico": "Pyrus communis", "magnitud": 3, "tipo": "Latifoliada", "follaje": "Caduco", "lon": -71.068351152727899, "lat": -39.952801468942049 }, "geometry": { "type": "Point", "coordinates": [ -71.068351152727899, -39.952801468942049 ] } },
{ "type": "Feature", "properties": { "nombrevulgar": "Guindo", "nombrecientifico": "Prunus cerasus", "magnitud": 2, "tipo": "Latifoliada", "follaje": "Caduco", "lon": -71.068456914833433, "lat": -39.952791817221389 }, "geometry": { "type": "Point", "coordinates": [ -71.068456914833433, -39.952791817221389 ] } },
{ "type": "Feature", "properties": { "nombrevulgar": "Pino oregon", "nombrecientifico": "Pseudotsuga menziesii", "magnitud": 1, "tipo": "Conífera", "follaje": "Perenne", "lon": -71.068427956161685, "lat": -39.952843936496741 }, "geometry": { "type": "Point", "coordinates": [ -71.068427956161685, -39.952843936496741 ] } },
{ "type": "Feature", "properties": { "nombrevulgar": "Pino oregon", "nombrecientifico": "Pseudotsuga menziesii", "magnitud": 1, "tipo": "Conífera", "follaje": "Perenne", "lon": -71.068448101324634, "lat": -39.952926941186554 }, "geometry": { "type": "Point", "coordinates": [ -71.068448101324634, -39.952926941186554 ] } },
{ "type": "Feature", "properties": { "nombrevulgar": "Pino oregon", "nombrecientifico": "Pseudotsuga menziesii", "magnitud": 1, "tipo": "Conífera", "follaje": "Perenne", "lon": -71.068169846261185, "lat": -39.952989677222533 }, "geometry": { "type": "Point", "coordinates": [ -71.068169846261185, -39.952989677222533 ] } },
{ "type": "Feature", "properties": { "nombrevulgar": "Pino oregon", "nombrecientifico": "Pseudotsuga menziesii", "magnitud": 1, "tipo": "Conífera", "follaje": "Perenne", "lon": -71.068193768642203, "lat": -39.953047587358483 }, "geometry": { "type": "Point", "coordinates": [ -71.068193768642203, -39.953047587358483 ] } },
{ "type": "Feature", "properties": { "nombrevulgar": "Pino oregon", "nombrecientifico": "Pseudotsuga menziesii", "magnitud": 1, "tipo": "Conífera", "follaje": "Perenne", "lon": -71.068206359369086, "lat": -39.953099706438913 }, "geometry": { "type": "Point", "coordinates": [ -71.068206359369086, -39.953099706438913 ] } },
{ "type": "Feature", "properties": { "nombrevulgar": "Espino albar", "nombrecientifico": "Crataegus monogyna", "magnitud": 3, "tipo": "Latifoliada", "follaje": "Caduco", "lon": -71.068213913805181, "lat": -39.952930801867382 }, "geometry": { "type": "Point", "coordinates": [ -71.068213913805181, -39.952930801867382 ] } },
{ "type": "Feature", "properties": { "nombrevulgar": "Espino albar", "nombrecientifico": "Crataegus monogyna", "magnitud": 3, "tipo": "Latifoliada", "follaje": "Caduco", "lon": -71.068265535785272, "lat": -39.952985816545059 }, "geometry": { "type": "Point", "coordinates": [ -71.068265535785272, -39.952985816545059 ] } },
{ "type": "Feature", "properties": { "nombrevulgar": "Cipres de arizona", "nombrecientifico": "Cupressus arizonica", "magnitud": 2, "tipo": "Conífera", "follaje": "Perenne", "lon": -71.068546308994101, "lat": -39.953080403080413 }, "geometry": { "type": "Point", "coordinates": [ -71.068546308994101, -39.953080403080413 ] } },
{ "type": "Feature", "properties": { "nombrevulgar": "Picea común", "nombrecientifico": "Picea abies", "magnitud": 2, "tipo": "Conífera", "follaje": "Perenne", "lon": -71.068270572076031, "lat": -39.953134452470479 }, "geometry": { "type": "Point", "coordinates": [ -71.068270572076031, -39.953134452470479 ] } },
{ "type": "Feature", "properties": { "nombrevulgar": "Serbal del cazador", "nombrecientifico": "Sorbus aucuparia", "magnitud": 3, "tipo": "Latifoliada", "follaje": "Caduco", "lon": -71.068395220271853, "lat": -39.953095845767663 }, "geometry": { "type": "Point", "coordinates": [ -71.068395220271853, -39.953095845767663 ] } },
{ "type": "Feature", "properties": { "nombrevulgar": "Serbal del cazador", "nombrecientifico": "Sorbus aucuparia", "magnitud": 3, "tipo": "Latifoliada", "follaje": "Caduco", "lon": -71.068454396688054, "lat": -39.953088124424482 }, "geometry": { "type": "Point", "coordinates": [ -71.068454396688054, -39.953088124424482 ] } },
{ "type": "Feature", "properties": { "nombrevulgar": "Ciruelo de flor", "nombrecientifico": "Prunus cerasifera var. pisardii", "magnitud": 3, "tipo": "Latifoliada", "follaje": "Caduco", "lon": -71.068254204131108, "lat": -39.953241585956661 }, "geometry": { "type": "Point", "coordinates": [ -71.068254204131108, -39.953241585956661 ] } },
{ "type": "Feature", "properties": { "nombrevulgar": "Ciruelo de flor", "nombrecientifico": "Prunus cerasifera var. pisardii", "magnitud": 3, "tipo": "Latifoliada", "follaje": "Caduco", "lon": -71.068420401725533, "lat": -39.953185606318144 }, "geometry": { "type": "Point", "coordinates": [ -71.068420401725533, -39.953185606318144 ] } },
{ "type": "Feature", "properties": { "nombrevulgar": "Ciruelo de flor", "nombrecientifico": "Prunus cerasifera var. pisardii", "magnitud": 3, "tipo": "Latifoliada", "follaje": "Caduco", "lon": -71.068475800923693, "lat": -39.953204909646928 }, "geometry": { "type": "Point", "coordinates": [ -71.068475800923693, -39.953204909646928 ] } },
{ "type": "Feature", "properties": { "nombrevulgar": "Ciruelo de flor", "nombrecientifico": "Prunus cerasifera var. pisardii", "magnitud": 3, "tipo": "Latifoliada", "follaje": "Caduco", "lon": -71.068726487231999, "lat": -39.953219472197475 }, "geometry": { "type": "Point", "coordinates": [ -71.068726487231999, -39.953219472197475 ] } },
{ "type": "Feature", "properties": { "nombrevulgar": "Ciruelo de flor", "nombrecientifico": "Prunus cerasifera var. pisardii", "magnitud": 3, "tipo": "Latifoliada", "follaje": "Caduco", "lon": -71.068757402030712, "lat": -39.953219472197468 }, "geometry": { "type": "Point", "coordinates": [ -71.068757402030712, -39.953219472197468 ] } },
{ "type": "Feature", "properties": { "nombrevulgar": "Ciruelo de flor", "nombrecientifico": "Prunus cerasifera var. pisardii", "magnitud": 3, "tipo": "Latifoliada", "follaje": "Caduco", "lon": -71.068797591269032, "lat": -39.953098610625261 }, "geometry": { "type": "Point", "coordinates": [ -71.068797591269032, -39.953098610625261 ] } },
{ "type": "Feature", "properties": { "nombrevulgar": "Espino albar", "nombrecientifico": "Crataegus monogyna", "magnitud": 3, "tipo": "Latifoliada", "follaje": "Caduco", "lon": -71.068656413688245, "lat": -39.953117569317392 }, "geometry": { "type": "Point", "coordinates": [ -71.068656413688245, -39.953117569317392 ] } }
]
}
