{
"type": "FeatureCollection",
"crs": { "type": "name", "properties": { "name": "urn:ogc:def:crs:OGC:1.3:CRS84" } },
"features": [
{ "type": "Feature", "properties": { "nombrevulgar": "Pino oregon", "nombrecientifico": "Pseudotsuga menziesii", "magnitud": 1, "tipo": "Conífera", "follaje": "Perenne", "lon": -71.35902344321957, "lat": -40.15663117065413, "imagen": "PSEUDOTSUGA MENZIESII.gif", "url_ficha": "https://www.arbolesurbanos.com.ar/pseudotsuga-menziesii-pino-oregon/", "thumbnail": "/thumbnails/pino-oregon.jpg" }, "geometry": { "type": "Point", "coordinates": [ -71.35902344321957, -40.15663117065413 ] } },
{ "type": "Feature", "properties": { "nombrevulgar": "Pino oregon", "nombrecientifico": "Pseudotsuga menziesii", "magnitud": 1, "tipo": "Conífera", "follaje": "Perenne", "lon": -71.359005155433465, "lat": -40.156658600453106, "imagen": "PSEUDOTSUGA MENZIESII.gif", "url_ficha": "https://www.arbolesurbanos.com.ar/pseudotsuga-menziesii-pino-oregon/", "thumbnail": "/thumbnails/pino-oregon.jpg" }, "geometry": { "type": "Point", "coordinates": [ -71.359005155433465, -40.156658600453106 ] } },
{ "type": "Feature", "properties": { "nombrevulgar": "Pino oregon", "nombrecientifico": "Pseudotsuga menziesii", "magnitud": 1, "tipo": "Conífera", "follaje": "Perenne", "lon": -71.356639822214376, "lat": -40.155351689861561, "imagen": "PSEUDOTSUGA MENZIESII.gif", "url_ficha": "https://www.arbolesurbanos.com.ar/pseudotsuga-menziesii-pino-oregon/", "thumbnail": "/thumbnails/pino-oregon.jpg" }, "geometry": { "type": "Point", "coordinates": [ -71.356639822214376, -40.155351689861561 ] } },
{ "type": "Feature", "properties": { "nombrevulgar": "Pino oregon", "nombrecientifico": "Pseudotsuga menziesii", "magnitud": 1, "tipo": "Conífera", "follaje": "Perenne", "lon": -71.356688652221123, "lat": -40.155493708735754, "imagen": "PSEUDOTSUGA MENZIESII.gif", "url_ficha": "https://www.arbolesurbanos.com.ar/pseudotsuga-menziesii-pino-oregon/", "thumbnail": "/thumbnails/pino-oregon.jpg" }, "geometry": { "type": "Point", "coordinates": [ -71.356688652221123, -40.155493708735754 ] } },
{ "type": "Feature", "properties": { "nombrevulgar": "Pino oregon", "nombrecientifico": "Pseudotsuga menziesii", "magnitud": 1, "tipo": "Conífera", "follaje": "Perenne", "lon": -71.356789745120054, "lat": -40.155474389817208, "imagen": "PSEUDOTSUGA MENZIESII.gif", "url_ficha": "https://www.arbolesurbanos.com.ar/pseudotsuga-menziesii-pino-oregon/", "thumbnail": "/thumbnails/pino-oregon.jpg" }, "geometry": { "type": "Point", "coordinates": [ -71.356789745120054, -40.155474389817208 ] } },
{ "type": "Feature", "properties": { "nombrevulgar": "Pino oregon", "nombrecientifico": "Pseudotsuga menziesii", "magnitud": 1, "tipo": "Conífera", "follaje": "Perenne", "lon": -71.356767304935303, "lat": -40.155414025085697, "imagen": "PSEUDOTSUGA MENZIESII.gif", "url_ficha": "https://www.arbolesurbanos.com.ar/pseudotsuga-menziesii-pino-oregon/", "thumbnail": "/thumbnails/pino-oregon.jpg" }, "geometry": { "type": "Point", "coordinates": [ -71.356767304935303, -40.155414025085697 ] } },
{ "type": "Feature", "properties": { "nombrevulgar": "Pino oregon", "nombrecientifico": "Pseudotsuga menziesii", "magnitud": 1, "tipo": "Conífera", "follaje": "Perenne", "lon": -71.357103271917424, "lat": -40.155588825977539, "imagen": "PSEUDOTSUGA MENZIESII.gif", "url_ficha": "https://www.arbolesurbanos.com.ar/pseudotsuga-menziesii-pino-oregon/", "thumbnail": "/thumbnails/pino-oregon.jpg" }, "geometry": { "type": "Point", "coordinates": [ -71.357103271917424, -40.155588825977539 ] } },
{ "type": "Feature", "properties": { "nombrevulgar": "Pino oregon", "nombrecientifico": "Pseudotsuga menziesii", "magnitud": 1, "tipo": "Conífera", "follaje": "Perenne", "lon": -71.359139181947384, "lat": -40.155090249390774, "imagen": "PSEUDOTSUGA MENZIESII.gif", "url_ficha": "https://www.arbolesurbanos.com.ar/pseudotsuga-menziesii-pino-oregon/", "thumbnail": "/thumbnails/pino-oregon.jpg" }, "geometry": { "type": "Point", "coordinates": [ -71.359139181947384, -40.155090249390774 ] } },
{ "type": "Feature", "properties": { "nombrevulgar": "Pino oregon", "nombrecientifico": "Pseudotsuga menziesii", "magnitud": 1, "tipo": "Conífera", "follaje": "Perenne", "lon": -71.35950755873742, "lat": -40.154619489542675, "imagen": "PSEUDOTSUGA MENZIESII.gif", "url_ficha": "https://www.arbolesurbanos.com.ar/pseudotsuga-menziesii-pino-oregon/", "thumbnail": "/thumbnails/pino-oregon.jpg" }, "geometry": { "type": "Point", "coordinates": [ -71.35950755873742, -40.154619489542675 ] } },
{ "type": "Feature", "properties": { "nombrevulgar": "Pino oregon", "nombrecientifico": "Pseudotsuga menziesii", "magnitud": 1, "tipo": "Conífera", "follaje": "Perenne", "lon": -71.360285475101549, "lat": -40.155154769566423, "imagen": "PSEUDOTSUGA MENZIESII.gif", "url_ficha": "https://www.arbolesurbanos.com.ar/pseudotsuga-menziesii-pino-oregon/", "thumbnail": "/thumbnails/pino-oregon.jpg" }, "geometry": { "type": "Point", "coordinates": [ -71.360285475101549, -40.155154769566423 ] } },
{ "type": "Feature", "properties": { "nombrevulgar": "Pino oregon", "nombrecientifico": "Pseudotsuga menziesii", "magnitud": 1, "tipo": "Conífera", "follaje": "Perenne", "lon": -71.360197393106006, "lat": -40.155461976666871, "imagen": "PSEUDOTSUGA MENZIESII.gif", "url_ficha": "https://www.arbolesurbanos.com.ar/pseudotsuga-menziesii-pino-oregon/", "thumbnail": "/thumbnails/pino-oregon.jpg" }, "geometry": { "type": "Point", "coordinates": [ -71.360197393106006, -40.155461976666871 ] } },
{ "type": "Feature", "properties": { "nombrevulgar": "Pino oregon", "nombrecientifico": "Pseudotsuga menziesii", "magnitud": 1, "tipo": "Conífera", "follaje": "Perenne", "lon": -71.360200041201793, "lat": -40.155493185171906, "imagen": "PSEUDOTSUGA MENZIESII.gif", "url_ficha": "https://www.arbolesurbanos.com.ar/pseudotsuga-menziesii-pino-oregon/", "thumbnail": "/thumbnails/pino-oregon.jpg" }, "geometry": { "type": "Point", "coordinates": [ -71.360200041201793, -40.155493185171906 ] } },
{ "type": "Feature", "properties": { "nombrevulgar": "Pino oregon", "nombrecientifico": "Pseudotsuga menziesii", "magnitud": 1, "tipo": "Conífera", "follaje": "Perenne", "lon": -71.360198033099707, "lat": -40.155525691041305, "imagen": "PSEUDOTSUGA MENZIESII.gif", "url_ficha": "https://www.arbolesurbanos.com.ar/pseudotsuga-menziesii-pino-oregon/", "thumbnail": "/thumbnails/pino-oregon.jpg" }, "geometry": { "type": "Point", "coordinates": [ -71.360198033099707, -40.155525691041305 ] } },
{ "type": "Feature", "properties": { "nombrevulgar": "Pino oregon", "nombrecientifico": "Pseudotsuga menziesii", "magnitud": 1, "tipo": "Conífera", "follaje": "Perenne", "lon": -71.360186837453341, "lat": -40.155564396305536, "imagen": "PSEUDOTSUGA MENZIESII.gif", "url_ficha": "https://www.arbolesurbanos.com.ar/pseudotsuga-menziesii-pino-oregon/", "thumbnail": "/thumbnails/pino-oregon.jpg" }, "geometry": { "type": "Point", "coordinates": [ -71.360186837453341, -40.155564396305536 ] } },
{ "type": "Feature", "properties": { "nombrevulgar": "Pino oregon", "nombrecientifico": "Pseudotsuga menziesii", "magnitud": 1, "tipo": "Conífera", "follaje": "Perenne", "lon": -71.360375009402048, "lat": -40.156902280518558, "imagen": "PSEUDOTSUGA MENZIESII.gif", "url_ficha": "https://www.arbolesurbanos.com.ar/pseudotsuga-menziesii-pino-oregon/", "thumbnail": "/thumbnails/pino-oregon.jpg" }, "geometry": { "type": "Point", "coordinates": [ -71.360375009402048, -40.156902280518558 ] } },
{ "type": "Feature", "properties": { "nombrevulgar": "Pino oregon", "nombrecientifico": "Pseudotsuga menziesii", "magnitud": 1, "tipo": "Conífera", "follaje": "Perenne", "lon": -71.358273301521976, "lat": -40.155986867919466, "imagen": "PSEUDOTSUGA MENZIESII.gif", "url_ficha": "https://www.arbolesurbanos.com.ar/pseudotsuga-menziesii-pino-oregon/", "thumbnail": "/thumbnails/pino-oregon.jpg" }, "geometry": { "type": "Point", "coordinates": [ -71.358273301521976, -40.155986867919466 ] } },
{ "type": "Feature", "properties": { "nombrevulgar": "Pino oregon", "nombrecientifico": "Pseudotsuga menziesii", "magnitud": 1, "tipo": "Conífera", "follaje": "Perenne", "lon": -71.356515808084595, "lat": -40.152787929385262, "imagen": "PSEUDOTSUGA MENZIESII.gif", "url_ficha": "https://www.arbolesurbanos.com.ar/pseudotsuga-menziesii-pino-oregon/", "thumbnail": "/thumbnails/pino-oregon.jpg" }, "geometry": { "type": "Point", "coordinates": [ -71.356515808084595, -40.152787929385262 ] } },
{ "type": "Feature", "properties": { "nombrevulgar": "Pino oregon", "nombrecientifico": "Pseudotsuga menziesii", "magnitud": 1, "tipo": "Conífera", "follaje": "Perenne", "lon": -71.355575551587236, "lat": -40.152435545170526, "imagen": "PSEUDOTSUGA MENZIESII.gif", "url_ficha": "https://www.arbolesurbanos.com.ar/pseudotsuga-menziesii-pino-oregon/", "thumbnail": "/thumbnails/pino-oregon.jpg" }, "geometry": { "type": "Point", "coordinates": [ -71.355575551587236, -40.152435545170526 ] } },
{ "type": "Feature", "properties": { "nombrevulgar": "Pino oregon", "nombrecientifico": "Pseudotsuga menziesii", "magnitud": 1, "tipo": "Conífera", "follaje": "Perenne", "lon": -71.359911282386946, "lat": -40.156715196543708, "imagen": "PSEUDOTSUGA MENZIESII.gif", "url_ficha": "https://www.arbolesurbanos.com.ar/pseudotsuga-menziesii-pino-oregon/", "thumbnail": "/thumbnails/pino-oregon.jpg" }, "geometry": { "type": "Point", "coordinates": [ -71.359911282386946, -40.156715196543708 ] } },
{ "type": "Feature", "properties": { "nombrevulgar": "Pino oregon", "nombrecientifico": "Pseudotsuga menziesii", "magnitud": 1, "tipo": "Conífera", "follaje": "Perenne", "lon": -71.36020464238436, "lat": -40.156681866218413, "imagen": "PSEUDOTSUGA MENZIESII.gif", "url_ficha": "https://www.arbolesurbanos.com.ar/pseudotsuga-menziesii-pino-oregon/", "thumbnail": "/thumbnails/pino-oregon.jpg" }, "geometry": { "type": "Point", "coordinates": [ -71.36020464238436, -40.156681866218413 ] } },
{ "type": "Feature", "properties": { "nombrevulgar": "Pino oregon", "nombrecientifico": "Pseudotsuga menziesii", "magnitud": 1, "tipo": "Conífera", "follaje": "Perenne", "lon": -71.360255300078975, "lat": -40.156952871178518, "imagen": "PSEUDOTSUGA MENZIESII.gif", "url_ficha": "https://www.arbolesurbanos.com.ar/pseudotsuga-menziesii-pino-oregon/", "thumbnail": "/thumbnails/pino-oregon.jpg" }, "geometry": { "type": "Point", "coordinates": [ -71.360255300078975, -40.156952871178518 ] } },
{ "type": "Feature", "properties": { "nombrevulgar": "Pino oregon", "nombrecientifico": "Pseudotsuga menziesii", "magnitud": 1, "tipo": "Conífera", "follaje": "Perenne", "lon": -71.361022871061223, "lat": -40.157921928865484, "imagen": "PSEUDOTSUGA MENZIESII.gif", "url_ficha": "https://www.arbolesurbanos.com.ar/pseudotsuga-menziesii-pino-oregon/", "thumbnail": "/thumbnails/pino-oregon.jpg" }, "geometry": { "type": "Point", "coordinates": [ -71.361022871061223, -40.157921928865484 ] } },
{ "type": "Feature", "properties": { "nombrevulgar": "Pino oregon", "nombrecientifico": "Pseudotsuga menziesii", "magnitud": 1, "tipo": "Conífera", "follaje": "Perenne", "lon": -71.36094753354196, "lat": -40.157878669179212, "imagen": "PSEUDOTSUGA MENZIESII.gif", "url_ficha": "https://www.arbolesurbanos.com.ar/pseudotsuga-menziesii-pino-oregon/", "thumbnail": "/thumbnails/pino-oregon.jpg" }, "geometry": { "type": "Point", "coordinates": [ -71.36094753354196, -40.157878669179212 ] } },
{ "type": "Feature", "properties": { "nombrevulgar": "Pino oregon", "nombrecientifico": "Pseudotsuga menziesii", "magnitud": 1, "tipo": "Conífera", "follaje": "Perenne", "lon": -71.361137704955496, "lat": -40.157667934044589, "imagen": "PSEUDOTSUGA MENZIESII.gif", "url_ficha": "https://www.arbolesurbanos.com.ar/pseudotsuga-menziesii-pino-oregon/", "thumbnail": "/thumbnails/pino-oregon.jpg" }, "geometry": { "type": "Point", "coordinates": [ -71.361137704955496, -40.157667934044589 ] } },
{ "type": "Feature", "properties": { "nombrevulgar": "Pino oregon", "nombrecientifico": "Pseudotsuga menziesii", "magnitud": 1, "tipo": "Conífera", "follaje": "Perenne", "lon": -71.361050127858363, "lat": -40.157618336394719, "imagen": "PSEUDOTSUGA MENZIESII.gif", "url_ficha": "https://www.arbolesurbanos.com.ar/pseudotsuga-menziesii-pino-oregon/", "thumbnail": "/thumbnails/pino-oregon.jpg" }, "geometry": { "type": "Point", "coordinates": [ -71.361050127858363, -40.157618336394719 ] } },
{ "type": "Feature", "properties": { "nombrevulgar": "Pino oregon", "nombrecientifico": "Pseudotsuga menziesii", "magnitud": 1, "tipo": "Conífera", "follaje": "Perenne", "lon": -71.359240369895531, "lat": -40.157550627879885, "imagen": "PSEUDOTSUGA MENZIESII.gif", "url_ficha": "https://www.arbolesurbanos.com.ar/pseudotsuga-menziesii-pino-oregon/", "thumbnail": "/thumbnails/pino-oregon.jpg" }, "geometry": { "type": "Point", "coordinates": [ -71.359240369895531, -40.157550627879885 ] } },
{ "type": "Feature", "properties": { "nombrevulgar": "Pino oregon", "nombrecientifico": "Pseudotsuga menziesii", "magnitud": 1, "tipo": "Conífera", "follaje": "Perenne", "lon": -71.359172274724557, "lat": -40.157631810309532, "imagen": "PSEUDOTSUGA MENZIESII.gif", "url_ficha": "https://www.arbolesurbanos.com.ar/pseudotsuga-menziesii-pino-oregon/", "thumbnail": "/thumbnails/pino-oregon.jpg" }, "geometry": { "type": "Point", "coordinates": [ -71.359172274724557, -40.157631810309532 ] } },
{ "type": "Feature", "properties": { "nombrevulgar": "Pino oregon", "nombrecientifico": "Pseudotsuga menziesii", "magnitud": 1, "tipo": "Conífera", "follaje": "Perenne", "lon": -71.35909076110967, "lat": -40.15773502830109, "imagen": "PSEUDOTSUGA MENZIESII.gif", "url_ficha": "https://www.arbolesurbanos.com.ar/pseudotsuga-menziesii-pino-oregon/", "thumbnail": "/thumbnails/pino-oregon.jpg" }, "geometry": { "type": "Point", "coordinates": [ -71.35909076110967, -40.15773502830109 ] } },
{ "type": "Feature", "properties": { "nombrevulgar": "Pino oregon", "nombrecientifico": "Pseudotsuga menziesii", "magnitud": 1, "tipo": "Conífera", "follaje": "Perenne", "lon": -71.360127114376311, "lat": -40.157634367444402, "imagen": "PSEUDOTSUGA MENZIESII.gif", "url_ficha": "https://www.arbolesurbanos.com.ar/pseudotsuga-menziesii-pino-oregon/", "thumbnail": "/thumbnails/pino-oregon.jpg" }, "geometry": { "type": "Point", "coordinates": [ -71.360127114376311, -40.157634367444402 ] } },
{ "type": "Feature", "properties": { "nombrevulgar": "Pino oregon", "nombrecientifico": "Pseudotsuga menziesii", "magnitud": 1, "tipo": "Conífera", "follaje": "Perenne", "lon": -71.351699798352328, "lat": -40.150334718914074, "imagen": "PSEUDOTSUGA MENZIESII.gif", "url_ficha": "https://www.arbolesurbanos.com.ar/pseudotsuga-menziesii-pino-oregon/", "thumbnail": "/thumbnails/pino-oregon.jpg" }, "geometry": { "type": "Point", "coordinates": [ -71.351699798352328, -40.150334718914074 ] } },
{ "type": "Feature", "properties": { "nombrevulgar": "Pino oregon", "nombrecientifico": "Pseudotsuga menziesii", "magnitud": 1, "tipo": "Conífera", "follaje": "Perenne", "lon": -71.352112771786224, "lat": -40.148603538791974, "imagen": "PSEUDOTSUGA MENZIESII.gif", "url_ficha": "https://www.arbolesurbanos.com.ar/pseudotsuga-menziesii-pino-oregon/", "thumbnail": "/thumbnails/pino-oregon.jpg" }, "geometry": { "type": "Point", "coordinates": [ -71.352112771786224, -40.148603538791974 ] } },
{ "type": "Feature", "properties": { "nombrevulgar": "Pino oregon", "nombrecientifico": "Pseudotsuga menziesii", "magnitud": 1, "tipo": "Conífera", "follaje": "Perenne", "lon": -71.356352437757593, "lat": -40.149682271701273, "imagen": "PSEUDOTSUGA MENZIESII.gif", "url_ficha": "https://www.arbolesurbanos.com.ar/pseudotsuga-menziesii-pino-oregon/", "thumbnail": "/thumbnails/pino-oregon.jpg" }, "geometry": { "type": "Point", "coordinates": [ -71.356352437757593, -40.149682271701273 ] } },
{ "type": "Feature", "properties": { "nombrevulgar": "Pino oregon", "nombrecientifico": "Pseudotsuga menziesii", "magnitud": 1, "tipo": "Conífera", "follaje": "Perenne", "lon": -71.356396602119261, "lat": -40.148949806653199, "imagen": "PSEUDOTSUGA MENZIESII.gif", "url_ficha": "https://www.arbolesurbanos.com.ar/pseudotsuga-menziesii-pino-oregon/", "thumbnail": "/thumbnails/pino-oregon.jpg" }, "geometry": { "type": "Point", "coordinates": [ -71.356396602119261, -40.148949806653199 ] } },
{ "type": "Feature", "properties": { "nombrevulgar": "Pino oregon", "nombrecientifico": "Pseudotsuga menziesii", "magnitud": 1, "tipo": "Conífera", "follaje": "Perenne", "lon": -71.353408168574319, "lat": -40.148996098690702, "imagen": "PSEUDOTSUGA MENZIESII.gif", "url_ficha": "https://www.arbolesurbanos.com.ar/pseudotsuga-menziesii-pino-oregon/", "thumbnail": "/thumbnails/pino-oregon.jpg" }, "geometry": { "type": "Point", "coordinates": [ -71.353408168574319, -40.148996098690702 ] } },
{ "type": "Feature", "properties": { "nombrevulgar": "Pino oregon", "nombrecientifico": "Pseudotsuga menziesii", "magnitud": 1, "tipo": "Conífera", "follaje": "Perenne", "lon": -71.354036326854143, "lat": -40.149820823468538, "imagen": "PSEUDOTSUGA MENZIESII.gif", "url_ficha": "https://www.arbolesurbanos.com.ar/pseudotsuga-menziesii-pino-oregon/", "thumbnail": "/thumbnails/pino-oregon.jpg" }, "geometry": { "type": "Point", "coordinates": [ -71.354036326854143, -40.149820823468538 ] } },
{ "type": "Feature", "properties": { "nombrevulgar": "Pino oregon", "nombrecientifico": "Pseudotsuga menziesii", "magnitud": 1, "tipo": "Conífera", "follaje": "Perenne", "lon": -71.355715376430069, "lat": -40.152393736864887, "imagen": "PSEUDOTSUGA MENZIESII.gif", "url_ficha": "https://www.arbolesurbanos.com.ar/pseudotsuga-menziesii-pino-oregon/", "thumbnail": "/thumbnails/pino-oregon.jpg" }, "geometry": { "type": "Point", "coordinates": [ -71.355715376430069, -40.152393736864887 ] } },
{ "type": "Feature", "properties": { "nombrevulgar": "Pino oregon", "nombrecientifico": "Pseudotsuga menziesii", "magnitud": 1, "tipo": "Conífera", "follaje": "Perenne", "lon": -71.356526684882397, "lat": -40.152730585996672, "imagen": "PSEUDOTSUGA MENZIESII.gif", "url_ficha": "https://www.arbolesurbanos.com.ar/pseudotsuga-menziesii-pino-oregon/", "thumbnail": "/thumbnails/pino-oregon.jpg" }, "geometry": { "type": "Point", "coordinates": [ -71.356526684882397, -40.152730585996672 ] } },
{ "type": "Feature", "properties": { "nombrevulgar": "Pino oregon", "nombrecientifico": "Pseudotsuga menziesii", "magnitud": 1, "tipo": "Conífera", "follaje": "Perenne", "lon": -71.357434550795134, "lat": -40.154705883094138, "imagen": "PSEUDOTSUGA MENZIESII.gif", "url_ficha": "https://www.arbolesurbanos.com.ar/pseudotsuga-menziesii-pino-oregon/", "thumbnail": "/thumbnails/pino-oregon.jpg" }, "geometry": { "type": "Point", "coordinates": [ -71.357434550795134, -40.154705883094138 ] } },
{ "type": "Feature", "properties": { "nombrevulgar": "Pino oregon", "nombrecientifico": "Pseudotsuga menziesii", "magnitud": 1, "tipo": "Conífera", "follaje": "Perenne", "lon": -71.359755219015057, "lat": -40.15679969713733, "imagen": "PSEUDOTSUGA MENZIESII.gif", "url_ficha": "https://www.arbolesurbanos.com.ar/pseudotsuga-menziesii-pino-oregon/", "thumbnail": "/thumbnails/pino-oregon.jpg" }, "geometry": { "type": "Point", "coordinates": [ -71.359755219015057, -40.15679969713733 ] } },
{ "type": "Feature", "properties": { "nombrevulgar": "Dracena Arborea", "nombrecientifico": "Cordyline audstralis", "magnitud": 3, "tipo": "Monocotiledonea", "follaje": "Perenne", "lon": -71.359017872141436, "lat": -40.156714579136406, "imagen": "CORDYLINE AUSTRALIS.gif", "url_ficha": "https://www.arbolesurbanos.com.ar/cordyline-australis-dracena-arborea/", "thumbnail": "/iconos/3/CORDYLINE AUSTRALIS.gif" }, "geometry": { "type": "Point", "coordinates": [ -71.359017872141436, -40.156714579136406 ] } },
{ "type": "Feature", "properties": { "nombrevulgar": "Dracena Arborea", "nombrecientifico": "Cordyline audstralis", "magnitud": 3, "tipo": "Monocotiledonea", "follaje": "Perenne", "lon": -71.359509614123041, "lat": -40.15397693041848, "imagen": "CORDYLINE AUSTRALIS.gif", "url_ficha": "https://www.arbolesurbanos.com.ar/cordyline-australis-dracena-arborea/", "thumbnail": "/iconos/3/CORDYLINE AUSTRALIS.gif" }, "geometry": { "type": "Point", "coordinates": [ -71.359509614123041, -40.15397693041848 ] } },
{ "type": "Feature", "properties": { "nombrevulgar": "Dracena Arborea", "nombrecientifico": "Cordyline audstralis", "magnitud": 3, "tipo": "Monocotiledonea", "follaje": "Perenne", "lon": -71.355077937516853, "lat": -40.151750686569862, "imagen": "CORDYLINE AUSTRALIS.gif", "url_ficha": "https://www.arbolesurbanos.com.ar/cordyline-australis-dracena-arborea/", "thumbnail": "/iconos/3/CORDYLINE AUSTRALIS.gif" }, "geometry": { "type": "Point", "coordinates": [ -71.355077937516853, -40.151750686569862 ] } },
{ "type": "Feature", "properties": { "nombrevulgar": "Dracena Arborea", "nombrecientifico": "Cordyline audstralis", "magnitud": 3, "tipo": "Monocotiledonea", "follaje": "Perenne", "lon": -71.354873427045774, "lat": -40.151687122605104, "imagen": "CORDYLINE AUSTRALIS.gif", "url_ficha": "https://www.arbolesurbanos.com.ar/cordyline-australis-dracena-arborea/", "thumbnail": "/iconos/3/CORDYLINE AUSTRALIS.gif" }, "geometry": { "type": "Point", "coordinates": [ -71.354873427045774, -40.151687122605104 ] } },
{ "type": "Feature", "properties": { "nombrevulgar": "Pino blanco del oeste", "nombrecientifico": "Pinus monticola", "magnitud": 1, "tipo": "Conífera", "follaje": "Perenne", "lon": -71.359054474951449, "lat": -40.15674443304345, "imagen": "PINUS MONTICOLA.gif\n", "url_ficha": "https://www.arbolesurbanos.com.ar/pinus-monticola-pino-blanco-del-oeste/", "thumbnail": "/thumbnails/pino-monticola.jpg" }, "geometry": { "type": "Point", "coordinates": [ -71.359054474951449, -40.15674443304345 ] } },
{ "type": "Feature", "properties": { "nombrevulgar": "Pino blanco del oeste", "nombrecientifico": "Pinus monticola", "magnitud": 1, "tipo": "Conífera", "follaje": "Perenne", "lon": -71.359139234637738, "lat": -40.15692889770191, "imagen": "PINUS MONTICOLA.gif\n", "url_ficha": "https://www.arbolesurbanos.com.ar/pinus-monticola-pino-blanco-del-oeste/", "thumbnail": "/thumbnails/pino-monticola.jpg" }, "geometry": { "type": "Point", "coordinates": [ -71.359139234637738, -40.15692889770191 ] } },
{ "type": "Feature", "properties": { "nombrevulgar": "Fresno blanco", "nombrecientifico": "Fraxinus americana", "magnitud": 1, "tipo": "Latifoliada", "follaje": "Caduco", "lon": -71.359117422500802, "lat": -40.156725782276794, "imagen": "FRAXINUS AMERICANA.gif\n", "url_ficha": "https://www.arbolesurbanos.com.ar/fraxinus-americana-fresno-blanco/", "thumbnail": "/thumbnails/fresno-americano.jpg" }, "geometry": { "type": "Point", "coordinates": [ -71.359117422500802, -40.156725782276794 ] } },
{ "type": "Feature", "properties": { "nombrevulgar": "Fresno blanco", "nombrecientifico": "Fraxinus americana", "magnitud": 1, "tipo": "Latifoliada", "follaje": "Caduco", "lon": -71.359253005948247, "lat": -40.156843764388825, "imagen": "FRAXINUS AMERICANA.gif\n", "url_ficha": "https://www.arbolesurbanos.com.ar/fraxinus-americana-fresno-blanco/", "thumbnail": "/thumbnails/fresno-americano.jpg" }, "geometry": { "type": "Point", "coordinates": [ -71.359253005948247, -40.156843764388825 ] } },
{ "type": "Feature", "properties": { "nombrevulgar": "Fresno blanco", "nombrecientifico": "Fraxinus americana", "magnitud": 1, "tipo": "Latifoliada", "follaje": "Caduco", "lon": -71.359339251561593, "lat": -40.156906514302804, "imagen": "FRAXINUS AMERICANA.gif\n", "url_ficha": "https://www.arbolesurbanos.com.ar/fraxinus-americana-fresno-blanco/", "thumbnail": "/thumbnails/fresno-americano.jpg" }, "geometry": { "type": "Point", "coordinates": [ -71.359339251561593, -40.156906514302804 ] } },
{ "type": "Feature", "properties": { "nombrevulgar": "Fresno blanco", "nombrecientifico": "Fraxinus americana", "magnitud": 1, "tipo": "Latifoliada", "follaje": "Caduco", "lon": -71.359486408103663, "lat": -40.157047416970521, "imagen": "FRAXINUS AMERICANA.gif\n", "url_ficha": "https://www.arbolesurbanos.com.ar/fraxinus-americana-fresno-blanco/", "thumbnail": "/thumbnails/fresno-americano.jpg" }, "geometry": { "type": "Point", "coordinates": [ -71.359486408103663, -40.157047416970521 ] } },
{ "type": "Feature", "properties": { "nombrevulgar": "Fresno blanco", "nombrecientifico": "Fraxinus americana", "magnitud": 1, "tipo": "Latifoliada", "follaje": "Caduco", "lon": -71.358844556583691, "lat": -40.156320853861708, "imagen": "FRAXINUS AMERICANA.gif\n", "url_ficha": "https://www.arbolesurbanos.com.ar/fraxinus-americana-fresno-blanco/", "thumbnail": "/thumbnails/fresno-americano.jpg" }, "geometry": { "type": "Point", "coordinates": [ -71.358844556583691, -40.156320853861708 ] } },
{ "type": "Feature", "properties": { "nombrevulgar": "Fresno blanco", "nombrecientifico": "Fraxinus americana", "magnitud": 1, "tipo": "Latifoliada", "follaje": "Caduco", "lon": -71.359057377933965, "lat": -40.155972040122037, "imagen": "FRAXINUS AMERICANA.gif\n", "url_ficha": "https://www.arbolesurbanos.com.ar/fraxinus-americana-fresno-blanco/", "thumbnail": "/thumbnails/fresno-americano.jpg" }, "geometry": { "type": "Point", "coordinates": [ -71.359057377933965, -40.155972040122037 ] } },
{ "type": "Feature", "properties": { "nombrevulgar": "Fresno blanco", "nombrecientifico": "Fraxinus americana", "magnitud": 1, "tipo": "Latifoliada", "follaje": "Caduco", "lon": -71.359113941727827, "lat": -40.155894635169794, "imagen": "FRAXINUS AMERICANA.gif\n", "url_ficha": "https://www.arbolesurbanos.com.ar/fraxinus-americana-fresno-blanco/", "thumbnail": "/thumbnails/fresno-americano.jpg" }, "geometry": { "type": "Point", "coordinates": [ -71.359113941727827, -40.155894635169794 ] } },
{ "type": "Feature", "properties": { "nombrevulgar": "Fresno blanco", "nombrecientifico": "Fraxinus americana", "magnitud": 1, "tipo": "Latifoliada", "follaje": "Caduco", "lon": -71.359150310043503, "lat": -40.155841104010115, "imagen": "FRAXINUS AMERICANA.gif\n", "url_ficha": "https://www.arbolesurbanos.com.ar/fraxinus-americana-fresno-blanco/", "thumbnail": "/thumbnails/fresno-americano.jpg" }, "geometry": { "type": "Point", "coordinates": [ -71.359150310043503, -40.155841104010115 ] } },
{ "type": "Feature", "properties": { "nombrevulgar": "Fresno blanco", "nombrecientifico": "Fraxinus americana", "magnitud": 1, "tipo": "Latifoliada", "follaje": "Caduco", "lon": -71.359175169127511, "lat": -40.155786341078752, "imagen": "FRAXINUS AMERICANA.gif\n", "url_ficha": "https://www.arbolesurbanos.com.ar/fraxinus-americana-fresno-blanco/", "thumbnail": "/thumbnails/fresno-americano.jpg" }, "geometry": { "type": "Point", "coordinates": [ -71.359175169127511, -40.155786341078752 ] } },
{ "type": "Feature", "properties": { "nombrevulgar": "Fresno blanco", "nombrecientifico": "Fraxinus americana", "magnitud": 1, "tipo": "Latifoliada", "follaje": "Caduco", "lon": -71.35921339634028, "lat": -40.1557313056217, "imagen": "FRAXINUS AMERICANA.gif\n", "url_ficha": "https://www.arbolesurbanos.com.ar/fraxinus-americana-fresno-blanco/", "thumbnail": "/thumbnails/fresno-americano.jpg" }, "geometry": { "type": "Point", "coordinates": [ -71.35921339634028, -40.1557313056217 ] } },
{ "type": "Feature", "properties": { "nombrevulgar": "Fresno blanco", "nombrecientifico": "Fraxinus americana", "magnitud": 1, "tipo": "Latifoliada", "follaje": "Caduco", "lon": -71.359249815234321, "lat": -40.155679239782657, "imagen": "FRAXINUS AMERICANA.gif\n", "url_ficha": "https://www.arbolesurbanos.com.ar/fraxinus-americana-fresno-blanco/", "thumbnail": "/thumbnails/fresno-americano.jpg" }, "geometry": { "type": "Point", "coordinates": [ -71.359249815234321, -40.155679239782657 ] } },
{ "type": "Feature", "properties": { "nombrevulgar": "Fresno blanco", "nombrecientifico": "Fraxinus americana", "magnitud": 1, "tipo": "Latifoliada", "follaje": "Caduco", "lon": -71.358928141710393, "lat": -40.156006875387227, "imagen": "FRAXINUS AMERICANA.gif\n", "url_ficha": "https://www.arbolesurbanos.com.ar/fraxinus-americana-fresno-blanco/", "thumbnail": "/thumbnails/fresno-americano.jpg" }, "geometry": { "type": "Point", "coordinates": [ -71.358928141710393, -40.156006875387227 ] } },
{ "type": "Feature", "properties": { "nombrevulgar": "Fresno blanco", "nombrecientifico": "Fraxinus americana", "magnitud": 1, "tipo": "Latifoliada", "follaje": "Caduco", "lon": -71.358805907812723, "lat": -40.156097225944706, "imagen": "FRAXINUS AMERICANA.gif\n", "url_ficha": "https://www.arbolesurbanos.com.ar/fraxinus-americana-fresno-blanco/", "thumbnail": "/thumbnails/fresno-americano.jpg" }, "geometry": { "type": "Point", "coordinates": [ -71.358805907812723, -40.156097225944706 ] } },
{ "type": "Feature", "properties": { "nombrevulgar": "Fresno blanco", "nombrecientifico": "Fraxinus americana", "magnitud": 1, "tipo": "Latifoliada", "follaje": "Caduco", "lon": -71.358446832419347, "lat": -40.155997020106668, "imagen": "FRAXINUS AMERICANA.gif\n", "url_ficha": "https://www.arbolesurbanos.com.ar/fraxinus-americana-fresno-blanco/", "thumbnail": "/thumbnails/fresno-americano.jpg" }, "geometry": { "type": "Point", "coordinates": [ -71.358446832419347, -40.155997020106668 ] } },
{ "type": "Feature", "properties": { "nombrevulgar": "Fresno blanco", "nombrecientifico": "Fraxinus americana", "magnitud": 1, "tipo": "Latifoliada", "follaje": "Caduco", "lon": -71.358682942474232, "lat": -40.156070827881209, "imagen": "FRAXINUS AMERICANA.gif\n", "url_ficha": "https://www.arbolesurbanos.com.ar/fraxinus-americana-fresno-blanco/", "thumbnail": "/thumbnails/fresno-americano.jpg" }, "geometry": { "type": "Point", "coordinates": [ -71.358682942474232, -40.156070827881209 ] } },
{ "type": "Feature", "properties": { "nombrevulgar": "Fresno blanco", "nombrecientifico": "Fraxinus americana", "magnitud": 1, "tipo": "Latifoliada", "follaje": "Caduco", "lon": -71.358571783219929, "lat": -40.156037252035929, "imagen": "FRAXINUS AMERICANA.gif\n", "url_ficha": "https://www.arbolesurbanos.com.ar/fraxinus-americana-fresno-blanco/", "thumbnail": "/thumbnails/fresno-americano.jpg" }, "geometry": { "type": "Point", "coordinates": [ -71.358571783219929, -40.156037252035929 ] } },
{ "type": "Feature", "properties": { "nombrevulgar": "Fresno blanco", "nombrecientifico": "Fraxinus americana", "magnitud": 1, "tipo": "Latifoliada", "follaje": "Caduco", "lon": -71.357780600264505, "lat": -40.155516020165372, "imagen": "FRAXINUS AMERICANA.gif\n", "url_ficha": "https://www.arbolesurbanos.com.ar/fraxinus-americana-fresno-blanco/", "thumbnail": "/thumbnails/fresno-americano.jpg" }, "geometry": { "type": "Point", "coordinates": [ -71.357780600264505, -40.155516020165372 ] } },
{ "type": "Feature", "properties": { "nombrevulgar": "Fresno blanco", "nombrecientifico": "Fraxinus americana", "magnitud": 1, "tipo": "Latifoliada", "follaje": "Caduco", "lon": -71.358593732474446, "lat": -40.154716008861307, "imagen": "FRAXINUS AMERICANA.gif\n", "url_ficha": "https://www.arbolesurbanos.com.ar/fraxinus-americana-fresno-blanco/", "thumbnail": "/thumbnails/fresno-americano.jpg" }, "geometry": { "type": "Point", "coordinates": [ -71.358593732474446, -40.154716008861307 ] } },
{ "type": "Feature", "properties": { "nombrevulgar": "Fresno blanco", "nombrecientifico": "Fraxinus americana", "magnitud": 1, "tipo": "Latifoliada", "follaje": "Caduco", "lon": -71.360280312048801, "lat": -40.15424425194049, "imagen": "FRAXINUS AMERICANA.gif\n", "url_ficha": "https://www.arbolesurbanos.com.ar/fraxinus-americana-fresno-blanco/", "thumbnail": "/thumbnails/fresno-americano.jpg" }, "geometry": { "type": "Point", "coordinates": [ -71.360280312048801, -40.15424425194049 ] } },
{ "type": "Feature", "properties": { "nombrevulgar": "Fresno blanco", "nombrecientifico": "Fraxinus americana", "magnitud": 1, "tipo": "Latifoliada", "follaje": "Caduco", "lon": -71.360921214700127, "lat": -40.154477174958672, "imagen": "FRAXINUS AMERICANA.gif\n", "url_ficha": "https://www.arbolesurbanos.com.ar/fraxinus-americana-fresno-blanco/", "thumbnail": "/thumbnails/fresno-americano.jpg" }, "geometry": { "type": "Point", "coordinates": [ -71.360921214700127, -40.154477174958672 ] } },
{ "type": "Feature", "properties": { "nombrevulgar": "Fresno blanco", "nombrecientifico": "Fraxinus americana", "magnitud": 1, "tipo": "Latifoliada", "follaje": "Caduco", "lon": -71.357933581119596, "lat": -40.15580075499976, "imagen": "FRAXINUS AMERICANA.gif\n", "url_ficha": "https://www.arbolesurbanos.com.ar/fraxinus-americana-fresno-blanco/", "thumbnail": "/thumbnails/fresno-americano.jpg" }, "geometry": { "type": "Point", "coordinates": [ -71.357933581119596, -40.15580075499976 ] } },
{ "type": "Feature", "properties": { "nombrevulgar": "Fresno blanco", "nombrecientifico": "Fraxinus americana", "magnitud": 1, "tipo": "Latifoliada", "follaje": "Caduco", "lon": -71.357989034902715, "lat": -40.15582751789885, "imagen": "FRAXINUS AMERICANA.gif\n", "url_ficha": "https://www.arbolesurbanos.com.ar/fraxinus-americana-fresno-blanco/", "thumbnail": "/thumbnails/fresno-americano.jpg" }, "geometry": { "type": "Point", "coordinates": [ -71.357989034902715, -40.15582751789885 ] } },
{ "type": "Feature", "properties": { "nombrevulgar": "Fresno blanco", "nombrecientifico": "Fraxinus americana", "magnitud": 1, "tipo": "Latifoliada", "follaje": "Caduco", "lon": -71.35804247949325, "lat": -40.155848743155197, "imagen": "FRAXINUS AMERICANA.gif\n", "url_ficha": "https://www.arbolesurbanos.com.ar/fraxinus-americana-fresno-blanco/", "thumbnail": "/thumbnails/fresno-americano.jpg" }, "geometry": { "type": "Point", "coordinates": [ -71.35804247949325, -40.155848743155197 ] } },
{ "type": "Feature", "properties": { "nombrevulgar": "Fresno blanco", "nombrecientifico": "Fraxinus americana", "magnitud": 1, "tipo": "Latifoliada", "follaje": "Caduco", "lon": -71.358067537093007, "lat": -40.155732477578496, "imagen": "FRAXINUS AMERICANA.gif\n", "url_ficha": "https://www.arbolesurbanos.com.ar/fraxinus-americana-fresno-blanco/", "thumbnail": "/thumbnails/fresno-americano.jpg" }, "geometry": { "type": "Point", "coordinates": [ -71.358067537093007, -40.155732477578496 ] } },
{ "type": "Feature", "properties": { "nombrevulgar": "Fresno blanco", "nombrecientifico": "Fraxinus americana", "magnitud": 1, "tipo": "Latifoliada", "follaje": "Caduco", "lon": -71.358671992703037, "lat": -40.155938057451635, "imagen": "FRAXINUS AMERICANA.gif\n", "url_ficha": "https://www.arbolesurbanos.com.ar/fraxinus-americana-fresno-blanco/", "thumbnail": "/thumbnails/fresno-americano.jpg" }, "geometry": { "type": "Point", "coordinates": [ -71.358671992703037, -40.155938057451635 ] } },
{ "type": "Feature", "properties": { "nombrevulgar": "Fresno blanco", "nombrecientifico": "Fraxinus americana", "magnitud": 1, "tipo": "Latifoliada", "follaje": "Caduco", "lon": -71.358578938483646, "lat": -40.155908403501464, "imagen": "FRAXINUS AMERICANA.gif\n", "url_ficha": "https://www.arbolesurbanos.com.ar/fraxinus-americana-fresno-blanco/", "thumbnail": "/thumbnails/fresno-americano.jpg" }, "geometry": { "type": "Point", "coordinates": [ -71.358578938483646, -40.155908403501464 ] } },
{ "type": "Feature", "properties": { "nombrevulgar": "Fresno blanco", "nombrecientifico": "Fraxinus americana", "magnitud": 1, "tipo": "Latifoliada", "follaje": "Caduco", "lon": -71.358431244862587, "lat": -40.15585582453712, "imagen": "FRAXINUS AMERICANA.gif\n", "url_ficha": "https://www.arbolesurbanos.com.ar/fraxinus-americana-fresno-blanco/", "thumbnail": "/thumbnails/fresno-americano.jpg" }, "geometry": { "type": "Point", "coordinates": [ -71.358431244862587, -40.15585582453712 ] } },
{ "type": "Feature", "properties": { "nombrevulgar": "Fresno blanco", "nombrecientifico": "Fraxinus americana", "magnitud": 1, "tipo": "Latifoliada", "follaje": "Caduco", "lon": -71.359903865401463, "lat": -40.15413729657805, "imagen": "FRAXINUS AMERICANA.gif\n", "url_ficha": "https://www.arbolesurbanos.com.ar/fraxinus-americana-fresno-blanco/", "thumbnail": "/thumbnails/fresno-americano.jpg" }, "geometry": { "type": "Point", "coordinates": [ -71.359903865401463, -40.15413729657805 ] } },
{ "type": "Feature", "properties": { "nombrevulgar": "Fresno blanco", "nombrecientifico": "Fraxinus americana", "magnitud": 1, "tipo": "Latifoliada", "follaje": "Caduco", "lon": -71.359823653475246, "lat": -40.153977751840742, "imagen": "FRAXINUS AMERICANA.gif\n", "url_ficha": "https://www.arbolesurbanos.com.ar/fraxinus-americana-fresno-blanco/", "thumbnail": "/thumbnails/fresno-americano.jpg" }, "geometry": { "type": "Point", "coordinates": [ -71.359823653475246, -40.153977751840742 ] } },
{ "type": "Feature", "properties": { "nombrevulgar": "Fresno blanco", "nombrecientifico": "Fraxinus americana", "magnitud": 1, "tipo": "Latifoliada", "follaje": "Caduco", "lon": -71.359496962200879, "lat": -40.153844723266189, "imagen": "FRAXINUS AMERICANA.gif\n", "url_ficha": "https://www.arbolesurbanos.com.ar/fraxinus-americana-fresno-blanco/", "thumbnail": "/thumbnails/fresno-americano.jpg" }, "geometry": { "type": "Point", "coordinates": [ -71.359496962200879, -40.153844723266189 ] } },
{ "type": "Feature", "properties": { "nombrevulgar": "Fresno blanco", "nombrecientifico": "Fraxinus americana", "magnitud": 1, "tipo": "Latifoliada", "follaje": "Caduco", "lon": -71.359610151912605, "lat": -40.153878233347776, "imagen": "FRAXINUS AMERICANA.gif\n", "url_ficha": "https://www.arbolesurbanos.com.ar/fraxinus-americana-fresno-blanco/", "thumbnail": "/thumbnails/fresno-americano.jpg" }, "geometry": { "type": "Point", "coordinates": [ -71.359610151912605, -40.153878233347776 ] } },
{ "type": "Feature", "properties": { "nombrevulgar": "Fresno blanco", "nombrecientifico": "Fraxinus americana", "magnitud": 1, "tipo": "Latifoliada", "follaje": "Caduco", "lon": -71.35971475624558, "lat": -40.15393340908944, "imagen": "FRAXINUS AMERICANA.gif\n", "url_ficha": "https://www.arbolesurbanos.com.ar/fraxinus-americana-fresno-blanco/", "thumbnail": "/thumbnails/fresno-americano.jpg" }, "geometry": { "type": "Point", "coordinates": [ -71.35971475624558, -40.15393340908944 ] } },
{ "type": "Feature", "properties": { "nombrevulgar": "Fresno blanco", "nombrecientifico": "Fraxinus americana", "magnitud": 1, "tipo": "Latifoliada", "follaje": "Caduco", "lon": -71.359699512468211, "lat": -40.154050042671692, "imagen": "FRAXINUS AMERICANA.gif\n", "url_ficha": "https://www.arbolesurbanos.com.ar/fraxinus-americana-fresno-blanco/", "thumbnail": "/thumbnails/fresno-americano.jpg" }, "geometry": { "type": "Point", "coordinates": [ -71.359699512468211, -40.154050042671692 ] } },
{ "type": "Feature", "properties": { "nombrevulgar": "Fresno blanco", "nombrecientifico": "Fraxinus americana", "magnitud": 1, "tipo": "Latifoliada", "follaje": "Caduco", "lon": -71.359581533876408, "lat": -40.154013048535091, "imagen": "FRAXINUS AMERICANA.gif\n", "url_ficha": "https://www.arbolesurbanos.com.ar/fraxinus-americana-fresno-blanco/", "thumbnail": "/thumbnails/fresno-americano.jpg" }, "geometry": { "type": "Point", "coordinates": [ -71.359581533876408, -40.154013048535091 ] } },
{ "type": "Feature", "properties": { "nombrevulgar": "Fresno blanco", "nombrecientifico": "Fraxinus americana", "magnitud": 1, "tipo": "Latifoliada", "follaje": "Caduco", "lon": -71.359263129360713, "lat": -40.153915775970511, "imagen": "FRAXINUS AMERICANA.gif\n", "url_ficha": "https://www.arbolesurbanos.com.ar/fraxinus-americana-fresno-blanco/", "thumbnail": "/thumbnails/fresno-americano.jpg" }, "geometry": { "type": "Point", "coordinates": [ -71.359263129360713, -40.153915775970511 ] } },
{ "type": "Feature", "properties": { "nombrevulgar": "Fresno blanco", "nombrecientifico": "Fraxinus americana", "magnitud": 1, "tipo": "Latifoliada", "follaje": "Caduco", "lon": -71.35917541650393, "lat": -40.15387344434324, "imagen": "FRAXINUS AMERICANA.gif\n", "url_ficha": "https://www.arbolesurbanos.com.ar/fraxinus-americana-fresno-blanco/", "thumbnail": "/thumbnails/fresno-americano.jpg" }, "geometry": { "type": "Point", "coordinates": [ -71.35917541650393, -40.15387344434324 ] } },
{ "type": "Feature", "properties": { "nombrevulgar": "Fresno blanco", "nombrecientifico": "Fraxinus americana", "magnitud": 1, "tipo": "Latifoliada", "follaje": "Caduco", "lon": -71.359194430174796, "lat": -40.153888813783283, "imagen": "FRAXINUS AMERICANA.gif\n", "url_ficha": "https://www.arbolesurbanos.com.ar/fraxinus-americana-fresno-blanco/", "thumbnail": "/thumbnails/fresno-americano.jpg" }, "geometry": { "type": "Point", "coordinates": [ -71.359194430174796, -40.153888813783283 ] } },
{ "type": "Feature", "properties": { "nombrevulgar": "Fresno blanco", "nombrecientifico": "Fraxinus americana", "magnitud": 1, "tipo": "Latifoliada", "follaje": "Caduco", "lon": -71.359221652080763, "lat": -40.153904015889516, "imagen": "FRAXINUS AMERICANA.gif\n", "url_ficha": "https://www.arbolesurbanos.com.ar/fraxinus-americana-fresno-blanco/", "thumbnail": "/thumbnails/fresno-americano.jpg" }, "geometry": { "type": "Point", "coordinates": [ -71.359221652080763, -40.153904015889516 ] } },
{ "type": "Feature", "properties": { "nombrevulgar": "Fresno blanco", "nombrecientifico": "Fraxinus americana", "magnitud": 1, "tipo": "Latifoliada", "follaje": "Caduco", "lon": -71.35907923851758, "lat": -40.153705228870315, "imagen": "FRAXINUS AMERICANA.gif\n", "url_ficha": "https://www.arbolesurbanos.com.ar/fraxinus-americana-fresno-blanco/", "thumbnail": "/thumbnails/fresno-americano.jpg" }, "geometry": { "type": "Point", "coordinates": [ -71.35907923851758, -40.153705228870315 ] } },
{ "type": "Feature", "properties": { "nombrevulgar": "Fresno blanco", "nombrecientifico": "Fraxinus americana", "magnitud": 1, "tipo": "Latifoliada", "follaje": "Caduco", "lon": -71.359123149308587, "lat": -40.15372796932661, "imagen": "FRAXINUS AMERICANA.gif\n", "url_ficha": "https://www.arbolesurbanos.com.ar/fraxinus-americana-fresno-blanco/", "thumbnail": "/thumbnails/fresno-americano.jpg" }, "geometry": { "type": "Point", "coordinates": [ -71.359123149308587, -40.15372796932661 ] } },
{ "type": "Feature", "properties": { "nombrevulgar": "Fresno blanco", "nombrecientifico": "Fraxinus americana", "magnitud": 1, "tipo": "Latifoliada", "follaje": "Caduco", "lon": -71.359287442113029, "lat": -40.153787648291036, "imagen": "FRAXINUS AMERICANA.gif\n", "url_ficha": "https://www.arbolesurbanos.com.ar/fraxinus-americana-fresno-blanco/", "thumbnail": "/thumbnails/fresno-americano.jpg" }, "geometry": { "type": "Point", "coordinates": [ -71.359287442113029, -40.153787648291036 ] } },
{ "type": "Feature", "properties": { "nombrevulgar": "Fresno blanco", "nombrecientifico": "Fraxinus americana", "magnitud": 1, "tipo": "Latifoliada", "follaje": "Caduco", "lon": -71.35936434944395, "lat": -40.153814443085132, "imagen": "FRAXINUS AMERICANA.gif\n", "url_ficha": "https://www.arbolesurbanos.com.ar/fraxinus-americana-fresno-blanco/", "thumbnail": "/thumbnails/fresno-americano.jpg" }, "geometry": { "type": "Point", "coordinates": [ -71.35936434944395, -40.153814443085132 ] } },
{ "type": "Feature", "properties": { "nombrevulgar": "Fresno blanco", "nombrecientifico": "Fraxinus americana", "magnitud": 1, "tipo": "Latifoliada", "follaje": "Caduco", "lon": -71.358748996902662, "lat": -40.15358236216899, "imagen": "FRAXINUS AMERICANA.gif\n", "url_ficha": "https://www.arbolesurbanos.com.ar/fraxinus-americana-fresno-blanco/", "thumbnail": "/thumbnails/fresno-americano.jpg" }, "geometry": { "type": "Point", "coordinates": [ -71.358748996902662, -40.15358236216899 ] } },
{ "type": "Feature", "properties": { "nombrevulgar": "Fresno blanco", "nombrecientifico": "Fraxinus americana", "magnitud": 1, "tipo": "Latifoliada", "follaje": "Caduco", "lon": -71.358554353094945, "lat": -40.153525843223932, "imagen": "FRAXINUS AMERICANA.gif\n", "url_ficha": "https://www.arbolesurbanos.com.ar/fraxinus-americana-fresno-blanco/", "thumbnail": "/thumbnails/fresno-americano.jpg" }, "geometry": { "type": "Point", "coordinates": [ -71.358554353094945, -40.153525843223932 ] } },
{ "type": "Feature", "properties": { "nombrevulgar": "Fresno blanco", "nombrecientifico": "Fraxinus americana", "magnitud": 1, "tipo": "Latifoliada", "follaje": "Caduco", "lon": -71.358495198990383, "lat": -40.153651380961797, "imagen": "FRAXINUS AMERICANA.gif\n", "url_ficha": "https://www.arbolesurbanos.com.ar/fraxinus-americana-fresno-blanco/", "thumbnail": "/thumbnails/fresno-americano.jpg" }, "geometry": { "type": "Point", "coordinates": [ -71.358495198990383, -40.153651380961797 ] } },
{ "type": "Feature", "properties": { "nombrevulgar": "Fresno blanco", "nombrecientifico": "Fraxinus americana", "magnitud": 1, "tipo": "Latifoliada", "follaje": "Caduco", "lon": -71.358386762266122, "lat": -40.153618307326184, "imagen": "FRAXINUS AMERICANA.gif\n", "url_ficha": "https://www.arbolesurbanos.com.ar/fraxinus-americana-fresno-blanco/", "thumbnail": "/thumbnails/fresno-americano.jpg" }, "geometry": { "type": "Point", "coordinates": [ -71.358386762266122, -40.153618307326184 ] } },
{ "type": "Feature", "properties": { "nombrevulgar": "Fresno blanco", "nombrecientifico": "Fraxinus americana", "magnitud": 1, "tipo": "Latifoliada", "follaje": "Caduco", "lon": -71.358420276553929, "lat": -40.153487031537658, "imagen": "FRAXINUS AMERICANA.gif\n", "url_ficha": "https://www.arbolesurbanos.com.ar/fraxinus-americana-fresno-blanco/", "thumbnail": "/thumbnails/fresno-americano.jpg" }, "geometry": { "type": "Point", "coordinates": [ -71.358420276553929, -40.153487031537658 ] } },
{ "type": "Feature", "properties": { "nombrevulgar": "Fresno blanco", "nombrecientifico": "Fraxinus americana", "magnitud": 1, "tipo": "Latifoliada", "follaje": "Caduco", "lon": -71.358169304254787, "lat": -40.153384615210349, "imagen": "FRAXINUS AMERICANA.gif\n", "url_ficha": "https://www.arbolesurbanos.com.ar/fraxinus-americana-fresno-blanco/", "thumbnail": "/thumbnails/fresno-americano.jpg" }, "geometry": { "type": "Point", "coordinates": [ -71.358169304254787, -40.153384615210349 ] } },
{ "type": "Feature", "properties": { "nombrevulgar": "Fresno blanco", "nombrecientifico": "Fraxinus americana", "magnitud": 1, "tipo": "Latifoliada", "follaje": "Caduco", "lon": -71.358229428370393, "lat": -40.153413633040643, "imagen": "FRAXINUS AMERICANA.gif\n", "url_ficha": "https://www.arbolesurbanos.com.ar/fraxinus-americana-fresno-blanco/", "thumbnail": "/thumbnails/fresno-americano.jpg" }, "geometry": { "type": "Point", "coordinates": [ -71.358229428370393, -40.153413633040643 ] } },
{ "type": "Feature", "properties": { "nombrevulgar": "Fresno blanco", "nombrecientifico": "Fraxinus americana", "magnitud": 1, "tipo": "Latifoliada", "follaje": "Caduco", "lon": -71.358272164084823, "lat": -40.153446365501715, "imagen": "FRAXINUS AMERICANA.gif\n", "url_ficha": "https://www.arbolesurbanos.com.ar/fraxinus-americana-fresno-blanco/", "thumbnail": "/thumbnails/fresno-americano.jpg" }, "geometry": { "type": "Point", "coordinates": [ -71.358272164084823, -40.153446365501715 ] } },
{ "type": "Feature", "properties": { "nombrevulgar": "Fresno blanco", "nombrecientifico": "Fraxinus americana", "magnitud": 1, "tipo": "Latifoliada", "follaje": "Caduco", "lon": -71.358340691979123, "lat": -40.153465131035709, "imagen": "FRAXINUS AMERICANA.gif\n", "url_ficha": "https://www.arbolesurbanos.com.ar/fraxinus-americana-fresno-blanco/", "thumbnail": "/thumbnails/fresno-americano.jpg" }, "geometry": { "type": "Point", "coordinates": [ -71.358340691979123, -40.153465131035709 ] } },
{ "type": "Feature", "properties": { "nombrevulgar": "Fresno blanco", "nombrecientifico": "Fraxinus americana", "magnitud": 1, "tipo": "Latifoliada", "follaje": "Caduco", "lon": -71.358093080518401, "lat": -40.153365904726982, "imagen": "FRAXINUS AMERICANA.gif\n", "url_ficha": "https://www.arbolesurbanos.com.ar/fraxinus-americana-fresno-blanco/", "thumbnail": "/thumbnails/fresno-americano.jpg" }, "geometry": { "type": "Point", "coordinates": [ -71.358093080518401, -40.153365904726982 ] } },
{ "type": "Feature", "properties": { "nombrevulgar": "Fresno blanco", "nombrecientifico": "Fraxinus americana", "magnitud": 1, "tipo": "Latifoliada", "follaje": "Caduco", "lon": -71.357804403651116, "lat": -40.153259835768665, "imagen": "FRAXINUS AMERICANA.gif\n", "url_ficha": "https://www.arbolesurbanos.com.ar/fraxinus-americana-fresno-blanco/", "thumbnail": "/thumbnails/fresno-americano.jpg" }, "geometry": { "type": "Point", "coordinates": [ -71.357804403651116, -40.153259835768665 ] } },
{ "type": "Feature", "properties": { "nombrevulgar": "Fresno blanco", "nombrecientifico": "Fraxinus americana", "magnitud": 1, "tipo": "Latifoliada", "follaje": "Caduco", "lon": -71.357944287109945, "lat": -40.153478283573556, "imagen": "FRAXINUS AMERICANA.gif\n", "url_ficha": "https://www.arbolesurbanos.com.ar/fraxinus-americana-fresno-blanco/", "thumbnail": "/thumbnails/fresno-americano.jpg" }, "geometry": { "type": "Point", "coordinates": [ -71.357944287109945, -40.153478283573556 ] } },
{ "type": "Feature", "properties": { "nombrevulgar": "Fresno blanco", "nombrecientifico": "Fraxinus americana", "magnitud": 1, "tipo": "Latifoliada", "follaje": "Caduco", "lon": -71.35770736836885, "lat": -40.153397194847884, "imagen": "FRAXINUS AMERICANA.gif\n", "url_ficha": "https://www.arbolesurbanos.com.ar/fraxinus-americana-fresno-blanco/", "thumbnail": "/thumbnails/fresno-americano.jpg" }, "geometry": { "type": "Point", "coordinates": [ -71.35770736836885, -40.153397194847884 ] } },
{ "type": "Feature", "properties": { "nombrevulgar": "Fresno blanco", "nombrecientifico": "Fraxinus americana", "magnitud": 1, "tipo": "Latifoliada", "follaje": "Caduco", "lon": -71.357776349616202, "lat": -40.153429635046933, "imagen": "FRAXINUS AMERICANA.gif\n", "url_ficha": "https://www.arbolesurbanos.com.ar/fraxinus-americana-fresno-blanco/", "thumbnail": "/thumbnails/fresno-americano.jpg" }, "geometry": { "type": "Point", "coordinates": [ -71.357776349616202, -40.153429635046933 ] } },
{ "type": "Feature", "properties": { "nombrevulgar": "Fresno blanco", "nombrecientifico": "Fraxinus americana", "magnitud": 1, "tipo": "Latifoliada", "follaje": "Caduco", "lon": -71.357855412557342, "lat": -40.153459266298142, "imagen": "FRAXINUS AMERICANA.gif\n", "url_ficha": "https://www.arbolesurbanos.com.ar/fraxinus-americana-fresno-blanco/", "thumbnail": "/thumbnails/fresno-americano.jpg" }, "geometry": { "type": "Point", "coordinates": [ -71.357855412557342, -40.153459266298142 ] } },
{ "type": "Feature", "properties": { "nombrevulgar": "Fresno blanco", "nombrecientifico": "Fraxinus americana", "magnitud": 1, "tipo": "Latifoliada", "follaje": "Caduco", "lon": -71.356954902273259, "lat": -40.153002382943846, "imagen": "FRAXINUS AMERICANA.gif\n", "url_ficha": "https://www.arbolesurbanos.com.ar/fraxinus-americana-fresno-blanco/", "thumbnail": "/thumbnails/fresno-americano.jpg" }, "geometry": { "type": "Point", "coordinates": [ -71.356954902273259, -40.153002382943846 ] } },
{ "type": "Feature", "properties": { "nombrevulgar": "Fresno blanco", "nombrecientifico": "Fraxinus americana", "magnitud": 1, "tipo": "Latifoliada", "follaje": "Caduco", "lon": -71.356898571241686, "lat": -40.153115227822134, "imagen": "FRAXINUS AMERICANA.gif\n", "url_ficha": "https://www.arbolesurbanos.com.ar/fraxinus-americana-fresno-blanco/", "thumbnail": "/thumbnails/fresno-americano.jpg" }, "geometry": { "type": "Point", "coordinates": [ -71.356898571241686, -40.153115227822134 ] } },
{ "type": "Feature", "properties": { "nombrevulgar": "Fresno blanco", "nombrecientifico": "Fraxinus americana", "magnitud": 1, "tipo": "Latifoliada", "follaje": "Caduco", "lon": -71.356812167947425, "lat": -40.153084248471934, "imagen": "FRAXINUS AMERICANA.gif\n", "url_ficha": "https://www.arbolesurbanos.com.ar/fraxinus-americana-fresno-blanco/", "thumbnail": "/thumbnails/fresno-americano.jpg" }, "geometry": { "type": "Point", "coordinates": [ -71.356812167947425, -40.153084248471934 ] } },
{ "type": "Feature", "properties": { "nombrevulgar": "Fresno blanco", "nombrecientifico": "Fraxinus americana", "magnitud": 1, "tipo": "Latifoliada", "follaje": "Caduco", "lon": -71.356741012350497, "lat": -40.153058736015609, "imagen": "FRAXINUS AMERICANA.gif\n", "url_ficha": "https://www.arbolesurbanos.com.ar/fraxinus-americana-fresno-blanco/", "thumbnail": "/thumbnails/fresno-americano.jpg" }, "geometry": { "type": "Point", "coordinates": [ -71.356741012350497, -40.153058736015609 ] } },
{ "type": "Feature", "properties": { "nombrevulgar": "Fresno blanco", "nombrecientifico": "Fraxinus americana", "magnitud": 1, "tipo": "Latifoliada", "follaje": "Caduco", "lon": -71.356745852691304, "lat": -40.152908423355804, "imagen": "FRAXINUS AMERICANA.gif\n", "url_ficha": "https://www.arbolesurbanos.com.ar/fraxinus-americana-fresno-blanco/", "thumbnail": "/thumbnails/fresno-americano.jpg" }, "geometry": { "type": "Point", "coordinates": [ -71.356745852691304, -40.152908423355804 ] } },
{ "type": "Feature", "properties": { "nombrevulgar": "Fresno blanco", "nombrecientifico": "Fraxinus americana", "magnitud": 1, "tipo": "Latifoliada", "follaje": "Caduco", "lon": -71.356572780624688, "lat": -40.152838766473117, "imagen": "FRAXINUS AMERICANA.gif\n", "url_ficha": "https://www.arbolesurbanos.com.ar/fraxinus-americana-fresno-blanco/", "thumbnail": "/thumbnails/fresno-americano.jpg" }, "geometry": { "type": "Point", "coordinates": [ -71.356572780624688, -40.152838766473117 ] } },
{ "type": "Feature", "properties": { "nombrevulgar": "Fresno blanco", "nombrecientifico": "Fraxinus americana", "magnitud": 1, "tipo": "Latifoliada", "follaje": "Caduco", "lon": -71.356117089043011, "lat": -40.152709543088129, "imagen": "FRAXINUS AMERICANA.gif\n", "url_ficha": "https://www.arbolesurbanos.com.ar/fraxinus-americana-fresno-blanco/", "thumbnail": "/thumbnails/fresno-americano.jpg" }, "geometry": { "type": "Point", "coordinates": [ -71.356117089043011, -40.152709543088129 ] } },
{ "type": "Feature", "properties": { "nombrevulgar": "Fresno blanco", "nombrecientifico": "Fraxinus americana", "magnitud": 1, "tipo": "Latifoliada", "follaje": "Caduco", "lon": -71.356027554191741, "lat": -40.152805731142472, "imagen": "FRAXINUS AMERICANA.gif\n", "url_ficha": "https://www.arbolesurbanos.com.ar/fraxinus-americana-fresno-blanco/", "thumbnail": "/thumbnails/fresno-americano.jpg" }, "geometry": { "type": "Point", "coordinates": [ -71.356027554191741, -40.152805731142472 ] } },
{ "type": "Feature", "properties": { "nombrevulgar": "Fresno blanco", "nombrecientifico": "Fraxinus americana", "magnitud": 1, "tipo": "Latifoliada", "follaje": "Caduco", "lon": -71.355911122414739, "lat": -40.152777288247435, "imagen": "FRAXINUS AMERICANA.gif\n", "url_ficha": "https://www.arbolesurbanos.com.ar/fraxinus-americana-fresno-blanco/", "thumbnail": "/thumbnails/fresno-americano.jpg" }, "geometry": { "type": "Point", "coordinates": [ -71.355911122414739, -40.152777288247435 ] } },
{ "type": "Feature", "properties": { "nombrevulgar": "Fresno blanco", "nombrecientifico": "Fraxinus americana", "magnitud": 1, "tipo": "Latifoliada", "follaje": "Caduco", "lon": -71.355812180065044, "lat": -40.152746563397052, "imagen": "FRAXINUS AMERICANA.gif\n", "url_ficha": "https://www.arbolesurbanos.com.ar/fraxinus-americana-fresno-blanco/", "thumbnail": "/thumbnails/fresno-americano.jpg" }, "geometry": { "type": "Point", "coordinates": [ -71.355812180065044, -40.152746563397052 ] } },
{ "type": "Feature", "properties": { "nombrevulgar": "Fresno blanco", "nombrecientifico": "Fraxinus americana", "magnitud": 1, "tipo": "Latifoliada", "follaje": "Caduco", "lon": -71.355430089318588, "lat": -40.152438505819923, "imagen": "FRAXINUS AMERICANA.gif\n", "url_ficha": "https://www.arbolesurbanos.com.ar/fraxinus-americana-fresno-blanco/", "thumbnail": "/thumbnails/fresno-americano.jpg" }, "geometry": { "type": "Point", "coordinates": [ -71.355430089318588, -40.152438505819923 ] } },
{ "type": "Feature", "properties": { "nombrevulgar": "Fresno blanco", "nombrecientifico": "Fraxinus americana", "magnitud": 1, "tipo": "Latifoliada", "follaje": "Caduco", "lon": -71.355370735778223, "lat": -40.152609186159282, "imagen": "FRAXINUS AMERICANA.gif\n", "url_ficha": "https://www.arbolesurbanos.com.ar/fraxinus-americana-fresno-blanco/", "thumbnail": "/thumbnails/fresno-americano.jpg" }, "geometry": { "type": "Point", "coordinates": [ -71.355370735778223, -40.152609186159282 ] } },
{ "type": "Feature", "properties": { "nombrevulgar": "Fresno blanco", "nombrecientifico": "Fraxinus americana", "magnitud": 1, "tipo": "Latifoliada", "follaje": "Caduco", "lon": -71.355232073067995, "lat": -40.152373206227935, "imagen": "FRAXINUS AMERICANA.gif\n", "url_ficha": "https://www.arbolesurbanos.com.ar/fraxinus-americana-fresno-blanco/", "thumbnail": "/thumbnails/fresno-americano.jpg" }, "geometry": { "type": "Point", "coordinates": [ -71.355232073067995, -40.152373206227935 ] } },
{ "type": "Feature", "properties": { "nombrevulgar": "Fresno blanco", "nombrecientifico": "Fraxinus americana", "magnitud": 1, "tipo": "Latifoliada", "follaje": "Caduco", "lon": -71.355320243652216, "lat": -40.152600584666679, "imagen": "FRAXINUS AMERICANA.gif\n", "url_ficha": "https://www.arbolesurbanos.com.ar/fraxinus-americana-fresno-blanco/", "thumbnail": "/thumbnails/fresno-americano.jpg" }, "geometry": { "type": "Point", "coordinates": [ -71.355320243652216, -40.152600584666679 ] } },
{ "type": "Feature", "properties": { "nombrevulgar": "Fresno blanco", "nombrecientifico": "Fraxinus americana", "magnitud": 1, "tipo": "Latifoliada", "follaje": "Caduco", "lon": -71.356461294998937, "lat": -40.154649137229178, "imagen": "FRAXINUS AMERICANA.gif\n", "url_ficha": "https://www.arbolesurbanos.com.ar/fraxinus-americana-fresno-blanco/", "thumbnail": "/thumbnails/fresno-americano.jpg" }, "geometry": { "type": "Point", "coordinates": [ -71.356461294998937, -40.154649137229178 ] } },
{ "type": "Feature", "properties": { "nombrevulgar": "Fresno blanco", "nombrecientifico": "Fraxinus americana", "magnitud": 1, "tipo": "Latifoliada", "follaje": "Caduco", "lon": -71.356491050121789, "lat": -40.154646197386185, "imagen": "FRAXINUS AMERICANA.gif\n", "url_ficha": "https://www.arbolesurbanos.com.ar/fraxinus-americana-fresno-blanco/", "thumbnail": "/thumbnails/fresno-americano.jpg" }, "geometry": { "type": "Point", "coordinates": [ -71.356491050121789, -40.154646197386185 ] } },
{ "type": "Feature", "properties": { "nombrevulgar": "Fresno blanco", "nombrecientifico": "Fraxinus americana", "magnitud": 1, "tipo": "Latifoliada", "follaje": "Caduco", "lon": -71.356540641990449, "lat": -40.154641297648205, "imagen": "FRAXINUS AMERICANA.gif\n", "url_ficha": "https://www.arbolesurbanos.com.ar/fraxinus-americana-fresno-blanco/", "thumbnail": "/thumbnails/fresno-americano.jpg" }, "geometry": { "type": "Point", "coordinates": [ -71.356540641990449, -40.154641297648205 ] } },
{ "type": "Feature", "properties": { "nombrevulgar": "Fresno blanco", "nombrecientifico": "Fraxinus americana", "magnitud": 1, "tipo": "Latifoliada", "follaje": "Caduco", "lon": -71.356547299258807, "lat": -40.154680969432221, "imagen": "FRAXINUS AMERICANA.gif\n", "url_ficha": "https://www.arbolesurbanos.com.ar/fraxinus-americana-fresno-blanco/", "thumbnail": "/thumbnails/fresno-americano.jpg" }, "geometry": { "type": "Point", "coordinates": [ -71.356547299258807, -40.154680969432221 ] } },
{ "type": "Feature", "properties": { "nombrevulgar": "Fresno blanco", "nombrecientifico": "Fraxinus americana", "magnitud": 1, "tipo": "Latifoliada", "follaje": "Caduco", "lon": -71.356544105717916, "lat": -40.15478210878517, "imagen": "FRAXINUS AMERICANA.gif\n", "url_ficha": "https://www.arbolesurbanos.com.ar/fraxinus-americana-fresno-blanco/", "thumbnail": "/thumbnails/fresno-americano.jpg" }, "geometry": { "type": "Point", "coordinates": [ -71.356544105717916, -40.15478210878517 ] } },
{ "type": "Feature", "properties": { "nombrevulgar": "Fresno blanco", "nombrecientifico": "Fraxinus americana", "magnitud": 1, "tipo": "Latifoliada", "follaje": "Caduco", "lon": -71.354247670616488, "lat": -40.15317211709462, "imagen": "FRAXINUS AMERICANA.gif\n", "url_ficha": "https://www.arbolesurbanos.com.ar/fraxinus-americana-fresno-blanco/", "thumbnail": "/thumbnails/fresno-americano.jpg" }, "geometry": { "type": "Point", "coordinates": [ -71.354247670616488, -40.15317211709462 ] } },
{ "type": "Feature", "properties": { "nombrevulgar": "Fresno blanco", "nombrecientifico": "Fraxinus americana", "magnitud": 1, "tipo": "Latifoliada", "follaje": "Caduco", "lon": -71.35941225898442, "lat": -40.158228976615575, "imagen": "FRAXINUS AMERICANA.gif\n", "url_ficha": "https://www.arbolesurbanos.com.ar/fraxinus-americana-fresno-blanco/", "thumbnail": "/thumbnails/fresno-americano.jpg" }, "geometry": { "type": "Point", "coordinates": [ -71.35941225898442, -40.158228976615575 ] } },
{ "type": "Feature", "properties": { "nombrevulgar": "Fresno blanco", "nombrecientifico": "Fraxinus americana", "magnitud": 1, "tipo": "Latifoliada", "follaje": "Caduco", "lon": -71.359647881780759, "lat": -40.157782593135671, "imagen": "FRAXINUS AMERICANA.gif\n", "url_ficha": "https://www.arbolesurbanos.com.ar/fraxinus-americana-fresno-blanco/", "thumbnail": "/thumbnails/fresno-americano.jpg" }, "geometry": { "type": "Point", "coordinates": [ -71.359647881780759, -40.157782593135671 ] } },
{ "type": "Feature", "properties": { "nombrevulgar": "Fresno blanco", "nombrecientifico": "Fraxinus americana", "magnitud": 1, "tipo": "Latifoliada", "follaje": "Caduco", "lon": -71.359741981919768, "lat": -40.157648633507776, "imagen": "FRAXINUS AMERICANA.gif\n", "url_ficha": "https://www.arbolesurbanos.com.ar/fraxinus-americana-fresno-blanco/", "thumbnail": "/thumbnails/fresno-americano.jpg" }, "geometry": { "type": "Point", "coordinates": [ -71.359741981919768, -40.157648633507776 ] } },
{ "type": "Feature", "properties": { "nombrevulgar": "Fresno blanco", "nombrecientifico": "Fraxinus americana", "magnitud": 1, "tipo": "Latifoliada", "follaje": "Caduco", "lon": -71.359814877175793, "lat": -40.157554069089564, "imagen": "FRAXINUS AMERICANA.gif\n", "url_ficha": "https://www.arbolesurbanos.com.ar/fraxinus-americana-fresno-blanco/", "thumbnail": "/thumbnails/fresno-americano.jpg" }, "geometry": { "type": "Point", "coordinates": [ -71.359814877175793, -40.157554069089564 ] } },
{ "type": "Feature", "properties": { "nombrevulgar": "Fresno blanco", "nombrecientifico": "Fraxinus americana", "magnitud": 1, "tipo": "Latifoliada", "follaje": "Caduco", "lon": -71.359631219299942, "lat": -40.157871681681272, "imagen": "FRAXINUS AMERICANA.gif\n", "url_ficha": "https://www.arbolesurbanos.com.ar/fraxinus-americana-fresno-blanco/", "thumbnail": "/thumbnails/fresno-americano.jpg" }, "geometry": { "type": "Point", "coordinates": [ -71.359631219299942, -40.157871681681272 ] } },
{ "type": "Feature", "properties": { "nombrevulgar": "Fresno blanco", "nombrecientifico": "Fraxinus americana", "magnitud": 1, "tipo": "Latifoliada", "follaje": "Caduco", "lon": -71.359559147523484, "lat": -40.15799003984781, "imagen": "FRAXINUS AMERICANA.gif\n", "url_ficha": "https://www.arbolesurbanos.com.ar/fraxinus-americana-fresno-blanco/", "thumbnail": "/thumbnails/fresno-americano.jpg" }, "geometry": { "type": "Point", "coordinates": [ -71.359559147523484, -40.15799003984781 ] } },
{ "type": "Feature", "properties": { "nombrevulgar": "Fresno blanco", "nombrecientifico": "Fraxinus americana", "magnitud": 1, "tipo": "Latifoliada", "follaje": "Caduco", "lon": -71.359505835778918, "lat": -40.158079875615527, "imagen": "FRAXINUS AMERICANA.gif\n", "url_ficha": "https://www.arbolesurbanos.com.ar/fraxinus-americana-fresno-blanco/", "thumbnail": "/thumbnails/fresno-americano.jpg" }, "geometry": { "type": "Point", "coordinates": [ -71.359505835778918, -40.158079875615527 ] } },
{ "type": "Feature", "properties": { "nombrevulgar": "Fresno blanco", "nombrecientifico": "Fraxinus americana", "magnitud": 1, "tipo": "Latifoliada", "follaje": "Caduco", "lon": -71.359466469904902, "lat": -40.158165097816415, "imagen": "FRAXINUS AMERICANA.gif\n", "url_ficha": "https://www.arbolesurbanos.com.ar/fraxinus-americana-fresno-blanco/", "thumbnail": "/thumbnails/fresno-americano.jpg" }, "geometry": { "type": "Point", "coordinates": [ -71.359466469904902, -40.158165097816415 ] } },
{ "type": "Feature", "properties": { "nombrevulgar": "Fresno blanco", "nombrecientifico": "Fraxinus americana", "magnitud": 1, "tipo": "Latifoliada", "follaje": "Caduco", "lon": -71.359696592613503, "lat": -40.158130101297075, "imagen": "FRAXINUS AMERICANA.gif\n", "url_ficha": "https://www.arbolesurbanos.com.ar/fraxinus-americana-fresno-blanco/", "thumbnail": "/thumbnails/fresno-americano.jpg" }, "geometry": { "type": "Point", "coordinates": [ -71.359696592613503, -40.158130101297075 ] } },
{ "type": "Feature", "properties": { "nombrevulgar": "Fresno blanco", "nombrecientifico": "Fraxinus americana", "magnitud": 1, "tipo": "Latifoliada", "follaje": "Caduco", "lon": -71.359748180965227, "lat": -40.157990514674573, "imagen": "FRAXINUS AMERICANA.gif\n", "url_ficha": "https://www.arbolesurbanos.com.ar/fraxinus-americana-fresno-blanco/", "thumbnail": "/thumbnails/fresno-americano.jpg" }, "geometry": { "type": "Point", "coordinates": [ -71.359748180965227, -40.157990514674573 ] } },
{ "type": "Feature", "properties": { "nombrevulgar": "Fresno blanco", "nombrecientifico": "Fraxinus americana", "magnitud": 1, "tipo": "Latifoliada", "follaje": "Caduco", "lon": -71.359856302008666, "lat": -40.157854104454259, "imagen": "FRAXINUS AMERICANA.gif\n", "url_ficha": "https://www.arbolesurbanos.com.ar/fraxinus-americana-fresno-blanco/", "thumbnail": "/thumbnails/fresno-americano.jpg" }, "geometry": { "type": "Point", "coordinates": [ -71.359856302008666, -40.157854104454259 ] } },
{ "type": "Feature", "properties": { "nombrevulgar": "Fresno blanco", "nombrecientifico": "Fraxinus americana", "magnitud": 1, "tipo": "Latifoliada", "follaje": "Caduco", "lon": -71.359612869440511, "lat": -40.158237874045689, "imagen": "FRAXINUS AMERICANA.gif\n", "url_ficha": "https://www.arbolesurbanos.com.ar/fraxinus-americana-fresno-blanco/", "thumbnail": "/thumbnails/fresno-americano.jpg" }, "geometry": { "type": "Point", "coordinates": [ -71.359612869440511, -40.158237874045689 ] } },
{ "type": "Feature", "properties": { "nombrevulgar": "Fresno blanco", "nombrecientifico": "Fraxinus americana", "magnitud": 1, "tipo": "Latifoliada", "follaje": "Caduco", "lon": -71.3597358168619, "lat": -40.158285153036886, "imagen": "FRAXINUS AMERICANA.gif\n", "url_ficha": "https://www.arbolesurbanos.com.ar/fraxinus-americana-fresno-blanco/", "thumbnail": "/thumbnails/fresno-americano.jpg" }, "geometry": { "type": "Point", "coordinates": [ -71.3597358168619, -40.158285153036886 ] } },
{ "type": "Feature", "properties": { "nombrevulgar": "Fresno blanco", "nombrecientifico": "Fraxinus americana", "magnitud": 1, "tipo": "Latifoliada", "follaje": "Caduco", "lon": -71.360053498190069, "lat": -40.158408700173176, "imagen": "FRAXINUS AMERICANA.gif\n", "url_ficha": "https://www.arbolesurbanos.com.ar/fraxinus-americana-fresno-blanco/", "thumbnail": "/thumbnails/fresno-americano.jpg" }, "geometry": { "type": "Point", "coordinates": [ -71.360053498190069, -40.158408700173176 ] } },
{ "type": "Feature", "properties": { "nombrevulgar": "Fresno blanco", "nombrecientifico": "Fraxinus americana", "magnitud": 1, "tipo": "Latifoliada", "follaje": "Caduco", "lon": -71.36012400657367, "lat": -40.158432536886458, "imagen": "FRAXINUS AMERICANA.gif\n", "url_ficha": "https://www.arbolesurbanos.com.ar/fraxinus-americana-fresno-blanco/", "thumbnail": "/thumbnails/fresno-americano.jpg" }, "geometry": { "type": "Point", "coordinates": [ -71.36012400657367, -40.158432536886458 ] } },
{ "type": "Feature", "properties": { "nombrevulgar": "Fresno blanco", "nombrecientifico": "Fraxinus americana", "magnitud": 1, "tipo": "Latifoliada", "follaje": "Caduco", "lon": -71.36021137766528, "lat": -40.158467694865898, "imagen": "FRAXINUS AMERICANA.gif\n", "url_ficha": "https://www.arbolesurbanos.com.ar/fraxinus-americana-fresno-blanco/", "thumbnail": "/thumbnails/fresno-americano.jpg" }, "geometry": { "type": "Point", "coordinates": [ -71.36021137766528, -40.158467694865898 ] } },
{ "type": "Feature", "properties": { "nombrevulgar": "Fresno blanco", "nombrecientifico": "Fraxinus americana", "magnitud": 1, "tipo": "Latifoliada", "follaje": "Caduco", "lon": -71.360288682898386, "lat": -40.158395154788323, "imagen": "FRAXINUS AMERICANA.gif\n", "url_ficha": "https://www.arbolesurbanos.com.ar/fraxinus-americana-fresno-blanco/", "thumbnail": "/thumbnails/fresno-americano.jpg" }, "geometry": { "type": "Point", "coordinates": [ -71.360288682898386, -40.158395154788323 ] } },
{ "type": "Feature", "properties": { "nombrevulgar": "Fresno blanco", "nombrecientifico": "Fraxinus americana", "magnitud": 1, "tipo": "Latifoliada", "follaje": "Caduco", "lon": -71.360316132407675, "lat": -40.158382929718208, "imagen": "FRAXINUS AMERICANA.gif\n", "url_ficha": "https://www.arbolesurbanos.com.ar/fraxinus-americana-fresno-blanco/", "thumbnail": "/thumbnails/fresno-americano.jpg" }, "geometry": { "type": "Point", "coordinates": [ -71.360316132407675, -40.158382929718208 ] } },
{ "type": "Feature", "properties": { "nombrevulgar": "Fresno blanco", "nombrecientifico": "Fraxinus americana", "magnitud": 1, "tipo": "Latifoliada", "follaje": "Caduco", "lon": -71.360403731185002, "lat": -40.158497795246596, "imagen": "FRAXINUS AMERICANA.gif\n", "url_ficha": "https://www.arbolesurbanos.com.ar/fraxinus-americana-fresno-blanco/", "thumbnail": "/thumbnails/fresno-americano.jpg" }, "geometry": { "type": "Point", "coordinates": [ -71.360403731185002, -40.158497795246596 ] } },
{ "type": "Feature", "properties": { "nombrevulgar": "Fresno blanco", "nombrecientifico": "Fraxinus americana", "magnitud": 1, "tipo": "Latifoliada", "follaje": "Caduco", "lon": -71.360505356106444, "lat": -40.158398898458714, "imagen": "FRAXINUS AMERICANA.gif\n", "url_ficha": "https://www.arbolesurbanos.com.ar/fraxinus-americana-fresno-blanco/", "thumbnail": "/thumbnails/fresno-americano.jpg" }, "geometry": { "type": "Point", "coordinates": [ -71.360505356106444, -40.158398898458714 ] } },
{ "type": "Feature", "properties": { "nombrevulgar": "Fresno blanco", "nombrecientifico": "Fraxinus americana", "magnitud": 1, "tipo": "Latifoliada", "follaje": "Caduco", "lon": -71.360778342684071, "lat": -40.158298466370596, "imagen": "FRAXINUS AMERICANA.gif\n", "url_ficha": "https://www.arbolesurbanos.com.ar/fraxinus-americana-fresno-blanco/", "thumbnail": "/thumbnails/fresno-americano.jpg" }, "geometry": { "type": "Point", "coordinates": [ -71.360778342684071, -40.158298466370596 ] } },
{ "type": "Feature", "properties": { "nombrevulgar": "Fresno blanco", "nombrecientifico": "Fraxinus americana", "magnitud": 1, "tipo": "Latifoliada", "follaje": "Caduco", "lon": -71.360459902262178, "lat": -40.1583260428188, "imagen": "FRAXINUS AMERICANA.gif\n", "url_ficha": "https://www.arbolesurbanos.com.ar/fraxinus-americana-fresno-blanco/", "thumbnail": "/thumbnails/fresno-americano.jpg" }, "geometry": { "type": "Point", "coordinates": [ -71.360459902262178, -40.1583260428188 ] } },
{ "type": "Feature", "properties": { "nombrevulgar": "Fresno blanco", "nombrecientifico": "Fraxinus americana", "magnitud": 1, "tipo": "Latifoliada", "follaje": "Caduco", "lon": -71.360688410338909, "lat": -40.158230470809741, "imagen": "FRAXINUS AMERICANA.gif\n", "url_ficha": "https://www.arbolesurbanos.com.ar/fraxinus-americana-fresno-blanco/", "thumbnail": "/thumbnails/fresno-americano.jpg" }, "geometry": { "type": "Point", "coordinates": [ -71.360688410338909, -40.158230470809741 ] } },
{ "type": "Feature", "properties": { "nombrevulgar": "Fresno blanco", "nombrecientifico": "Fraxinus americana", "magnitud": 1, "tipo": "Latifoliada", "follaje": "Caduco", "lon": -71.352442631069877, "lat": -40.148440742061211, "imagen": "FRAXINUS AMERICANA.gif\n", "url_ficha": "https://www.arbolesurbanos.com.ar/fraxinus-americana-fresno-blanco/", "thumbnail": "/thumbnails/fresno-americano.jpg" }, "geometry": { "type": "Point", "coordinates": [ -71.352442631069877, -40.148440742061211 ] } },
{ "type": "Feature", "properties": { "nombrevulgar": "Fresno blanco", "nombrecientifico": "Fraxinus americana", "magnitud": 1, "tipo": "Latifoliada", "follaje": "Caduco", "lon": -71.352424449849494, "lat": -40.148490375252202, "imagen": "FRAXINUS AMERICANA.gif\n", "url_ficha": "https://www.arbolesurbanos.com.ar/fraxinus-americana-fresno-blanco/", "thumbnail": "/thumbnails/fresno-americano.jpg" }, "geometry": { "type": "Point", "coordinates": [ -71.352424449849494, -40.148490375252202 ] } },
{ "type": "Feature", "properties": { "nombrevulgar": "Fresno blanco", "nombrecientifico": "Fraxinus americana", "magnitud": 1, "tipo": "Latifoliada", "follaje": "Caduco", "lon": -71.354570932804791, "lat": -40.153098049967809, "imagen": "FRAXINUS AMERICANA.gif\n", "url_ficha": "https://www.arbolesurbanos.com.ar/fraxinus-americana-fresno-blanco/", "thumbnail": "/thumbnails/fresno-americano.jpg" }, "geometry": { "type": "Point", "coordinates": [ -71.354570932804791, -40.153098049967809 ] } },
{ "type": "Feature", "properties": { "nombrevulgar": "Fresno blanco", "nombrecientifico": "Fraxinus americana", "magnitud": 1, "tipo": "Latifoliada", "follaje": "Caduco", "lon": -71.354612091493578, "lat": -40.153017156429868, "imagen": "FRAXINUS AMERICANA.gif\n", "url_ficha": "https://www.arbolesurbanos.com.ar/fraxinus-americana-fresno-blanco/", "thumbnail": "/thumbnails/fresno-americano.jpg" }, "geometry": { "type": "Point", "coordinates": [ -71.354612091493578, -40.153017156429868 ] } },
{ "type": "Feature", "properties": { "nombrevulgar": "Fresno blanco", "nombrecientifico": "Fraxinus americana", "magnitud": 1, "tipo": "Latifoliada", "follaje": "Caduco", "lon": -71.354597391961889, "lat": -40.153039626866764, "imagen": "FRAXINUS AMERICANA.gif\n", "url_ficha": "https://www.arbolesurbanos.com.ar/fraxinus-americana-fresno-blanco/", "thumbnail": "/thumbnails/fresno-americano.jpg" }, "geometry": { "type": "Point", "coordinates": [ -71.354597391961889, -40.153039626866764 ] } },
{ "type": "Feature", "properties": { "nombrevulgar": "Fresno blanco", "nombrecientifico": "Fraxinus americana", "magnitud": 1, "tipo": "Latifoliada", "follaje": "Caduco", "lon": -71.354732627653192, "lat": -40.153086814759988, "imagen": "FRAXINUS AMERICANA.gif\n", "url_ficha": "https://www.arbolesurbanos.com.ar/fraxinus-americana-fresno-blanco/", "thumbnail": "/thumbnails/fresno-americano.jpg" }, "geometry": { "type": "Point", "coordinates": [ -71.354732627653192, -40.153086814759988 ] } },
{ "type": "Feature", "properties": { "nombrevulgar": "Fresno blanco", "nombrecientifico": "Fraxinus americana", "magnitud": 1, "tipo": "Latifoliada", "follaje": "Caduco", "lon": -71.354679709339251, "lat": -40.152886827749512, "imagen": "FRAXINUS AMERICANA.gif\n", "url_ficha": "https://www.arbolesurbanos.com.ar/fraxinus-americana-fresno-blanco/", "thumbnail": "/thumbnails/fresno-americano.jpg" }, "geometry": { "type": "Point", "coordinates": [ -71.354679709339251, -40.152886827749512 ] } },
{ "type": "Feature", "properties": { "nombrevulgar": "Fresno blanco", "nombrecientifico": "Fraxinus americana", "magnitud": 1, "tipo": "Latifoliada", "follaje": "Caduco", "lon": -71.354797305592541, "lat": -40.152907051181778, "imagen": "FRAXINUS AMERICANA.gif\n", "url_ficha": "https://www.arbolesurbanos.com.ar/fraxinus-americana-fresno-blanco/", "thumbnail": "/thumbnails/fresno-americano.jpg" }, "geometry": { "type": "Point", "coordinates": [ -71.354797305592541, -40.152907051181778 ] } },
{ "type": "Feature", "properties": { "nombrevulgar": "Fresno blanco", "nombrecientifico": "Fraxinus americana", "magnitud": 1, "tipo": "Latifoliada", "follaje": "Caduco", "lon": -71.35477672624819, "lat": -40.152628416695336, "imagen": "FRAXINUS AMERICANA.gif\n", "url_ficha": "https://www.arbolesurbanos.com.ar/fraxinus-americana-fresno-blanco/", "thumbnail": "/thumbnails/fresno-americano.jpg" }, "geometry": { "type": "Point", "coordinates": [ -71.35477672624819, -40.152628416695336 ] } },
{ "type": "Feature", "properties": { "nombrevulgar": "Fresno blanco", "nombrecientifico": "Fraxinus americana", "magnitud": 1, "tipo": "Latifoliada", "follaje": "Caduco", "lon": -71.354841404187653, "lat": -40.152477863714779, "imagen": "FRAXINUS AMERICANA.gif\n", "url_ficha": "https://www.arbolesurbanos.com.ar/fraxinus-americana-fresno-blanco/", "thumbnail": "/thumbnails/fresno-americano.jpg" }, "geometry": { "type": "Point", "coordinates": [ -71.354841404187653, -40.152477863714779 ] } },
{ "type": "Feature", "properties": { "nombrevulgar": "Fresno blanco", "nombrecientifico": "Fraxinus americana", "magnitud": 1, "tipo": "Latifoliada", "follaje": "Caduco", "lon": -71.354685589151856, "lat": -40.152563252013351, "imagen": "FRAXINUS AMERICANA.gif\n", "url_ficha": "https://www.arbolesurbanos.com.ar/fraxinus-americana-fresno-blanco/", "thumbnail": "/thumbnails/fresno-americano.jpg" }, "geometry": { "type": "Point", "coordinates": [ -71.354685589151856, -40.152563252013351 ] } },
{ "type": "Feature", "properties": { "nombrevulgar": "Fresno blanco", "nombrecientifico": "Fraxinus americana", "magnitud": 1, "tipo": "Latifoliada", "follaje": "Caduco", "lon": -71.354929601377648, "lat": -40.152644146091937, "imagen": "FRAXINUS AMERICANA.gif\n", "url_ficha": "https://www.arbolesurbanos.com.ar/fraxinus-americana-fresno-blanco/", "thumbnail": "/thumbnails/fresno-americano.jpg" }, "geometry": { "type": "Point", "coordinates": [ -71.354929601377648, -40.152644146091937 ] } },
{ "type": "Feature", "properties": { "nombrevulgar": "Fresno blanco", "nombrecientifico": "Fraxinus americana", "magnitud": 1, "tipo": "Latifoliada", "follaje": "Caduco", "lon": -71.355167733790694, "lat": -40.15227113370527, "imagen": "FRAXINUS AMERICANA.gif\n", "url_ficha": "https://www.arbolesurbanos.com.ar/fraxinus-americana-fresno-blanco/", "thumbnail": "/thumbnails/fresno-americano.jpg" }, "geometry": { "type": "Point", "coordinates": [ -71.355167733790694, -40.15227113370527 ] } },
{ "type": "Feature", "properties": { "nombrevulgar": "Fresno blanco", "nombrecientifico": "Fraxinus americana", "magnitud": 1, "tipo": "Latifoliada", "follaje": "Caduco", "lon": -71.355308849294829, "lat": -40.151947555035726, "imagen": "FRAXINUS AMERICANA.gif\n", "url_ficha": "https://www.arbolesurbanos.com.ar/fraxinus-americana-fresno-blanco/", "thumbnail": "/thumbnails/fresno-americano.jpg" }, "geometry": { "type": "Point", "coordinates": [ -71.355308849294829, -40.151947555035726 ] } },
{ "type": "Feature", "properties": { "nombrevulgar": "Fresno blanco", "nombrecientifico": "Fraxinus americana", "magnitud": 1, "tipo": "Latifoliada", "follaje": "Caduco", "lon": -71.355264750699732, "lat": -40.152019461539901, "imagen": "FRAXINUS AMERICANA.gif\n", "url_ficha": "https://www.arbolesurbanos.com.ar/fraxinus-americana-fresno-blanco/", "thumbnail": "/thumbnails/fresno-americano.jpg" }, "geometry": { "type": "Point", "coordinates": [ -71.355264750699732, -40.152019461539901 ] } },
{ "type": "Feature", "properties": { "nombrevulgar": "Fresno blanco", "nombrecientifico": "Fraxinus americana", "magnitud": 1, "tipo": "Latifoliada", "follaje": "Caduco", "lon": -71.355217712198368, "lat": -40.152091367968033, "imagen": "FRAXINUS AMERICANA.gif\n", "url_ficha": "https://www.arbolesurbanos.com.ar/fraxinus-americana-fresno-blanco/", "thumbnail": "/thumbnails/fresno-americano.jpg" }, "geometry": { "type": "Point", "coordinates": [ -71.355217712198368, -40.152091367968033 ] } },
{ "type": "Feature", "properties": { "nombrevulgar": "Fresno blanco", "nombrecientifico": "Fraxinus americana", "magnitud": 1, "tipo": "Latifoliada", "follaje": "Caduco", "lon": -71.355173613603455, "lat": -40.152205968680491, "imagen": "FRAXINUS AMERICANA.gif\n", "url_ficha": "https://www.arbolesurbanos.com.ar/fraxinus-americana-fresno-blanco/", "thumbnail": "/thumbnails/fresno-americano.jpg" }, "geometry": { "type": "Point", "coordinates": [ -71.355173613603455, -40.152205968680491 ] } },
{ "type": "Feature", "properties": { "nombrevulgar": "Fresno blanco", "nombrecientifico": "Fraxinus americana", "magnitud": 1, "tipo": "Latifoliada", "follaje": "Caduco", "lon": -71.355114815476668, "lat": -40.15202844984762, "imagen": "FRAXINUS AMERICANA.gif\n", "url_ficha": "https://www.arbolesurbanos.com.ar/fraxinus-americana-fresno-blanco/", "thumbnail": "/thumbnails/fresno-americano.jpg" }, "geometry": { "type": "Point", "coordinates": [ -71.355114815476668, -40.15202844984762 ] } },
{ "type": "Feature", "properties": { "nombrevulgar": "Fresno blanco", "nombrecientifico": "Fraxinus americana", "magnitud": 1, "tipo": "Latifoliada", "follaje": "Caduco", "lon": -71.355332368545533, "lat": -40.151886883863511, "imagen": "FRAXINUS AMERICANA.gif\n", "url_ficha": "https://www.arbolesurbanos.com.ar/fraxinus-americana-fresno-blanco/", "thumbnail": "/thumbnails/fresno-americano.jpg" }, "geometry": { "type": "Point", "coordinates": [ -71.355332368545533, -40.151886883863511 ] } },
{ "type": "Feature", "properties": { "nombrevulgar": "Fresno blanco", "nombrecientifico": "Fraxinus americana", "magnitud": 1, "tipo": "Latifoliada", "follaje": "Caduco", "lon": -71.355391166672121, "lat": -40.151790259292198, "imagen": "FRAXINUS AMERICANA.gif\n", "url_ficha": "https://www.arbolesurbanos.com.ar/fraxinus-americana-fresno-blanco/", "thumbnail": "/thumbnails/fresno-americano.jpg" }, "geometry": { "type": "Point", "coordinates": [ -71.355391166672121, -40.151790259292198 ] } },
{ "type": "Feature", "properties": { "nombrevulgar": "Fresno blanco", "nombrecientifico": "Fraxinus americana", "magnitud": 1, "tipo": "Latifoliada", "follaje": "Caduco", "lon": -71.355444084986132, "lat": -40.15173857632557, "imagen": "FRAXINUS AMERICANA.gif\n", "url_ficha": "https://www.arbolesurbanos.com.ar/fraxinus-americana-fresno-blanco/", "thumbnail": "/thumbnails/fresno-americano.jpg" }, "geometry": { "type": "Point", "coordinates": [ -71.355444084986132, -40.15173857632557 ] } },
{ "type": "Feature", "properties": { "nombrevulgar": "Fresno blanco", "nombrecientifico": "Fraxinus americana", "magnitud": 1, "tipo": "Latifoliada", "follaje": "Caduco", "lon": -71.355485243674821, "lat": -40.151659928257352, "imagen": "FRAXINUS AMERICANA.gif\n", "url_ficha": "https://www.arbolesurbanos.com.ar/fraxinus-americana-fresno-blanco/", "thumbnail": "/thumbnails/fresno-americano.jpg" }, "geometry": { "type": "Point", "coordinates": [ -71.355485243674821, -40.151659928257352 ] } },
{ "type": "Feature", "properties": { "nombrevulgar": "Fresno blanco", "nombrecientifico": "Fraxinus americana", "magnitud": 1, "tipo": "Latifoliada", "follaje": "Caduco", "lon": -71.355295176855364, "lat": -40.15164042251152, "imagen": "FRAXINUS AMERICANA.gif\n", "url_ficha": "https://www.arbolesurbanos.com.ar/fraxinus-americana-fresno-blanco/", "thumbnail": "/thumbnails/fresno-americano.jpg" }, "geometry": { "type": "Point", "coordinates": [ -71.355295176855364, -40.15164042251152 ] } },
{ "type": "Feature", "properties": { "nombrevulgar": "Fresno blanco", "nombrecientifico": "Fraxinus americana", "magnitud": 1, "tipo": "Latifoliada", "follaje": "Caduco", "lon": -71.355562793316878, "lat": -40.151178566353764, "imagen": "FRAXINUS AMERICANA.gif\n", "url_ficha": "https://www.arbolesurbanos.com.ar/fraxinus-americana-fresno-blanco/", "thumbnail": "/thumbnails/fresno-americano.jpg" }, "geometry": { "type": "Point", "coordinates": [ -71.355562793316878, -40.151178566353764 ] } },
{ "type": "Feature", "properties": { "nombrevulgar": "Fresno blanco", "nombrecientifico": "Fraxinus americana", "magnitud": 1, "tipo": "Latifoliada", "follaje": "Caduco", "lon": -71.355591206280693, "lat": -40.151117362947531, "imagen": "FRAXINUS AMERICANA.gif\n", "url_ficha": "https://www.arbolesurbanos.com.ar/fraxinus-americana-fresno-blanco/", "thumbnail": "/thumbnails/fresno-americano.jpg" }, "geometry": { "type": "Point", "coordinates": [ -71.355591206280693, -40.151117362947531 ] } },
{ "type": "Feature", "properties": { "nombrevulgar": "Fresno blanco", "nombrecientifico": "Fraxinus americana", "magnitud": 1, "tipo": "Latifoliada", "follaje": "Caduco", "lon": -71.355640283218236, "lat": -40.150989033045654, "imagen": "FRAXINUS AMERICANA.gif\n", "url_ficha": "https://www.arbolesurbanos.com.ar/fraxinus-americana-fresno-blanco/", "thumbnail": "/thumbnails/fresno-americano.jpg" }, "geometry": { "type": "Point", "coordinates": [ -71.355640283218236, -40.150989033045654 ] } },
{ "type": "Feature", "properties": { "nombrevulgar": "Fresno blanco", "nombrecientifico": "Fraxinus americana", "magnitud": 1, "tipo": "Latifoliada", "follaje": "Caduco", "lon": -71.355681611165636, "lat": -40.150923880848765, "imagen": "FRAXINUS AMERICANA.gif\n", "url_ficha": "https://www.arbolesurbanos.com.ar/fraxinus-americana-fresno-blanco/", "thumbnail": "/thumbnails/fresno-americano.jpg" }, "geometry": { "type": "Point", "coordinates": [ -71.355681611165636, -40.150923880848765 ] } },
{ "type": "Feature", "properties": { "nombrevulgar": "Fresno blanco", "nombrecientifico": "Fraxinus americana", "magnitud": 1, "tipo": "Latifoliada", "follaje": "Caduco", "lon": -71.355480790744167, "lat": -40.151162280835152, "imagen": "FRAXINUS AMERICANA.gif\n", "url_ficha": "https://www.arbolesurbanos.com.ar/fraxinus-americana-fresno-blanco/", "thumbnail": "/thumbnails/fresno-americano.jpg" }, "geometry": { "type": "Point", "coordinates": [ -71.355480790744167, -40.151162280835152 ] } },
{ "type": "Feature", "properties": { "nombrevulgar": "Fresno blanco", "nombrecientifico": "Fraxinus americana", "magnitud": 1, "tipo": "Latifoliada", "follaje": "Caduco", "lon": -71.355801239135573, "lat": -40.151029608435053, "imagen": "FRAXINUS AMERICANA.gif\n", "url_ficha": "https://www.arbolesurbanos.com.ar/fraxinus-americana-fresno-blanco/", "thumbnail": "/thumbnails/fresno-americano.jpg" }, "geometry": { "type": "Point", "coordinates": [ -71.355801239135573, -40.151029608435053 ] } },
{ "type": "Feature", "properties": { "nombrevulgar": "Fresno blanco", "nombrecientifico": "Fraxinus americana", "magnitud": 1, "tipo": "Latifoliada", "follaje": "Caduco", "lon": -71.355835132715427, "lat": -40.150966804841701, "imagen": "FRAXINUS AMERICANA.gif\n", "url_ficha": "https://www.arbolesurbanos.com.ar/fraxinus-americana-fresno-blanco/", "thumbnail": "/thumbnails/fresno-americano.jpg" }, "geometry": { "type": "Point", "coordinates": [ -71.355835132715427, -40.150966804841701 ] } },
{ "type": "Feature", "properties": { "nombrevulgar": "Fresno blanco", "nombrecientifico": "Fraxinus americana", "magnitud": 1, "tipo": "Latifoliada", "follaje": "Caduco", "lon": -71.355816645308238, "lat": -40.150720300176523, "imagen": "FRAXINUS AMERICANA.gif\n", "url_ficha": "https://www.arbolesurbanos.com.ar/fraxinus-americana-fresno-blanco/", "thumbnail": "/thumbnails/fresno-americano.jpg" }, "geometry": { "type": "Point", "coordinates": [ -71.355816645308238, -40.150720300176523 ] } },
{ "type": "Feature", "properties": { "nombrevulgar": "Fresno blanco", "nombrecientifico": "Fraxinus americana", "magnitud": 1, "tipo": "Latifoliada", "follaje": "Caduco", "lon": -71.352466285387735, "lat": -40.149135496927585, "imagen": "FRAXINUS AMERICANA.gif\n", "url_ficha": "https://www.arbolesurbanos.com.ar/fraxinus-americana-fresno-blanco/", "thumbnail": "/thumbnails/fresno-americano.jpg" }, "geometry": { "type": "Point", "coordinates": [ -71.352466285387735, -40.149135496927585 ] } },
{ "type": "Feature", "properties": { "nombrevulgar": "Fresno blanco", "nombrecientifico": "Fraxinus americana", "magnitud": 1, "tipo": "Latifoliada", "follaje": "Caduco", "lon": -71.352786882003429, "lat": -40.149242315266683, "imagen": "FRAXINUS AMERICANA.gif\n", "url_ficha": "https://www.arbolesurbanos.com.ar/fraxinus-americana-fresno-blanco/", "thumbnail": "/thumbnails/fresno-americano.jpg" }, "geometry": { "type": "Point", "coordinates": [ -71.352786882003429, -40.149242315266683 ] } },
{ "type": "Feature", "properties": { "nombrevulgar": "Fresno blanco", "nombrecientifico": "Fraxinus americana", "magnitud": 1, "tipo": "Latifoliada", "follaje": "Caduco", "lon": -71.352880046831828, "lat": -40.149273732393269, "imagen": "FRAXINUS AMERICANA.gif\n", "url_ficha": "https://www.arbolesurbanos.com.ar/fraxinus-americana-fresno-blanco/", "thumbnail": "/thumbnails/fresno-americano.jpg" }, "geometry": { "type": "Point", "coordinates": [ -71.352880046831828, -40.149273732393269 ] } },
{ "type": "Feature", "properties": { "nombrevulgar": "Fresno blanco", "nombrecientifico": "Fraxinus americana", "magnitud": 1, "tipo": "Latifoliada", "follaje": "Caduco", "lon": -71.352966403651678, "lat": -40.149300577433301, "imagen": "FRAXINUS AMERICANA.gif\n", "url_ficha": "https://www.arbolesurbanos.com.ar/fraxinus-americana-fresno-blanco/", "thumbnail": "/thumbnails/fresno-americano.jpg" }, "geometry": { "type": "Point", "coordinates": [ -71.352966403651678, -40.149300577433301 ] } },
{ "type": "Feature", "properties": { "nombrevulgar": "Fresno blanco", "nombrecientifico": "Fraxinus americana", "magnitud": 1, "tipo": "Latifoliada", "follaje": "Caduco", "lon": -71.353050212070983, "lat": -40.149324816491578, "imagen": "FRAXINUS AMERICANA.gif\n", "url_ficha": "https://www.arbolesurbanos.com.ar/fraxinus-americana-fresno-blanco/", "thumbnail": "/thumbnails/fresno-americano.jpg" }, "geometry": { "type": "Point", "coordinates": [ -71.353050212070983, -40.149324816491578 ] } },
{ "type": "Feature", "properties": { "nombrevulgar": "Fresno blanco", "nombrecientifico": "Fraxinus americana", "magnitud": 1, "tipo": "Latifoliada", "follaje": "Caduco", "lon": -71.353312962790994, "lat": -40.149416578562402, "imagen": "FRAXINUS AMERICANA.gif\n", "url_ficha": "https://www.arbolesurbanos.com.ar/fraxinus-americana-fresno-blanco/", "thumbnail": "/thumbnails/fresno-americano.jpg" }, "geometry": { "type": "Point", "coordinates": [ -71.353312962790994, -40.149416578562402 ] } },
{ "type": "Feature", "properties": { "nombrevulgar": "Fresno blanco", "nombrecientifico": "Fraxinus americana", "magnitud": 1, "tipo": "Latifoliada", "follaje": "Caduco", "lon": -71.353415381730684, "lat": -40.149454875197975, "imagen": "FRAXINUS AMERICANA.gif\n", "url_ficha": "https://www.arbolesurbanos.com.ar/fraxinus-americana-fresno-blanco/", "thumbnail": "/thumbnails/fresno-americano.jpg" }, "geometry": { "type": "Point", "coordinates": [ -71.353415381730684, -40.149454875197975 ] } },
{ "type": "Feature", "properties": { "nombrevulgar": "Fresno blanco", "nombrecientifico": "Fraxinus americana", "magnitud": 1, "tipo": "Latifoliada", "follaje": "Caduco", "lon": -71.355292373025037, "lat": -40.152500714735908, "imagen": "FRAXINUS AMERICANA.gif\n", "url_ficha": "https://www.arbolesurbanos.com.ar/fraxinus-americana-fresno-blanco/", "thumbnail": "/thumbnails/fresno-americano.jpg" }, "geometry": { "type": "Point", "coordinates": [ -71.355292373025037, -40.152500714735908 ] } },
{ "type": "Feature", "properties": { "nombrevulgar": "Fresno blanco", "nombrecientifico": "Fraxinus americana", "magnitud": 1, "tipo": "Latifoliada", "follaje": "Caduco", "lon": -71.356088145222458, "lat": -40.153808538132061, "imagen": "FRAXINUS AMERICANA.gif\n", "url_ficha": "https://www.arbolesurbanos.com.ar/fraxinus-americana-fresno-blanco/", "thumbnail": "/thumbnails/fresno-americano.jpg" }, "geometry": { "type": "Point", "coordinates": [ -71.356088145222458, -40.153808538132061 ] } },
{ "type": "Feature", "properties": { "nombrevulgar": "Fresno blanco", "nombrecientifico": "Fraxinus americana", "magnitud": 1, "tipo": "Latifoliada", "follaje": "Caduco", "lon": -71.356062606394246, "lat": -40.153791806925483, "imagen": "FRAXINUS AMERICANA.gif\n", "url_ficha": "https://www.arbolesurbanos.com.ar/fraxinus-americana-fresno-blanco/", "thumbnail": "/thumbnails/fresno-americano.jpg" }, "geometry": { "type": "Point", "coordinates": [ -71.356062606394246, -40.153791806925483 ] } },
{ "type": "Feature", "properties": { "nombrevulgar": "Fresno blanco", "nombrecientifico": "Fraxinus americana", "magnitud": 1, "tipo": "Latifoliada", "follaje": "Caduco", "lon": -71.355268546230619, "lat": -40.152392019555862, "imagen": "FRAXINUS AMERICANA.gif\n", "url_ficha": "https://www.arbolesurbanos.com.ar/fraxinus-americana-fresno-blanco/", "thumbnail": "/thumbnails/fresno-americano.jpg" }, "geometry": { "type": "Point", "coordinates": [ -71.355268546230619, -40.152392019555862 ] } },
{ "type": "Feature", "properties": { "nombrevulgar": "Fresno blanco", "nombrecientifico": "Fraxinus americana", "magnitud": 1, "tipo": "Latifoliada", "follaje": "Caduco", "lon": -71.355587100948469, "lat": -40.15250378735773, "imagen": "FRAXINUS AMERICANA.gif\n", "url_ficha": "https://www.arbolesurbanos.com.ar/fraxinus-americana-fresno-blanco/", "thumbnail": "/thumbnails/fresno-americano.jpg" }, "geometry": { "type": "Point", "coordinates": [ -71.355587100948469, -40.15250378735773 ] } },
{ "type": "Feature", "properties": { "nombrevulgar": "Fresno blanco", "nombrecientifico": "Fraxinus americana", "magnitud": 1, "tipo": "Latifoliada", "follaje": "Caduco", "lon": -71.355665636957539, "lat": -40.152611836759071, "imagen": "FRAXINUS AMERICANA.gif\n", "url_ficha": "https://www.arbolesurbanos.com.ar/fraxinus-americana-fresno-blanco/", "thumbnail": "/thumbnails/fresno-americano.jpg" }, "geometry": { "type": "Point", "coordinates": [ -71.355665636957539, -40.152611836759071 ] } },
{ "type": "Feature", "properties": { "nombrevulgar": "Fresno blanco", "nombrecientifico": "Fraxinus americana", "magnitud": 1, "tipo": "Latifoliada", "follaje": "Caduco", "lon": -71.355479768402603, "lat": -40.152547807504938, "imagen": "FRAXINUS AMERICANA.gif\n", "url_ficha": "https://www.arbolesurbanos.com.ar/fraxinus-americana-fresno-blanco/", "thumbnail": "/thumbnails/fresno-americano.jpg" }, "geometry": { "type": "Point", "coordinates": [ -71.355479768402603, -40.152547807504938 ] } },
{ "type": "Feature", "properties": { "nombrevulgar": "Fresno blanco", "nombrecientifico": "Fraxinus americana", "magnitud": 1, "tipo": "Latifoliada", "follaje": "Caduco", "lon": -71.355848887645621, "lat": -40.152677866864117, "imagen": "FRAXINUS AMERICANA.gif\n", "url_ficha": "https://www.arbolesurbanos.com.ar/fraxinus-americana-fresno-blanco/", "thumbnail": "/thumbnails/fresno-americano.jpg" }, "geometry": { "type": "Point", "coordinates": [ -71.355848887645621, -40.152677866864117 ] } },
{ "type": "Feature", "properties": { "nombrevulgar": "Fresno blanco", "nombrecientifico": "Fraxinus americana", "magnitud": 1, "tipo": "Latifoliada", "follaje": "Caduco", "lon": -71.355958838058356, "lat": -40.152721886898483, "imagen": "FRAXINUS AMERICANA.gif\n", "url_ficha": "https://www.arbolesurbanos.com.ar/fraxinus-americana-fresno-blanco/", "thumbnail": "/thumbnails/fresno-americano.jpg" }, "geometry": { "type": "Point", "coordinates": [ -71.355958838058356, -40.152721886898483 ] } },
{ "type": "Feature", "properties": { "nombrevulgar": "Fresno blanco", "nombrecientifico": "Fraxinus americana", "magnitud": 1, "tipo": "Latifoliada", "follaje": "Caduco", "lon": -71.356076642072168, "lat": -40.152665861395214, "imagen": "FRAXINUS AMERICANA.gif\n", "url_ficha": "https://www.arbolesurbanos.com.ar/fraxinus-americana-fresno-blanco/", "thumbnail": "/thumbnails/fresno-americano.jpg" }, "geometry": { "type": "Point", "coordinates": [ -71.356076642072168, -40.152665861395214 ] } },
{ "type": "Feature", "properties": { "nombrevulgar": "Fresno blanco", "nombrecientifico": "Fraxinus americana", "magnitud": 1, "tipo": "Latifoliada", "follaje": "Caduco", "lon": -71.357643219310802, "lat": -40.153315505771808, "imagen": "FRAXINUS AMERICANA.gif\n", "url_ficha": "https://www.arbolesurbanos.com.ar/fraxinus-americana-fresno-blanco/", "thumbnail": "/thumbnails/fresno-americano.jpg" }, "geometry": { "type": "Point", "coordinates": [ -71.357643219310802, -40.153315505771808 ] } },
{ "type": "Feature", "properties": { "nombrevulgar": "Fresno blanco", "nombrecientifico": "Fraxinus americana", "magnitud": 1, "tipo": "Latifoliada", "follaje": "Caduco", "lon": -71.357466524196781, "lat": -40.153330940273982, "imagen": "FRAXINUS AMERICANA.gif\n", "url_ficha": "https://www.arbolesurbanos.com.ar/fraxinus-americana-fresno-blanco/", "thumbnail": "/thumbnails/fresno-americano.jpg" }, "geometry": { "type": "Point", "coordinates": [ -71.357466524196781, -40.153330940273982 ] } },
{ "type": "Feature", "properties": { "nombrevulgar": "Fresno blanco", "nombrecientifico": "Fraxinus americana", "magnitud": 1, "tipo": "Latifoliada", "follaje": "Caduco", "lon": -71.357575906886353, "lat": -40.153393964454409, "imagen": "FRAXINUS AMERICANA.gif\n", "url_ficha": "https://www.arbolesurbanos.com.ar/fraxinus-americana-fresno-blanco/", "thumbnail": "/thumbnails/fresno-americano.jpg" }, "geometry": { "type": "Point", "coordinates": [ -71.357575906886353, -40.153393964454409 ] } },
{ "type": "Feature", "properties": { "nombrevulgar": "Fresno blanco", "nombrecientifico": "Fraxinus americana", "magnitud": 1, "tipo": "Latifoliada", "follaje": "Caduco", "lon": -71.357552347537847, "lat": -40.153465992017701, "imagen": "FRAXINUS AMERICANA.gif\n", "url_ficha": "https://www.arbolesurbanos.com.ar/fraxinus-americana-fresno-blanco/", "thumbnail": "/thumbnails/fresno-americano.jpg" }, "geometry": { "type": "Point", "coordinates": [ -71.357552347537847, -40.153465992017701 ] } },
{ "type": "Feature", "properties": { "nombrevulgar": "Fresno blanco", "nombrecientifico": "Fraxinus americana", "magnitud": 1, "tipo": "Latifoliada", "follaje": "Caduco", "lon": -71.357501863219539, "lat": -40.153568888404031, "imagen": "FRAXINUS AMERICANA.gif\n", "url_ficha": "https://www.arbolesurbanos.com.ar/fraxinus-americana-fresno-blanco/", "thumbnail": "/thumbnails/fresno-americano.jpg" }, "geometry": { "type": "Point", "coordinates": [ -71.357501863219539, -40.153568888404031 ] } },
{ "type": "Feature", "properties": { "nombrevulgar": "Fresno blanco", "nombrecientifico": "Fraxinus americana", "magnitud": 1, "tipo": "Latifoliada", "follaje": "Caduco", "lon": -71.35722419946886, "lat": -40.154098802324995, "imagen": "FRAXINUS AMERICANA.gif\n", "url_ficha": "https://www.arbolesurbanos.com.ar/fraxinus-americana-fresno-blanco/", "thumbnail": "/thumbnails/fresno-americano.jpg" }, "geometry": { "type": "Point", "coordinates": [ -71.35722419946886, -40.154098802324995 ] } },
{ "type": "Feature", "properties": { "nombrevulgar": "Fresno blanco", "nombrecientifico": "Fraxinus americana", "magnitud": 1, "tipo": "Latifoliada", "follaje": "Caduco", "lon": -71.357284780650843, "lat": -40.154004910111311, "imagen": "FRAXINUS AMERICANA.gif\n", "url_ficha": "https://www.arbolesurbanos.com.ar/fraxinus-americana-fresno-blanco/", "thumbnail": "/thumbnails/fresno-americano.jpg" }, "geometry": { "type": "Point", "coordinates": [ -71.357284780650843, -40.154004910111311 ] } },
{ "type": "Feature", "properties": { "nombrevulgar": "Fresno blanco", "nombrecientifico": "Fraxinus americana", "magnitud": 1, "tipo": "Latifoliada", "follaje": "Caduco", "lon": -71.357341996211531, "lat": -40.153881435221706, "imagen": "FRAXINUS AMERICANA.gif\n", "url_ficha": "https://www.arbolesurbanos.com.ar/fraxinus-americana-fresno-blanco/", "thumbnail": "/thumbnails/fresno-americano.jpg" }, "geometry": { "type": "Point", "coordinates": [ -71.357341996211531, -40.153881435221706 ] } },
{ "type": "Feature", "properties": { "nombrevulgar": "Fresno blanco", "nombrecientifico": "Fraxinus americana", "magnitud": 1, "tipo": "Latifoliada", "follaje": "Caduco", "lon": -71.357382383666192, "lat": -40.153788828907118, "imagen": "FRAXINUS AMERICANA.gif\n", "url_ficha": "https://www.arbolesurbanos.com.ar/fraxinus-americana-fresno-blanco/", "thumbnail": "/thumbnails/fresno-americano.jpg" }, "geometry": { "type": "Point", "coordinates": [ -71.357382383666192, -40.153788828907118 ] } },
{ "type": "Feature", "properties": { "nombrevulgar": "Fresno blanco", "nombrecientifico": "Fraxinus americana", "magnitud": 1, "tipo": "Latifoliada", "follaje": "Caduco", "lon": -71.357436233605753, "lat": -40.153684646652358, "imagen": "FRAXINUS AMERICANA.gif\n", "url_ficha": "https://www.arbolesurbanos.com.ar/fraxinus-americana-fresno-blanco/", "thumbnail": "/thumbnails/fresno-americano.jpg" }, "geometry": { "type": "Point", "coordinates": [ -71.357436233605753, -40.153684646652358 ] } },
{ "type": "Feature", "properties": { "nombrevulgar": "Fresno blanco", "nombrecientifico": "Fraxinus americana", "magnitud": 1, "tipo": "Latifoliada", "follaje": "Caduco", "lon": -71.357414357067853, "lat": -40.154002337720037, "imagen": "FRAXINUS AMERICANA.gif\n", "url_ficha": "https://www.arbolesurbanos.com.ar/fraxinus-americana-fresno-blanco/", "thumbnail": "/thumbnails/fresno-americano.jpg" }, "geometry": { "type": "Point", "coordinates": [ -71.357414357067853, -40.154002337720037 ] } },
{ "type": "Feature", "properties": { "nombrevulgar": "Fresno blanco", "nombrecientifico": "Fraxinus americana", "magnitud": 1, "tipo": "Latifoliada", "follaje": "Caduco", "lon": -71.357096305862456, "lat": -40.15434703727842, "imagen": "FRAXINUS AMERICANA.gif\n", "url_ficha": "https://www.arbolesurbanos.com.ar/fraxinus-americana-fresno-blanco/", "thumbnail": "/thumbnails/fresno-americano.jpg" }, "geometry": { "type": "Point", "coordinates": [ -71.357096305862456, -40.15434703727842 ] } },
{ "type": "Feature", "properties": { "nombrevulgar": "Fresno blanco", "nombrecientifico": "Fraxinus americana", "magnitud": 1, "tipo": "Latifoliada", "follaje": "Caduco", "lon": -71.357049187165359, "lat": -40.154453790891239, "imagen": "FRAXINUS AMERICANA.gif\n", "url_ficha": "https://www.arbolesurbanos.com.ar/fraxinus-americana-fresno-blanco/", "thumbnail": "/thumbnails/fresno-americano.jpg" }, "geometry": { "type": "Point", "coordinates": [ -71.357049187165359, -40.154453790891239 ] } },
{ "type": "Feature", "properties": { "nombrevulgar": "Fresno blanco", "nombrecientifico": "Fraxinus americana", "magnitud": 1, "tipo": "Latifoliada", "follaje": "Caduco", "lon": -71.356855663945154, "lat": -40.154793343435621, "imagen": "FRAXINUS AMERICANA.gif\n", "url_ficha": "https://www.arbolesurbanos.com.ar/fraxinus-americana-fresno-blanco/", "thumbnail": "/thumbnails/fresno-americano.jpg" }, "geometry": { "type": "Point", "coordinates": [ -71.356855663945154, -40.154793343435621 ] } },
{ "type": "Feature", "properties": { "nombrevulgar": "Fresno blanco", "nombrecientifico": "Fraxinus americana", "magnitud": 1, "tipo": "Latifoliada", "follaje": "Caduco", "lon": -71.356650361050725, "lat": -40.155192058271204, "imagen": "FRAXINUS AMERICANA.gif\n", "url_ficha": "https://www.arbolesurbanos.com.ar/fraxinus-americana-fresno-blanco/", "thumbnail": "/thumbnails/fresno-americano.jpg" }, "geometry": { "type": "Point", "coordinates": [ -71.356650361050725, -40.155192058271204 ] } },
{ "type": "Feature", "properties": { "nombrevulgar": "Fresno blanco", "nombrecientifico": "Fraxinus americana", "magnitud": 1, "tipo": "Latifoliada", "follaje": "Caduco", "lon": -71.356822007732958, "lat": -40.154865369514674, "imagen": "FRAXINUS AMERICANA.gif\n", "url_ficha": "https://www.arbolesurbanos.com.ar/fraxinus-americana-fresno-blanco/", "thumbnail": "/thumbnails/fresno-americano.jpg" }, "geometry": { "type": "Point", "coordinates": [ -71.356822007732958, -40.154865369514674 ] } },
{ "type": "Feature", "properties": { "nombrevulgar": "Fresno blanco", "nombrecientifico": "Fraxinus americana", "magnitud": 1, "tipo": "Latifoliada", "follaje": "Caduco", "lon": -71.356781620278255, "lat": -40.154928392271145, "imagen": "FRAXINUS AMERICANA.gif\n", "url_ficha": "https://www.arbolesurbanos.com.ar/fraxinus-americana-fresno-blanco/", "thumbnail": "/thumbnails/fresno-americano.jpg" }, "geometry": { "type": "Point", "coordinates": [ -71.356781620278255, -40.154928392271145 ] } },
{ "type": "Feature", "properties": { "nombrevulgar": "Fresno blanco", "nombrecientifico": "Fraxinus americana", "magnitud": 1, "tipo": "Latifoliada", "follaje": "Caduco", "lon": -71.356747964066102, "lat": -40.15498241173011, "imagen": "FRAXINUS AMERICANA.gif\n", "url_ficha": "https://www.arbolesurbanos.com.ar/fraxinus-americana-fresno-blanco/", "thumbnail": "/thumbnails/fresno-americano.jpg" }, "geometry": { "type": "Point", "coordinates": [ -71.356747964066102, -40.15498241173011 ] } },
{ "type": "Feature", "properties": { "nombrevulgar": "Fresno blanco", "nombrecientifico": "Fraxinus americana", "magnitud": 1, "tipo": "Latifoliada", "follaje": "Caduco", "lon": -71.356702528179611, "lat": -40.155068585540072, "imagen": "FRAXINUS AMERICANA.gif\n", "url_ficha": "https://www.arbolesurbanos.com.ar/fraxinus-americana-fresno-blanco/", "thumbnail": "/thumbnails/fresno-americano.jpg" }, "geometry": { "type": "Point", "coordinates": [ -71.356702528179611, -40.155068585540072 ] } },
{ "type": "Feature", "properties": { "nombrevulgar": "Fresno blanco", "nombrecientifico": "Fraxinus americana", "magnitud": 1, "tipo": "Latifoliada", "follaje": "Caduco", "lon": -71.359463436941596, "lat": -40.156870491997758, "imagen": "FRAXINUS AMERICANA.gif\n", "url_ficha": "https://www.arbolesurbanos.com.ar/fraxinus-americana-fresno-blanco/", "thumbnail": "/thumbnails/fresno-americano.jpg" }, "geometry": { "type": "Point", "coordinates": [ -71.359463436941596, -40.156870491997758 ] } },
{ "type": "Feature", "properties": { "nombrevulgar": "Fresno blanco", "nombrecientifico": "Fraxinus americana", "magnitud": 1, "tipo": "Latifoliada", "follaje": "Caduco", "lon": -71.359113761599588, "lat": -40.156737751573992, "imagen": "FRAXINUS AMERICANA.gif\n", "url_ficha": "https://www.arbolesurbanos.com.ar/fraxinus-americana-fresno-blanco/", "thumbnail": "/thumbnails/fresno-americano.jpg" }, "geometry": { "type": "Point", "coordinates": [ -71.359113761599588, -40.156737751573992 ] } },
{ "type": "Feature", "properties": { "nombrevulgar": "Fresno blanco", "nombrecientifico": "Fraxinus americana", "magnitud": 1, "tipo": "Latifoliada", "follaje": "Caduco", "lon": -71.35916702340657, "lat": -40.156794387519874, "imagen": "FRAXINUS AMERICANA.gif\n", "url_ficha": "https://www.arbolesurbanos.com.ar/fraxinus-americana-fresno-blanco/", "thumbnail": "/thumbnails/fresno-americano.jpg" }, "geometry": { "type": "Point", "coordinates": [ -71.35916702340657, -40.156794387519874 ] } },
{ "type": "Feature", "properties": { "nombrevulgar": "Fresno blanco", "nombrecientifico": "Fraxinus americana", "magnitud": 1, "tipo": "Latifoliada", "follaje": "Caduco", "lon": -71.359349966135198, "lat": -40.156909429139432, "imagen": "FRAXINUS AMERICANA.gif\n", "url_ficha": "https://www.arbolesurbanos.com.ar/fraxinus-americana-fresno-blanco/", "thumbnail": "/thumbnails/fresno-americano.jpg" }, "geometry": { "type": "Point", "coordinates": [ -71.359349966135198, -40.156909429139432 ] } },
{ "type": "Feature", "properties": { "nombrevulgar": "Arce rojo americano", "nombrecientifico": "Acer rubrum", "magnitud": 2, "tipo": "Latifoliada", "follaje": "Caduco", "lon": -71.359565661271276, "lat": -40.157219476954978, "imagen": "Acer rubrum.gif", "url_ficha": "https://www.arbolesurbanos.com.ar/acer-rubrum-arce-rojo/", "thumbnail": "/iconos/2/Acer rubrum.gif" }, "geometry": { "type": "Point", "coordinates": [ -71.359565661271276, -40.157219476954978 ] } },
{ "type": "Feature", "properties": { "nombrevulgar": "Arce Blanco", "nombrecientifico": "Acer pseudoplatanus", "magnitud": 2, "tipo": "Latifoliada", "follaje": "Caduco", "lon": -71.359558605191054, "lat": -40.157140226145152, "imagen": "ACER PSEUDOPLATANUS.gif", "url_ficha": "https://www.arbolesurbanos.com.ar/acer-pseudoplatanus-arce-blanco", "thumbnail": "/thumbnails/arce-blanco.jpg" }, "geometry": { "type": "Point", "coordinates": [ -71.359558605191054, -40.157140226145152 ] } },
{ "type": "Feature", "properties": { "nombrevulgar": "Arce Blanco", "nombrecientifico": "Acer pseudoplatanus", "magnitud": 2, "tipo": "Latifoliada", "follaje": "Caduco", "lon": -71.358808869341019, "lat": -40.157584989345935, "imagen": "ACER PSEUDOPLATANUS.gif", "url_ficha": "https://www.arbolesurbanos.com.ar/acer-pseudoplatanus-arce-blanco", "thumbnail": "/thumbnails/arce-blanco.jpg" }, "geometry": { "type": "Point", "coordinates": [ -71.358808869341019, -40.157584989345935 ] } },
{ "type": "Feature", "properties": { "nombrevulgar": "Arce Blanco", "nombrecientifico": "Acer pseudoplatanus", "magnitud": 2, "tipo": "Latifoliada", "follaje": "Caduco", "lon": -71.358870161653982, "lat": -40.1575853073685, "imagen": "ACER PSEUDOPLATANUS.gif", "url_ficha": "https://www.arbolesurbanos.com.ar/acer-pseudoplatanus-arce-blanco", "thumbnail": "/thumbnails/arce-blanco.jpg" }, "geometry": { "type": "Point", "coordinates": [ -71.358870161653982, -40.1575853073685 ] } },
{ "type": "Feature", "properties": { "nombrevulgar": "Arce Blanco", "nombrecientifico": "Acer pseudoplatanus", "magnitud": 2, "tipo": "Latifoliada", "follaje": "Caduco", "lon": -71.35887465864873, "lat": -40.157538195646751, "imagen": "ACER PSEUDOPLATANUS.gif", "url_ficha": "https://www.arbolesurbanos.com.ar/acer-pseudoplatanus-arce-blanco", "thumbnail": "/thumbnails/arce-blanco.jpg" }, "geometry": { "type": "Point", "coordinates": [ -71.35887465864873, -40.157538195646751 ] } },
{ "type": "Feature", "properties": { "nombrevulgar": "Arce Blanco", "nombrecientifico": "Acer pseudoplatanus", "magnitud": 2, "tipo": "Latifoliada", "follaje": "Caduco", "lon": -71.358902206075797, "lat": -40.157507854769186, "imagen": "ACER PSEUDOPLATANUS.gif", "url_ficha": "https://www.arbolesurbanos.com.ar/acer-pseudoplatanus-arce-blanco", "thumbnail": "/thumbnails/arce-blanco.jpg" }, "geometry": { "type": "Point", "coordinates": [ -71.358902206075797, -40.157507854769186 ] } },
{ "type": "Feature", "properties": { "nombrevulgar": "Arce Blanco", "nombrecientifico": "Acer pseudoplatanus", "magnitud": 2, "tipo": "Latifoliada", "follaje": "Caduco", "lon": -71.358919276007768, "lat": -40.157469890777477, "imagen": "ACER PSEUDOPLATANUS.gif", "url_ficha": "https://www.arbolesurbanos.com.ar/acer-pseudoplatanus-arce-blanco", "thumbnail": "/thumbnails/arce-blanco.jpg" }, "geometry": { "type": "Point", "coordinates": [ -71.358919276007768, -40.157469890777477 ] } },
{ "type": "Feature", "properties": { "nombrevulgar": "Arce Blanco", "nombrecientifico": "Acer pseudoplatanus", "magnitud": 2, "tipo": "Latifoliada", "follaje": "Caduco", "lon": -71.356799115928851, "lat": -40.155249816144199, "imagen": "ACER PSEUDOPLATANUS.gif", "url_ficha": "https://www.arbolesurbanos.com.ar/acer-pseudoplatanus-arce-blanco", "thumbnail": "/thumbnails/arce-blanco.jpg" }, "geometry": { "type": "Point", "coordinates": [ -71.356799115928851, -40.155249816144199 ] } },
{ "type": "Feature", "properties": { "nombrevulgar": "Arce Blanco", "nombrecientifico": "Acer pseudoplatanus", "magnitud": 2, "tipo": "Latifoliada", "follaje": "Caduco", "lon": -71.356837366658411, "lat": -40.155240818012707, "imagen": "ACER PSEUDOPLATANUS.gif", "url_ficha": "https://www.arbolesurbanos.com.ar/acer-pseudoplatanus-arce-blanco", "thumbnail": "/thumbnails/arce-blanco.jpg" }, "geometry": { "type": "Point", "coordinates": [ -71.356837366658411, -40.155240818012707 ] } },
{ "type": "Feature", "properties": { "nombrevulgar": "Arce Blanco", "nombrecientifico": "Acer pseudoplatanus", "magnitud": 2, "tipo": "Latifoliada", "follaje": "Caduco", "lon": -71.356942882074421, "lat": -40.155318394885029, "imagen": "ACER PSEUDOPLATANUS.gif", "url_ficha": "https://www.arbolesurbanos.com.ar/acer-pseudoplatanus-arce-blanco", "thumbnail": "/thumbnails/arce-blanco.jpg" }, "geometry": { "type": "Point", "coordinates": [ -71.356942882074421, -40.155318394885029 ] } },
{ "type": "Feature", "properties": { "nombrevulgar": "Arce Blanco", "nombrecientifico": "Acer pseudoplatanus", "magnitud": 2, "tipo": "Latifoliada", "follaje": "Caduco", "lon": -71.357015650987776, "lat": -40.155347323697093, "imagen": "ACER PSEUDOPLATANUS.gif", "url_ficha": "https://www.arbolesurbanos.com.ar/acer-pseudoplatanus-arce-blanco", "thumbnail": "/thumbnails/arce-blanco.jpg" }, "geometry": { "type": "Point", "coordinates": [ -71.357015650987776, -40.155347323697093 ] } },
{ "type": "Feature", "properties": { "nombrevulgar": "Arce Blanco", "nombrecientifico": "Acer pseudoplatanus", "magnitud": 2, "tipo": "Latifoliada", "follaje": "Caduco", "lon": -71.357187106247892, "lat": -40.155411228611385, "imagen": "ACER PSEUDOPLATANUS.gif", "url_ficha": "https://www.arbolesurbanos.com.ar/acer-pseudoplatanus-arce-blanco", "thumbnail": "/thumbnails/arce-blanco.jpg" }, "geometry": { "type": "Point", "coordinates": [ -71.357187106247892, -40.155411228611385 ] } },
{ "type": "Feature", "properties": { "nombrevulgar": "Arce Blanco", "nombrecientifico": "Acer pseudoplatanus", "magnitud": 2, "tipo": "Latifoliada", "follaje": "Caduco", "lon": -71.357282865543951, "lat": -40.155454483447279, "imagen": "ACER PSEUDOPLATANUS.gif", "url_ficha": "https://www.arbolesurbanos.com.ar/acer-pseudoplatanus-arce-blanco", "thumbnail": "/thumbnails/arce-blanco.jpg" }, "geometry": { "type": "Point", "coordinates": [ -71.357282865543951, -40.155454483447279 ] } },
{ "type": "Feature", "properties": { "nombrevulgar": "Arce Blanco", "nombrecientifico": "Acer pseudoplatanus", "magnitud": 2, "tipo": "Latifoliada", "follaje": "Caduco", "lon": -71.35734909858293, "lat": -40.155480257516047, "imagen": "ACER PSEUDOPLATANUS.gif", "url_ficha": "https://www.arbolesurbanos.com.ar/acer-pseudoplatanus-arce-blanco", "thumbnail": "/thumbnails/arce-blanco.jpg" }, "geometry": { "type": "Point", "coordinates": [ -71.35734909858293, -40.155480257516047 ] } },
{ "type": "Feature", "properties": { "nombrevulgar": "Arce Blanco", "nombrecientifico": "Acer pseudoplatanus", "magnitud": 2, "tipo": "Latifoliada", "follaje": "Caduco", "lon": -71.357544804596273, "lat": -40.155532983013551, "imagen": "ACER PSEUDOPLATANUS.gif", "url_ficha": "https://www.arbolesurbanos.com.ar/acer-pseudoplatanus-arce-blanco", "thumbnail": "/thumbnails/arce-blanco.jpg" }, "geometry": { "type": "Point", "coordinates": [ -71.357544804596273, -40.155532983013551 ] } },
{ "type": "Feature", "properties": { "nombrevulgar": "Arce Blanco", "nombrecientifico": "Acer pseudoplatanus", "magnitud": 2, "tipo": "Latifoliada", "follaje": "Caduco", "lon": -71.357462657293198, "lat": -40.155511642819391, "imagen": "ACER PSEUDOPLATANUS.gif", "url_ficha": "https://www.arbolesurbanos.com.ar/acer-pseudoplatanus-arce-blanco", "thumbnail": "/thumbnails/arce-blanco.jpg" }, "geometry": { "type": "Point", "coordinates": [ -71.357462657293198, -40.155511642819391 ] } },
{ "type": "Feature", "properties": { "nombrevulgar": "Arce Blanco", "nombrecientifico": "Acer pseudoplatanus", "magnitud": 2, "tipo": "Latifoliada", "follaje": "Caduco", "lon": -71.357617013434876, "lat": -40.155525973162121, "imagen": "ACER PSEUDOPLATANUS.gif", "url_ficha": "https://www.arbolesurbanos.com.ar/acer-pseudoplatanus-arce-blanco", "thumbnail": "/thumbnails/arce-blanco.jpg" }, "geometry": { "type": "Point", "coordinates": [ -71.357617013434876, -40.155525973162121 ] } },
{ "type": "Feature", "properties": { "nombrevulgar": "Arce Blanco", "nombrecientifico": "Acer pseudoplatanus", "magnitud": 2, "tipo": "Latifoliada", "follaje": "Caduco", "lon": -71.357867066395983, "lat": -40.155396748487689, "imagen": "ACER PSEUDOPLATANUS.gif", "url_ficha": "https://www.arbolesurbanos.com.ar/acer-pseudoplatanus-arce-blanco", "thumbnail": "/thumbnails/arce-blanco.jpg" }, "geometry": { "type": "Point", "coordinates": [ -71.357867066395983, -40.155396748487689 ] } },
{ "type": "Feature", "properties": { "nombrevulgar": "Arce Blanco", "nombrecientifico": "Acer pseudoplatanus", "magnitud": 2, "tipo": "Latifoliada", "follaje": "Caduco", "lon": -71.359483556721187, "lat": -40.155165544627671, "imagen": "ACER PSEUDOPLATANUS.gif", "url_ficha": "https://www.arbolesurbanos.com.ar/acer-pseudoplatanus-arce-blanco", "thumbnail": "/thumbnails/arce-blanco.jpg" }, "geometry": { "type": "Point", "coordinates": [ -71.359483556721187, -40.155165544627671 ] } },
{ "type": "Feature", "properties": { "nombrevulgar": "Arce Blanco", "nombrecientifico": "Acer pseudoplatanus", "magnitud": 2, "tipo": "Latifoliada", "follaje": "Caduco", "lon": -71.35999006758334, "lat": -40.154325794010418, "imagen": "ACER PSEUDOPLATANUS.gif", "url_ficha": "https://www.arbolesurbanos.com.ar/acer-pseudoplatanus-arce-blanco", "thumbnail": "/thumbnails/arce-blanco.jpg" }, "geometry": { "type": "Point", "coordinates": [ -71.35999006758334, -40.154325794010418 ] } },
{ "type": "Feature", "properties": { "nombrevulgar": "Arce Blanco", "nombrecientifico": "Acer pseudoplatanus", "magnitud": 2, "tipo": "Latifoliada", "follaje": "Caduco", "lon": -71.360521108738723, "lat": -40.154213781990748, "imagen": "ACER PSEUDOPLATANUS.gif", "url_ficha": "https://www.arbolesurbanos.com.ar/acer-pseudoplatanus-arce-blanco", "thumbnail": "/thumbnails/arce-blanco.jpg" }, "geometry": { "type": "Point", "coordinates": [ -71.360521108738723, -40.154213781990748 ] } },
{ "type": "Feature", "properties": { "nombrevulgar": "Arce Blanco", "nombrecientifico": "Acer pseudoplatanus", "magnitud": 2, "tipo": "Latifoliada", "follaje": "Caduco", "lon": -71.360966982730417, "lat": -40.154490314536389, "imagen": "ACER PSEUDOPLATANUS.gif", "url_ficha": "https://www.arbolesurbanos.com.ar/acer-pseudoplatanus-arce-blanco", "thumbnail": "/thumbnails/arce-blanco.jpg" }, "geometry": { "type": "Point", "coordinates": [ -71.360966982730417, -40.154490314536389 ] } },
{ "type": "Feature", "properties": { "nombrevulgar": "Arce Blanco", "nombrecientifico": "Acer pseudoplatanus", "magnitud": 2, "tipo": "Latifoliada", "follaje": "Caduco", "lon": -71.35829417883015, "lat": -40.155802350193099, "imagen": "ACER PSEUDOPLATANUS.gif", "url_ficha": "https://www.arbolesurbanos.com.ar/acer-pseudoplatanus-arce-blanco", "thumbnail": "/thumbnails/arce-blanco.jpg" }, "geometry": { "type": "Point", "coordinates": [ -71.35829417883015, -40.155802350193099 ] } },
{ "type": "Feature", "properties": { "nombrevulgar": "Arce Blanco", "nombrecientifico": "Acer pseudoplatanus", "magnitud": 2, "tipo": "Latifoliada", "follaje": "Caduco", "lon": -71.358391374971674, "lat": -40.156127317393477, "imagen": "ACER PSEUDOPLATANUS.gif", "url_ficha": "https://www.arbolesurbanos.com.ar/acer-pseudoplatanus-arce-blanco", "thumbnail": "/thumbnails/arce-blanco.jpg" }, "geometry": { "type": "Point", "coordinates": [ -71.358391374971674, -40.156127317393477 ] } },
{ "type": "Feature", "properties": { "nombrevulgar": "Arce Blanco", "nombrecientifico": "Acer pseudoplatanus", "magnitud": 2, "tipo": "Latifoliada", "follaje": "Caduco", "lon": -71.358291451981714, "lat": -40.156197415127458, "imagen": "ACER PSEUDOPLATANUS.gif", "url_ficha": "https://www.arbolesurbanos.com.ar/acer-pseudoplatanus-arce-blanco", "thumbnail": "/thumbnails/arce-blanco.jpg" }, "geometry": { "type": "Point", "coordinates": [ -71.358291451981714, -40.156197415127458 ] } },
{ "type": "Feature", "properties": { "nombrevulgar": "Arce Blanco", "nombrecientifico": "Acer pseudoplatanus", "magnitud": 2, "tipo": "Latifoliada", "follaje": "Caduco", "lon": -71.358273534157647, "lat": -40.156816444967561, "imagen": "ACER PSEUDOPLATANUS.gif", "url_ficha": "https://www.arbolesurbanos.com.ar/acer-pseudoplatanus-arce-blanco", "thumbnail": "/thumbnails/arce-blanco.jpg" }, "geometry": { "type": "Point", "coordinates": [ -71.358273534157647, -40.156816444967561 ] } },
{ "type": "Feature", "properties": { "nombrevulgar": "Arce Blanco", "nombrecientifico": "Acer pseudoplatanus", "magnitud": 2, "tipo": "Latifoliada", "follaje": "Caduco", "lon": -71.358088671023154, "lat": -40.153532618787821, "imagen": "ACER PSEUDOPLATANUS.gif", "url_ficha": "https://www.arbolesurbanos.com.ar/acer-pseudoplatanus-arce-blanco", "thumbnail": "/thumbnails/arce-blanco.jpg" }, "geometry": { "type": "Point", "coordinates": [ -71.358088671023154, -40.153532618787821 ] } },
{ "type": "Feature", "properties": { "nombrevulgar": "Arce Blanco", "nombrecientifico": "Acer pseudoplatanus", "magnitud": 2, "tipo": "Latifoliada", "follaje": "Caduco", "lon": -71.356811528824409, "lat": -40.152702948795117, "imagen": "ACER PSEUDOPLATANUS.gif", "url_ficha": "https://www.arbolesurbanos.com.ar/acer-pseudoplatanus-arce-blanco", "thumbnail": "/thumbnails/arce-blanco.jpg" }, "geometry": { "type": "Point", "coordinates": [ -71.356811528824409, -40.152702948795117 ] } },
{ "type": "Feature", "properties": { "nombrevulgar": "Arce Blanco", "nombrecientifico": "Acer pseudoplatanus", "magnitud": 2, "tipo": "Latifoliada", "follaje": "Caduco", "lon": -71.356353789668418, "lat": -40.154609346976059, "imagen": "ACER PSEUDOPLATANUS.gif", "url_ficha": "https://www.arbolesurbanos.com.ar/acer-pseudoplatanus-arce-blanco", "thumbnail": "/thumbnails/arce-blanco.jpg" }, "geometry": { "type": "Point", "coordinates": [ -71.356353789668418, -40.154609346976059 ] } },
{ "type": "Feature", "properties": { "nombrevulgar": "Arce Blanco", "nombrecientifico": "Acer pseudoplatanus", "magnitud": 2, "tipo": "Latifoliada", "follaje": "Caduco", "lon": -71.356283034483198, "lat": -40.154908726774707, "imagen": "ACER PSEUDOPLATANUS.gif", "url_ficha": "https://www.arbolesurbanos.com.ar/acer-pseudoplatanus-arce-blanco", "thumbnail": "/thumbnails/arce-blanco.jpg" }, "geometry": { "type": "Point", "coordinates": [ -71.356283034483198, -40.154908726774707 ] } },
{ "type": "Feature", "properties": { "nombrevulgar": "Arce Blanco", "nombrecientifico": "Acer pseudoplatanus", "magnitud": 2, "tipo": "Latifoliada", "follaje": "Caduco", "lon": -71.356283169714501, "lat": -40.155029702010708, "imagen": "ACER PSEUDOPLATANUS.gif", "url_ficha": "https://www.arbolesurbanos.com.ar/acer-pseudoplatanus-arce-blanco", "thumbnail": "/thumbnails/arce-blanco.jpg" }, "geometry": { "type": "Point", "coordinates": [ -71.356283169714501, -40.155029702010708 ] } },
{ "type": "Feature", "properties": { "nombrevulgar": "Arce Blanco", "nombrecientifico": "Acer pseudoplatanus", "magnitud": 2, "tipo": "Latifoliada", "follaje": "Caduco", "lon": -71.356366766751407, "lat": -40.154386252414064, "imagen": "ACER PSEUDOPLATANUS.gif", "url_ficha": "https://www.arbolesurbanos.com.ar/acer-pseudoplatanus-arce-blanco", "thumbnail": "/thumbnails/arce-blanco.jpg" }, "geometry": { "type": "Point", "coordinates": [ -71.356366766751407, -40.154386252414064 ] } },
{ "type": "Feature", "properties": { "nombrevulgar": "Arce Blanco", "nombrecientifico": "Acer pseudoplatanus", "magnitud": 2, "tipo": "Latifoliada", "follaje": "Caduco", "lon": -71.356318839171848, "lat": -40.154401070100164, "imagen": "ACER PSEUDOPLATANUS.gif", "url_ficha": "https://www.arbolesurbanos.com.ar/acer-pseudoplatanus-arce-blanco", "thumbnail": "/thumbnails/arce-blanco.jpg" }, "geometry": { "type": "Point", "coordinates": [ -71.356318839171848, -40.154401070100164 ] } },
{ "type": "Feature", "properties": { "nombrevulgar": "Arce Blanco", "nombrecientifico": "Acer pseudoplatanus", "magnitud": 2, "tipo": "Latifoliada", "follaje": "Caduco", "lon": -71.356328825006131, "lat": -40.154460577780419, "imagen": "ACER PSEUDOPLATANUS.gif", "url_ficha": "https://www.arbolesurbanos.com.ar/acer-pseudoplatanus-arce-blanco", "thumbnail": "/thumbnails/arce-blanco.jpg" }, "geometry": { "type": "Point", "coordinates": [ -71.356328825006131, -40.154460577780419 ] } },
{ "type": "Feature", "properties": { "nombrevulgar": "Arce Blanco", "nombrecientifico": "Acer pseudoplatanus", "magnitud": 2, "tipo": "Latifoliada", "follaje": "Caduco", "lon": -71.351005089587602, "lat": -40.150672967876787, "imagen": "ACER PSEUDOPLATANUS.gif", "url_ficha": "https://www.arbolesurbanos.com.ar/acer-pseudoplatanus-arce-blanco", "thumbnail": "/thumbnails/arce-blanco.jpg" }, "geometry": { "type": "Point", "coordinates": [ -71.351005089587602, -40.150672967876787 ] } },
{ "type": "Feature", "properties": { "nombrevulgar": "Arce Blanco", "nombrecientifico": "Acer pseudoplatanus", "magnitud": 2, "tipo": "Latifoliada", "follaje": "Caduco", "lon": -71.350876680220082, "lat": -40.150649721847614, "imagen": "ACER PSEUDOPLATANUS.gif", "url_ficha": "https://www.arbolesurbanos.com.ar/acer-pseudoplatanus-arce-blanco", "thumbnail": "/thumbnails/arce-blanco.jpg" }, "geometry": { "type": "Point", "coordinates": [ -71.350876680220082, -40.150649721847614 ] } },
{ "type": "Feature", "properties": { "nombrevulgar": "Arce Blanco", "nombrecientifico": "Acer pseudoplatanus", "magnitud": 2, "tipo": "Latifoliada", "follaje": "Caduco", "lon": -71.354446873576123, "lat": -40.153255218455932, "imagen": "ACER PSEUDOPLATANUS.gif", "url_ficha": "https://www.arbolesurbanos.com.ar/acer-pseudoplatanus-arce-blanco", "thumbnail": "/thumbnails/arce-blanco.jpg" }, "geometry": { "type": "Point", "coordinates": [ -71.354446873576123, -40.153255218455932 ] } },
{ "type": "Feature", "properties": { "nombrevulgar": "Arce Blanco", "nombrecientifico": "Acer pseudoplatanus", "magnitud": 2, "tipo": "Latifoliada", "follaje": "Caduco", "lon": -71.360896034650963, "lat": -40.158077352223103, "imagen": "ACER PSEUDOPLATANUS.gif", "url_ficha": "https://www.arbolesurbanos.com.ar/acer-pseudoplatanus-arce-blanco", "thumbnail": "/thumbnails/arce-blanco.jpg" }, "geometry": { "type": "Point", "coordinates": [ -71.360896034650963, -40.158077352223103 ] } },
{ "type": "Feature", "properties": { "nombrevulgar": "Arce Blanco", "nombrecientifico": "Acer pseudoplatanus", "magnitud": 2, "tipo": "Latifoliada", "follaje": "Caduco", "lon": -71.35166863054603, "lat": -40.149838398849575, "imagen": "ACER PSEUDOPLATANUS.gif", "url_ficha": "https://www.arbolesurbanos.com.ar/acer-pseudoplatanus-arce-blanco", "thumbnail": "/thumbnails/arce-blanco.jpg" }, "geometry": { "type": "Point", "coordinates": [ -71.35166863054603, -40.149838398849575 ] } },
{ "type": "Feature", "properties": { "nombrevulgar": "Arce Blanco", "nombrecientifico": "Acer pseudoplatanus", "magnitud": 2, "tipo": "Latifoliada", "follaje": "Caduco", "lon": -71.351712784938258, "lat": -40.149782810776493, "imagen": "ACER PSEUDOPLATANUS.gif", "url_ficha": "https://www.arbolesurbanos.com.ar/acer-pseudoplatanus-arce-blanco", "thumbnail": "/thumbnails/arce-blanco.jpg" }, "geometry": { "type": "Point", "coordinates": [ -71.351712784938258, -40.149782810776493 ] } },
{ "type": "Feature", "properties": { "nombrevulgar": "Arce Blanco", "nombrecientifico": "Acer pseudoplatanus", "magnitud": 2, "tipo": "Latifoliada", "follaje": "Caduco", "lon": -71.35177512055094, "lat": -40.149711340329986, "imagen": "ACER PSEUDOPLATANUS.gif", "url_ficha": "https://www.arbolesurbanos.com.ar/acer-pseudoplatanus-arce-blanco", "thumbnail": "/thumbnails/arce-blanco.jpg" }, "geometry": { "type": "Point", "coordinates": [ -71.35177512055094, -40.149711340329986 ] } },
{ "type": "Feature", "properties": { "nombrevulgar": "Arce Blanco", "nombrecientifico": "Acer pseudoplatanus", "magnitud": 2, "tipo": "Latifoliada", "follaje": "Caduco", "lon": -71.352382892774386, "lat": -40.148534052430222, "imagen": "ACER PSEUDOPLATANUS.gif", "url_ficha": "https://www.arbolesurbanos.com.ar/acer-pseudoplatanus-arce-blanco", "thumbnail": "/thumbnails/arce-blanco.jpg" }, "geometry": { "type": "Point", "coordinates": [ -71.352382892774386, -40.148534052430222 ] } },
{ "type": "Feature", "properties": { "nombrevulgar": "Arce Blanco", "nombrecientifico": "Acer pseudoplatanus", "magnitud": 2, "tipo": "Latifoliada", "follaje": "Caduco", "lon": -71.352065186355787, "lat": -40.149411865488553, "imagen": "ACER PSEUDOPLATANUS.gif", "url_ficha": "https://www.arbolesurbanos.com.ar/acer-pseudoplatanus-arce-blanco", "thumbnail": "/thumbnails/arce-blanco.jpg" }, "geometry": { "type": "Point", "coordinates": [ -71.352065186355787, -40.149411865488553 ] } },
{ "type": "Feature", "properties": { "nombrevulgar": "Arce Blanco", "nombrecientifico": "Acer pseudoplatanus", "magnitud": 2, "tipo": "Latifoliada", "follaje": "Caduco", "lon": -71.352037422833121, "lat": -40.149471992995338, "imagen": "ACER PSEUDOPLATANUS.gif", "url_ficha": "https://www.arbolesurbanos.com.ar/acer-pseudoplatanus-arce-blanco", "thumbnail": "/thumbnails/arce-blanco.jpg" }, "geometry": { "type": "Point", "coordinates": [ -71.352037422833121, -40.149471992995338 ] } },
{ "type": "Feature", "properties": { "nombrevulgar": "Arce Blanco", "nombrecientifico": "Acer pseudoplatanus", "magnitud": 2, "tipo": "Latifoliada", "follaje": "Caduco", "lon": -71.354647370369548, "lat": -40.152945250982029, "imagen": "ACER PSEUDOPLATANUS.gif", "url_ficha": "https://www.arbolesurbanos.com.ar/acer-pseudoplatanus-arce-blanco", "thumbnail": "/thumbnails/arce-blanco.jpg" }, "geometry": { "type": "Point", "coordinates": [ -71.354647370369548, -40.152945250982029 ] } },
{ "type": "Feature", "properties": { "nombrevulgar": "Arce Blanco", "nombrecientifico": "Acer pseudoplatanus", "magnitud": 2, "tipo": "Latifoliada", "follaje": "Caduco", "lon": -71.354738507465939, "lat": -40.15252729905864, "imagen": "ACER PSEUDOPLATANUS.gif", "url_ficha": "https://www.arbolesurbanos.com.ar/acer-pseudoplatanus-arce-blanco", "thumbnail": "/thumbnails/arce-blanco.jpg" }, "geometry": { "type": "Point", "coordinates": [ -71.354738507465939, -40.15252729905864 ] } },
{ "type": "Feature", "properties": { "nombrevulgar": "Arce Blanco", "nombrecientifico": "Acer pseudoplatanus", "magnitud": 2, "tipo": "Latifoliada", "follaje": "Caduco", "lon": -71.354659129994914, "lat": -40.152455393092055, "imagen": "ACER PSEUDOPLATANUS.gif", "url_ficha": "https://www.arbolesurbanos.com.ar/acer-pseudoplatanus-arce-blanco", "thumbnail": "/thumbnails/arce-blanco.jpg" }, "geometry": { "type": "Point", "coordinates": [ -71.354659129994914, -40.152455393092055 ] } },
{ "type": "Feature", "properties": { "nombrevulgar": "Arce Blanco", "nombrecientifico": "Acer pseudoplatanus", "magnitud": 2, "tipo": "Latifoliada", "follaje": "Caduco", "lon": -71.352866346121829, "lat": -40.149365889214089, "imagen": "ACER PSEUDOPLATANUS.gif", "url_ficha": "https://www.arbolesurbanos.com.ar/acer-pseudoplatanus-arce-blanco", "thumbnail": "/thumbnails/arce-blanco.jpg" }, "geometry": { "type": "Point", "coordinates": [ -71.352866346121829, -40.149365889214089 ] } },
{ "type": "Feature", "properties": { "nombrevulgar": "Arce Blanco", "nombrecientifico": "Acer pseudoplatanus", "magnitud": 2, "tipo": "Latifoliada", "follaje": "Caduco", "lon": -71.353157436217543, "lat": -40.149363468176738, "imagen": "ACER PSEUDOPLATANUS.gif", "url_ficha": "https://www.arbolesurbanos.com.ar/acer-pseudoplatanus-arce-blanco", "thumbnail": "/thumbnails/arce-blanco.jpg" }, "geometry": { "type": "Point", "coordinates": [ -71.353157436217543, -40.149363468176738 ] } },
{ "type": "Feature", "properties": { "nombrevulgar": "Arce Blanco", "nombrecientifico": "Acer pseudoplatanus", "magnitud": 2, "tipo": "Latifoliada", "follaje": "Caduco", "lon": -71.355149735564424, "lat": -40.153453865515353, "imagen": "ACER PSEUDOPLATANUS.gif", "url_ficha": "https://www.arbolesurbanos.com.ar/acer-pseudoplatanus-arce-blanco", "thumbnail": "/thumbnails/arce-blanco.jpg" }, "geometry": { "type": "Point", "coordinates": [ -71.355149735564424, -40.153453865515353 ] } },
{ "type": "Feature", "properties": { "nombrevulgar": "Arce Blanco", "nombrecientifico": "Acer pseudoplatanus", "magnitud": 2, "tipo": "Latifoliada", "follaje": "Caduco", "lon": -71.355473997211618, "lat": -40.153471124668357, "imagen": "ACER PSEUDOPLATANUS.gif", "url_ficha": "https://www.arbolesurbanos.com.ar/acer-pseudoplatanus-arce-blanco", "thumbnail": "/thumbnails/arce-blanco.jpg" }, "geometry": { "type": "Point", "coordinates": [ -71.355473997211618, -40.153471124668357 ] } },
{ "type": "Feature", "properties": { "nombrevulgar": "Arce Blanco", "nombrecientifico": "Acer pseudoplatanus", "magnitud": 2, "tipo": "Latifoliada", "follaje": "Caduco", "lon": -71.356593145490024, "lat": -40.153112284500452, "imagen": "ACER PSEUDOPLATANUS.gif", "url_ficha": "https://www.arbolesurbanos.com.ar/acer-pseudoplatanus-arce-blanco", "thumbnail": "/thumbnails/arce-blanco.jpg" }, "geometry": { "type": "Point", "coordinates": [ -71.356593145490024, -40.153112284500452 ] } },
{ "type": "Feature", "properties": { "nombrevulgar": "Arce Blanco", "nombrecientifico": "Acer pseudoplatanus", "magnitud": 2, "tipo": "Latifoliada", "follaje": "Caduco", "lon": -71.357367238370699, "lat": -40.154545110113631, "imagen": "ACER PSEUDOPLATANUS.gif", "url_ficha": "https://www.arbolesurbanos.com.ar/acer-pseudoplatanus-arce-blanco", "thumbnail": "/thumbnails/arce-blanco.jpg" }, "geometry": { "type": "Point", "coordinates": [ -71.357367238370699, -40.154545110113631 ] } },
{ "type": "Feature", "properties": { "nombrevulgar": "Abedul", "nombrecientifico": "Betula pendula", "magnitud": 2, "tipo": "Latifoliada", "follaje": "Caduco", "lon": -71.359485580946114, "lat": -40.157116904178672, "imagen": "BETULA PENDULA.gif", "url_ficha": "https://www.arbolesurbanos.com.ar/betula-pendula-abedul/", "thumbnail": "/thumbnails/abedul.jpg" }, "geometry": { "type": "Point", "coordinates": [ -71.359485580946114, -40.157116904178672 ] } },
{ "type": "Feature", "properties": { "nombrevulgar": "Abedul", "nombrecientifico": "Betula pendula", "magnitud": 2, "tipo": "Latifoliada", "follaje": "Caduco", "lon": -71.358051692374588, "lat": -40.155371470814785, "imagen": "BETULA PENDULA.gif", "url_ficha": "https://www.arbolesurbanos.com.ar/betula-pendula-abedul/", "thumbnail": "/thumbnails/abedul.jpg" }, "geometry": { "type": "Point", "coordinates": [ -71.358051692374588, -40.155371470814785 ] } },
{ "type": "Feature", "properties": { "nombrevulgar": "Abedul", "nombrecientifico": "Betula pendula", "magnitud": 2, "tipo": "Latifoliada", "follaje": "Caduco", "lon": -71.358026075307151, "lat": -40.155441505755292, "imagen": "BETULA PENDULA.gif", "url_ficha": "https://www.arbolesurbanos.com.ar/betula-pendula-abedul/", "thumbnail": "/thumbnails/abedul.jpg" }, "geometry": { "type": "Point", "coordinates": [ -71.358026075307151, -40.155441505755292 ] } },
{ "type": "Feature", "properties": { "nombrevulgar": "Abedul", "nombrecientifico": "Betula pendula", "magnitud": 2, "tipo": "Latifoliada", "follaje": "Caduco", "lon": -71.358185404334534, "lat": -40.154753026926578, "imagen": "BETULA PENDULA.gif", "url_ficha": "https://www.arbolesurbanos.com.ar/betula-pendula-abedul/", "thumbnail": "/thumbnails/abedul.jpg" }, "geometry": { "type": "Point", "coordinates": [ -71.358185404334534, -40.154753026926578 ] } },
{ "type": "Feature", "properties": { "nombrevulgar": "Abedul", "nombrecientifico": "Betula pendula", "magnitud": 2, "tipo": "Latifoliada", "follaje": "Caduco", "lon": -71.358674859478626, "lat": -40.154898835478342, "imagen": "BETULA PENDULA.gif", "url_ficha": "https://www.arbolesurbanos.com.ar/betula-pendula-abedul/", "thumbnail": "/thumbnails/abedul.jpg" }, "geometry": { "type": "Point", "coordinates": [ -71.358674859478626, -40.154898835478342 ] } },
{ "type": "Feature", "properties": { "nombrevulgar": "Abedul", "nombrecientifico": "Betula pendula", "magnitud": 2, "tipo": "Latifoliada", "follaje": "Caduco", "lon": -71.359394248612404, "lat": -40.155121993886056, "imagen": "BETULA PENDULA.gif", "url_ficha": "https://www.arbolesurbanos.com.ar/betula-pendula-abedul/", "thumbnail": "/thumbnails/abedul.jpg" }, "geometry": { "type": "Point", "coordinates": [ -71.359394248612404, -40.155121993886056 ] } },
{ "type": "Feature", "properties": { "nombrevulgar": "Abedul", "nombrecientifico": "Betula pendula", "magnitud": 2, "tipo": "Latifoliada", "follaje": "Caduco", "lon": -71.359472973363353, "lat": -40.155222131094753, "imagen": "BETULA PENDULA.gif", "url_ficha": "https://www.arbolesurbanos.com.ar/betula-pendula-abedul/", "thumbnail": "/thumbnails/abedul.jpg" }, "geometry": { "type": "Point", "coordinates": [ -71.359472973363353, -40.155222131094753 ] } },
{ "type": "Feature", "properties": { "nombrevulgar": "Abedul", "nombrecientifico": "Betula pendula", "magnitud": 2, "tipo": "Latifoliada", "follaje": "Caduco", "lon": -71.359627869856638, "lat": -40.154831252576827, "imagen": "BETULA PENDULA.gif", "url_ficha": "https://www.arbolesurbanos.com.ar/betula-pendula-abedul/", "thumbnail": "/thumbnails/abedul.jpg" }, "geometry": { "type": "Point", "coordinates": [ -71.359627869856638, -40.154831252576827 ] } },
{ "type": "Feature", "properties": { "nombrevulgar": "Abedul", "nombrecientifico": "Betula pendula", "magnitud": 2, "tipo": "Latifoliada", "follaje": "Caduco", "lon": -71.360216012227369, "lat": -40.154240338710046, "imagen": "BETULA PENDULA.gif", "url_ficha": "https://www.arbolesurbanos.com.ar/betula-pendula-abedul/", "thumbnail": "/thumbnails/abedul.jpg" }, "geometry": { "type": "Point", "coordinates": [ -71.360216012227369, -40.154240338710046 ] } },
{ "type": "Feature", "properties": { "nombrevulgar": "Abedul", "nombrecientifico": "Betula pendula", "magnitud": 2, "tipo": "Latifoliada", "follaje": "Caduco", "lon": -71.360174146216124, "lat": -40.154275761662639, "imagen": "BETULA PENDULA.gif", "url_ficha": "https://www.arbolesurbanos.com.ar/betula-pendula-abedul/", "thumbnail": "/thumbnails/abedul.jpg" }, "geometry": { "type": "Point", "coordinates": [ -71.360174146216124, -40.154275761662639 ] } },
{ "type": "Feature", "properties": { "nombrevulgar": "Abedul", "nombrecientifico": "Betula pendula", "magnitud": 2, "tipo": "Latifoliada", "follaje": "Caduco", "lon": -71.360174146216124, "lat": -40.154275761662639, "imagen": "BETULA PENDULA.gif", "url_ficha": "https://www.arbolesurbanos.com.ar/betula-pendula-abedul/", "thumbnail": "/thumbnails/abedul.jpg" }, "geometry": { "type": "Point", "coordinates": [ -71.360174146216124, -40.154275761662639 ] } },
{ "type": "Feature", "properties": { "nombrevulgar": "Abedul", "nombrecientifico": "Betula pendula", "magnitud": 2, "tipo": "Latifoliada", "follaje": "Caduco", "lon": -71.35800206202039, "lat": -40.156184854982669, "imagen": "BETULA PENDULA.gif", "url_ficha": "https://www.arbolesurbanos.com.ar/betula-pendula-abedul/", "thumbnail": "/thumbnails/abedul.jpg" }, "geometry": { "type": "Point", "coordinates": [ -71.35800206202039, -40.156184854982669 ] } },
{ "type": "Feature", "properties": { "nombrevulgar": "Abedul", "nombrecientifico": "Betula pendula", "magnitud": 2, "tipo": "Latifoliada", "follaje": "Caduco", "lon": -71.359879091955406, "lat": -40.153524920739621, "imagen": "BETULA PENDULA.gif", "url_ficha": "https://www.arbolesurbanos.com.ar/betula-pendula-abedul/", "thumbnail": "/thumbnails/abedul.jpg" }, "geometry": { "type": "Point", "coordinates": [ -71.359879091955406, -40.153524920739621 ] } },
{ "type": "Feature", "properties": { "nombrevulgar": "Abedul", "nombrecientifico": "Betula pendula", "magnitud": 2, "tipo": "Latifoliada", "follaje": "Caduco", "lon": -71.357893878960823, "lat": -40.153492328126774, "imagen": "BETULA PENDULA.gif", "url_ficha": "https://www.arbolesurbanos.com.ar/betula-pendula-abedul/", "thumbnail": "/thumbnails/abedul.jpg" }, "geometry": { "type": "Point", "coordinates": [ -71.357893878960823, -40.153492328126774 ] } },
{ "type": "Feature", "properties": { "nombrevulgar": "Abedul", "nombrecientifico": "Betula pendula", "magnitud": 2, "tipo": "Latifoliada", "follaje": "Caduco", "lon": -71.35382090492169, "lat": -40.151941687951414, "imagen": "BETULA PENDULA.gif", "url_ficha": "https://www.arbolesurbanos.com.ar/betula-pendula-abedul/", "thumbnail": "/thumbnails/abedul.jpg" }, "geometry": { "type": "Point", "coordinates": [ -71.35382090492169, -40.151941687951414 ] } },
{ "type": "Feature", "properties": { "nombrevulgar": "Abedul", "nombrecientifico": "Betula pendula", "magnitud": 2, "tipo": "Latifoliada", "follaje": "Caduco", "lon": -71.360445153481976, "lat": -40.158247290679583, "imagen": "BETULA PENDULA.gif", "url_ficha": "https://www.arbolesurbanos.com.ar/betula-pendula-abedul/", "thumbnail": "/thumbnails/abedul.jpg" }, "geometry": { "type": "Point", "coordinates": [ -71.360445153481976, -40.158247290679583 ] } },
{ "type": "Feature", "properties": { "nombrevulgar": "Abedul", "nombrecientifico": "Betula pendula", "magnitud": 2, "tipo": "Latifoliada", "follaje": "Caduco", "lon": -71.360400675155716, "lat": -40.15825215053642, "imagen": "BETULA PENDULA.gif", "url_ficha": "https://www.arbolesurbanos.com.ar/betula-pendula-abedul/", "thumbnail": "/thumbnails/abedul.jpg" }, "geometry": { "type": "Point", "coordinates": [ -71.360400675155716, -40.15825215053642 ] } },
{ "type": "Feature", "properties": { "nombrevulgar": "Abedul", "nombrecientifico": "Betula pendula", "magnitud": 2, "tipo": "Latifoliada", "follaje": "Caduco", "lon": -71.35140110687496, "lat": -40.150289057619709, "imagen": "BETULA PENDULA.gif", "url_ficha": "https://www.arbolesurbanos.com.ar/betula-pendula-abedul/", "thumbnail": "/thumbnails/abedul.jpg" }, "geometry": { "type": "Point", "coordinates": [ -71.35140110687496, -40.150289057619709 ] } },
{ "type": "Feature", "properties": { "nombrevulgar": "Abedul", "nombrecientifico": "Betula pendula", "magnitud": 2, "tipo": "Latifoliada", "follaje": "Caduco", "lon": -71.351967322023299, "lat": -40.149334133949665, "imagen": "BETULA PENDULA.gif", "url_ficha": "https://www.arbolesurbanos.com.ar/betula-pendula-abedul/", "thumbnail": "/thumbnails/abedul.jpg" }, "geometry": { "type": "Point", "coordinates": [ -71.351967322023299, -40.149334133949665 ] } },
{ "type": "Feature", "properties": { "nombrevulgar": "Abedul", "nombrecientifico": "Betula pendula", "magnitud": 2, "tipo": "Latifoliada", "follaje": "Caduco", "lon": -71.352331646475278, "lat": -40.148601050138367, "imagen": "BETULA PENDULA.gif", "url_ficha": "https://www.arbolesurbanos.com.ar/betula-pendula-abedul/", "thumbnail": "/thumbnails/abedul.jpg" }, "geometry": { "type": "Point", "coordinates": [ -71.352331646475278, -40.148601050138367 ] } },
{ "type": "Feature", "properties": { "nombrevulgar": "Abedul", "nombrecientifico": "Betula pendula", "magnitud": 2, "tipo": "Latifoliada", "follaje": "Caduco", "lon": -71.355627368234721, "lat": -40.151044313648484, "imagen": "BETULA PENDULA.gif", "url_ficha": "https://www.arbolesurbanos.com.ar/betula-pendula-abedul/", "thumbnail": "/thumbnails/abedul.jpg" }, "geometry": { "type": "Point", "coordinates": [ -71.355627368234721, -40.151044313648484 ] } },
{ "type": "Feature", "properties": { "nombrevulgar": "Abedul", "nombrecientifico": "Betula pendula", "magnitud": 2, "tipo": "Latifoliada", "follaje": "Caduco", "lon": -71.355611870254421, "lat": -40.151077876849648, "imagen": "BETULA PENDULA.gif", "url_ficha": "https://www.arbolesurbanos.com.ar/betula-pendula-abedul/", "thumbnail": "/thumbnails/abedul.jpg" }, "geometry": { "type": "Point", "coordinates": [ -71.355611870254421, -40.151077876849648 ] } },
{ "type": "Feature", "properties": { "nombrevulgar": "Abedul", "nombrecientifico": "Betula pendula", "magnitud": 2, "tipo": "Latifoliada", "follaje": "Caduco", "lon": -71.355891622015335, "lat": -40.151070430739594, "imagen": "BETULA PENDULA.gif", "url_ficha": "https://www.arbolesurbanos.com.ar/betula-pendula-abedul/", "thumbnail": "/thumbnails/abedul.jpg" }, "geometry": { "type": "Point", "coordinates": [ -71.355891622015335, -40.151070430739594 ] } },
{ "type": "Feature", "properties": { "nombrevulgar": "Abedul", "nombrecientifico": "Betula pendula", "magnitud": 2, "tipo": "Latifoliada", "follaje": "Caduco", "lon": -71.355918326047885, "lat": -40.150765047905097, "imagen": "BETULA PENDULA.gif", "url_ficha": "https://www.arbolesurbanos.com.ar/betula-pendula-abedul/", "thumbnail": "/thumbnails/abedul.jpg" }, "geometry": { "type": "Point", "coordinates": [ -71.355918326047885, -40.150765047905097 ] } },
{ "type": "Feature", "properties": { "nombrevulgar": "Abedul", "nombrecientifico": "Betula pendula", "magnitud": 2, "tipo": "Latifoliada", "follaje": "Caduco", "lon": -71.355966598722205, "lat": -40.150424336386926, "imagen": "BETULA PENDULA.gif", "url_ficha": "https://www.arbolesurbanos.com.ar/betula-pendula-abedul/", "thumbnail": "/thumbnails/abedul.jpg" }, "geometry": { "type": "Point", "coordinates": [ -71.355966598722205, -40.150424336386926 ] } },
{ "type": "Feature", "properties": { "nombrevulgar": "Abedul", "nombrecientifico": "Betula pendula", "magnitud": 2, "tipo": "Latifoliada", "follaje": "Caduco", "lon": -71.356259316002834, "lat": -40.150162913717637, "imagen": "BETULA PENDULA.gif", "url_ficha": "https://www.arbolesurbanos.com.ar/betula-pendula-abedul/", "thumbnail": "/thumbnails/abedul.jpg" }, "geometry": { "type": "Point", "coordinates": [ -71.356259316002834, -40.150162913717637 ] } },
{ "type": "Feature", "properties": { "nombrevulgar": "Abedul", "nombrecientifico": "Betula pendula", "magnitud": 2, "tipo": "Latifoliada", "follaje": "Caduco", "lon": -71.356298002614238, "lat": -40.150052034014692, "imagen": "BETULA PENDULA.gif", "url_ficha": "https://www.arbolesurbanos.com.ar/betula-pendula-abedul/", "thumbnail": "/thumbnails/abedul.jpg" }, "geometry": { "type": "Point", "coordinates": [ -71.356298002614238, -40.150052034014692 ] } },
{ "type": "Feature", "properties": { "nombrevulgar": "Abedul", "nombrecientifico": "Betula pendula", "magnitud": 2, "tipo": "Latifoliada", "follaje": "Caduco", "lon": -71.352507387517946, "lat": -40.149259071069324, "imagen": "BETULA PENDULA.gif", "url_ficha": "https://www.arbolesurbanos.com.ar/betula-pendula-abedul/", "thumbnail": "/thumbnails/abedul.jpg" }, "geometry": { "type": "Point", "coordinates": [ -71.352507387517946, -40.149259071069324 ] } },
{ "type": "Feature", "properties": { "nombrevulgar": "Tilo", "nombrecientifico": "Tilia cordata", "magnitud": 1, "tipo": "Latifoliada", "follaje": "Caduco", "lon": -71.359424909528826, "lat": -40.157076789760268, "imagen": "TILIA SP.gif", "url_ficha": "https://www.arbolesurbanos.com.ar/tilia-cordata-tilo-comun/", "thumbnail": "/thumbnails/tilo.jpg" }, "geometry": { "type": "Point", "coordinates": [ -71.359424909528826, -40.157076789760268 ] } },
{ "type": "Feature", "properties": { "nombrevulgar": "Tilo", "nombrecientifico": "Tilia cordata", "magnitud": 1, "tipo": "Latifoliada", "follaje": "Caduco", "lon": -71.360422743315311, "lat": -40.154342470403122, "imagen": "TILIA SP.gif", "url_ficha": "https://www.arbolesurbanos.com.ar/tilia-cordata-tilo-comun/", "thumbnail": "/thumbnails/tilo.jpg" }, "geometry": { "type": "Point", "coordinates": [ -71.360422743315311, -40.154342470403122 ] } },
{ "type": "Feature", "properties": { "nombrevulgar": "Tilo", "nombrecientifico": "Tilia cordata", "magnitud": 1, "tipo": "Latifoliada", "follaje": "Caduco", "lon": -71.360123501123468, "lat": -40.154397034957071, "imagen": "TILIA SP.gif", "url_ficha": "https://www.arbolesurbanos.com.ar/tilia-cordata-tilo-comun/", "thumbnail": "/thumbnails/tilo.jpg" }, "geometry": { "type": "Point", "coordinates": [ -71.360123501123468, -40.154397034957071 ] } },
{ "type": "Feature", "properties": { "nombrevulgar": "Tilo", "nombrecientifico": "Tilia cordata", "magnitud": 1, "tipo": "Latifoliada", "follaje": "Caduco", "lon": -71.359745783991457, "lat": -40.155893241399127, "imagen": "TILIA SP.gif", "url_ficha": "https://www.arbolesurbanos.com.ar/tilia-cordata-tilo-comun/", "thumbnail": "/thumbnails/tilo.jpg" }, "geometry": { "type": "Point", "coordinates": [ -71.359745783991457, -40.155893241399127 ] } },
{ "type": "Feature", "properties": { "nombrevulgar": "Tilo", "nombrecientifico": "Tilia cordata", "magnitud": 1, "tipo": "Latifoliada", "follaje": "Caduco", "lon": -71.358298410764291, "lat": -40.156791241839244, "imagen": "TILIA SP.gif", "url_ficha": "https://www.arbolesurbanos.com.ar/tilia-cordata-tilo-comun/", "thumbnail": "/thumbnails/tilo.jpg" }, "geometry": { "type": "Point", "coordinates": [ -71.358298410764291, -40.156791241839244 ] } },
{ "type": "Feature", "properties": { "nombrevulgar": "Tilo", "nombrecientifico": "Tilia cordata", "magnitud": 1, "tipo": "Latifoliada", "follaje": "Caduco", "lon": -71.359123335060374, "lat": -40.154062960057622, "imagen": "TILIA SP.gif", "url_ficha": "https://www.arbolesurbanos.com.ar/tilia-cordata-tilo-comun/", "thumbnail": "/thumbnails/tilo.jpg" }, "geometry": { "type": "Point", "coordinates": [ -71.359123335060374, -40.154062960057622 ] } },
{ "type": "Feature", "properties": { "nombrevulgar": "Tilo", "nombrecientifico": "Tilia cordata", "magnitud": 1, "tipo": "Latifoliada", "follaje": "Caduco", "lon": -71.359729576920415, "lat": -40.157034116002158, "imagen": "TILIA SP.gif", "url_ficha": "https://www.arbolesurbanos.com.ar/tilia-cordata-tilo-comun/", "thumbnail": "/thumbnails/tilo.jpg" }, "geometry": { "type": "Point", "coordinates": [ -71.359729576920415, -40.157034116002158 ] } },
{ "type": "Feature", "properties": { "nombrevulgar": "Tilo", "nombrecientifico": "Tilia cordata", "magnitud": 1, "tipo": "Latifoliada", "follaje": "Caduco", "lon": -71.354224094942879, "lat": -40.150027702588638, "imagen": "TILIA SP.gif", "url_ficha": "https://www.arbolesurbanos.com.ar/tilia-cordata-tilo-comun/", "thumbnail": "/thumbnails/tilo.jpg" }, "geometry": { "type": "Point", "coordinates": [ -71.354224094942879, -40.150027702588638 ] } },
{ "type": "Feature", "properties": { "nombrevulgar": "Pino ponderosa", "nombrecientifico": "Pinus ponderosa", "magnitud": 1, "tipo": "Conífera", "follaje": "Perenne", "lon": -71.358941359728874, "lat": -40.156683884671075, "imagen": "PINUS PONDEROSA.gif", "url_ficha": "https://www.arbolesurbanos.com.ar/pinus-ponderosa-pino-ponderosa", "thumbnail": "/thumbnails/pino-ponderosa.jpg" }, "geometry": { "type": "Point", "coordinates": [ -71.358941359728874, -40.156683884671075 ] } },
{ "type": "Feature", "properties": { "nombrevulgar": "Pino ponderosa", "nombrecientifico": "Pinus ponderosa", "magnitud": 1, "tipo": "Conífera", "follaje": "Perenne", "lon": -71.358922440105275, "lat": -40.156728929832397, "imagen": "PINUS PONDEROSA.gif", "url_ficha": "https://www.arbolesurbanos.com.ar/pinus-ponderosa-pino-ponderosa", "thumbnail": "/thumbnails/pino-ponderosa.jpg" }, "geometry": { "type": "Point", "coordinates": [ -71.358922440105275, -40.156728929832397 ] } },
{ "type": "Feature", "properties": { "nombrevulgar": "Pino ponderosa", "nombrecientifico": "Pinus ponderosa", "magnitud": 1, "tipo": "Conífera", "follaje": "Perenne", "lon": -71.358847732254404, "lat": -40.156843755450197, "imagen": "PINUS PONDEROSA.gif", "url_ficha": "https://www.arbolesurbanos.com.ar/pinus-ponderosa-pino-ponderosa", "thumbnail": "/thumbnails/pino-ponderosa.jpg" }, "geometry": { "type": "Point", "coordinates": [ -71.358847732254404, -40.156843755450197 ] } },
{ "type": "Feature", "properties": { "nombrevulgar": "Pino ponderosa", "nombrecientifico": "Pinus ponderosa", "magnitud": 1, "tipo": "Conífera", "follaje": "Perenne", "lon": -71.358731993325307, "lat": -40.156267334944133, "imagen": "PINUS PONDEROSA.gif", "url_ficha": "https://www.arbolesurbanos.com.ar/pinus-ponderosa-pino-ponderosa", "thumbnail": "/thumbnails/pino-ponderosa.jpg" }, "geometry": { "type": "Point", "coordinates": [ -71.358731993325307, -40.156267334944133 ] } },
{ "type": "Feature", "properties": { "nombrevulgar": "Pino ponderosa", "nombrecientifico": "Pinus ponderosa", "magnitud": 1, "tipo": "Conífera", "follaje": "Perenne", "lon": -71.358912617860398, "lat": -40.157808570912287, "imagen": "PINUS PONDEROSA.gif", "url_ficha": "https://www.arbolesurbanos.com.ar/pinus-ponderosa-pino-ponderosa", "thumbnail": "/thumbnails/pino-ponderosa.jpg" }, "geometry": { "type": "Point", "coordinates": [ -71.358912617860398, -40.157808570912287 ] } },
{ "type": "Feature", "properties": { "nombrevulgar": "Pino ponderosa", "nombrecientifico": "Pinus ponderosa", "magnitud": 1, "tipo": "Conífera", "follaje": "Perenne", "lon": -71.358897170748762, "lat": -40.157716412998276, "imagen": "PINUS PONDEROSA.gif", "url_ficha": "https://www.arbolesurbanos.com.ar/pinus-ponderosa-pino-ponderosa", "thumbnail": "/thumbnails/pino-ponderosa.jpg" }, "geometry": { "type": "Point", "coordinates": [ -71.358897170748762, -40.157716412998276 ] } },
{ "type": "Feature", "properties": { "nombrevulgar": "Pino ponderosa", "nombrecientifico": "Pinus ponderosa", "magnitud": 1, "tipo": "Conífera", "follaje": "Perenne", "lon": -71.359656795576313, "lat": -40.154557686457096, "imagen": "PINUS PONDEROSA.gif", "url_ficha": "https://www.arbolesurbanos.com.ar/pinus-ponderosa-pino-ponderosa", "thumbnail": "/thumbnails/pino-ponderosa.jpg" }, "geometry": { "type": "Point", "coordinates": [ -71.359656795576313, -40.154557686457096 ] } },
{ "type": "Feature", "properties": { "nombrevulgar": "Pino ponderosa", "nombrecientifico": "Pinus ponderosa", "magnitud": 1, "tipo": "Conífera", "follaje": "Perenne", "lon": -71.346210857862744, "lat": -40.151540335115889, "imagen": "PINUS PONDEROSA.gif", "url_ficha": "https://www.arbolesurbanos.com.ar/pinus-ponderosa-pino-ponderosa", "thumbnail": "/thumbnails/pino-ponderosa.jpg" }, "geometry": { "type": "Point", "coordinates": [ -71.346210857862744, -40.151540335115889 ] } },
{ "type": "Feature", "properties": { "nombrevulgar": "Pino ponderosa", "nombrecientifico": "Pinus ponderosa", "magnitud": 1, "tipo": "Conífera", "follaje": "Perenne", "lon": -71.361052027348478, "lat": -40.158763248069036, "imagen": "PINUS PONDEROSA.gif", "url_ficha": "https://www.arbolesurbanos.com.ar/pinus-ponderosa-pino-ponderosa", "thumbnail": "/thumbnails/pino-ponderosa.jpg" }, "geometry": { "type": "Point", "coordinates": [ -71.361052027348478, -40.158763248069036 ] } },
{ "type": "Feature", "properties": { "nombrevulgar": "Pino ponderosa", "nombrecientifico": "Pinus ponderosa", "magnitud": 1, "tipo": "Conífera", "follaje": "Perenne", "lon": -71.361112999262929, "lat": -40.158788355080809, "imagen": "PINUS PONDEROSA.gif", "url_ficha": "https://www.arbolesurbanos.com.ar/pinus-ponderosa-pino-ponderosa", "thumbnail": "/thumbnails/pino-ponderosa.jpg" }, "geometry": { "type": "Point", "coordinates": [ -71.361112999262929, -40.158788355080809 ] } },
{ "type": "Feature", "properties": { "nombrevulgar": "Pino ponderosa", "nombrecientifico": "Pinus ponderosa", "magnitud": 1, "tipo": "Conífera", "follaje": "Perenne", "lon": -71.36111063620892, "lat": -40.158621074533379, "imagen": "PINUS PONDEROSA.gif", "url_ficha": "https://www.arbolesurbanos.com.ar/pinus-ponderosa-pino-ponderosa", "thumbnail": "/thumbnails/pino-ponderosa.jpg" }, "geometry": { "type": "Point", "coordinates": [ -71.36111063620892, -40.158621074533379 ] } },
{ "type": "Feature", "properties": { "nombrevulgar": "Pino ponderosa", "nombrecientifico": "Pinus ponderosa", "magnitud": 1, "tipo": "Conífera", "follaje": "Perenne", "lon": -71.361136677295775, "lat": -40.158579699195165, "imagen": "PINUS PONDEROSA.gif", "url_ficha": "https://www.arbolesurbanos.com.ar/pinus-ponderosa-pino-ponderosa", "thumbnail": "/thumbnails/pino-ponderosa.jpg" }, "geometry": { "type": "Point", "coordinates": [ -71.361136677295775, -40.158579699195165 ] } },
{ "type": "Feature", "properties": { "nombrevulgar": "Pino ponderosa", "nombrecientifico": "Pinus ponderosa", "magnitud": 1, "tipo": "Conífera", "follaje": "Perenne", "lon": -71.361162353306199, "lat": -40.158527790905303, "imagen": "PINUS PONDEROSA.gif", "url_ficha": "https://www.arbolesurbanos.com.ar/pinus-ponderosa-pino-ponderosa", "thumbnail": "/thumbnails/pino-ponderosa.jpg" }, "geometry": { "type": "Point", "coordinates": [ -71.361162353306199, -40.158527790905303 ] } },
{ "type": "Feature", "properties": { "nombrevulgar": "Pino ponderosa", "nombrecientifico": "Pinus ponderosa", "magnitud": 1, "tipo": "Conífera", "follaje": "Perenne", "lon": -71.361004920200344, "lat": -40.15874181080806, "imagen": "PINUS PONDEROSA.gif", "url_ficha": "https://www.arbolesurbanos.com.ar/pinus-ponderosa-pino-ponderosa", "thumbnail": "/thumbnails/pino-ponderosa.jpg" }, "geometry": { "type": "Point", "coordinates": [ -71.361004920200344, -40.15874181080806 ] } },
{ "type": "Feature", "properties": { "nombrevulgar": "Pino ponderosa", "nombrecientifico": "Pinus ponderosa", "magnitud": 1, "tipo": "Conífera", "follaje": "Perenne", "lon": -71.359093100361449, "lat": -40.157666067408869, "imagen": "PINUS PONDEROSA.gif", "url_ficha": "https://www.arbolesurbanos.com.ar/pinus-ponderosa-pino-ponderosa", "thumbnail": "/thumbnails/pino-ponderosa.jpg" }, "geometry": { "type": "Point", "coordinates": [ -71.359093100361449, -40.157666067408869 ] } },
{ "type": "Feature", "properties": { "nombrevulgar": "Pino ponderosa", "nombrecientifico": "Pinus ponderosa", "magnitud": 1, "tipo": "Conífera", "follaje": "Perenne", "lon": -71.359177666045824, "lat": -40.157582735756513, "imagen": "PINUS PONDEROSA.gif", "url_ficha": "https://www.arbolesurbanos.com.ar/pinus-ponderosa-pino-ponderosa", "thumbnail": "/thumbnails/pino-ponderosa.jpg" }, "geometry": { "type": "Point", "coordinates": [ -71.359177666045824, -40.157582735756513 ] } },
{ "type": "Feature", "properties": { "nombrevulgar": "Pino ponderosa", "nombrecientifico": "Pinus ponderosa", "magnitud": 1, "tipo": "Conífera", "follaje": "Perenne", "lon": -71.359190582253447, "lat": -40.157546202339887, "imagen": "PINUS PONDEROSA.gif", "url_ficha": "https://www.arbolesurbanos.com.ar/pinus-ponderosa-pino-ponderosa", "thumbnail": "/thumbnails/pino-ponderosa.jpg" }, "geometry": { "type": "Point", "coordinates": [ -71.359190582253447, -40.157546202339887 ] } },
{ "type": "Feature", "properties": { "nombrevulgar": "Pino ponderosa", "nombrecientifico": "Pinus ponderosa", "magnitud": 1, "tipo": "Conífera", "follaje": "Perenne", "lon": -71.354518434108968, "lat": -40.149983740828382, "imagen": "PINUS PONDEROSA.gif", "url_ficha": "https://www.arbolesurbanos.com.ar/pinus-ponderosa-pino-ponderosa", "thumbnail": "/thumbnails/pino-ponderosa.jpg" }, "geometry": { "type": "Point", "coordinates": [ -71.354518434108968, -40.149983740828382 ] } },
{ "type": "Feature", "properties": { "nombrevulgar": "Pino ponderosa", "nombrecientifico": "Pinus ponderosa", "magnitud": 1, "tipo": "Conífera", "follaje": "Perenne", "lon": -71.354553957801329, "lat": -40.149975982867694, "imagen": "PINUS PONDEROSA.gif", "url_ficha": "https://www.arbolesurbanos.com.ar/pinus-ponderosa-pino-ponderosa", "thumbnail": "/thumbnails/pino-ponderosa.jpg" }, "geometry": { "type": "Point", "coordinates": [ -71.354553957801329, -40.149975982867694 ] } },
{ "type": "Feature", "properties": { "nombrevulgar": "Cipres de arizona", "nombrecientifico": "Cupressus arizonica", "magnitud": 2, "tipo": "Conífera", "follaje": "Perenne", "lon": -71.358821873721965, "lat": -40.156906309617241, "imagen": "Cupressus arizonica.gif", "url_ficha": "https://www.arbolesurbanos.com.ar/cupressus-arizonica-cipres-de-arizona/", "thumbnail": "/thumbnails/cipres-de-arizona.jpg" }, "geometry": { "type": "Point", "coordinates": [ -71.358821873721965, -40.156906309617241 ] } },
{ "type": "Feature", "properties": { "nombrevulgar": "Cipres de arizona", "nombrecientifico": "Cupressus arizonica", "magnitud": 2, "tipo": "Conífera", "follaje": "Perenne", "lon": -71.358866852246379, "lat": -40.156804495413034, "imagen": "Cupressus arizonica.gif", "url_ficha": "https://www.arbolesurbanos.com.ar/cupressus-arizonica-cipres-de-arizona/", "thumbnail": "/thumbnails/cipres-de-arizona.jpg" }, "geometry": { "type": "Point", "coordinates": [ -71.358866852246379, -40.156804495413034 ] } },
{ "type": "Feature", "properties": { "nombrevulgar": "Cipres de arizona", "nombrecientifico": "Cupressus arizonica", "magnitud": 2, "tipo": "Conífera", "follaje": "Perenne", "lon": -71.359888117077077, "lat": -40.156131191998711, "imagen": "Cupressus arizonica.gif", "url_ficha": "https://www.arbolesurbanos.com.ar/cupressus-arizonica-cipres-de-arizona/", "thumbnail": "/thumbnails/cipres-de-arizona.jpg" }, "geometry": { "type": "Point", "coordinates": [ -71.359888117077077, -40.156131191998711 ] } },
{ "type": "Feature", "properties": { "nombrevulgar": "Cipres de arizona", "nombrecientifico": "Cupressus arizonica", "magnitud": 2, "tipo": "Conífera", "follaje": "Perenne", "lon": -71.360052342921776, "lat": -40.153976670206362, "imagen": "Cupressus arizonica.gif", "url_ficha": "https://www.arbolesurbanos.com.ar/cupressus-arizonica-cipres-de-arizona/", "thumbnail": "/thumbnails/cipres-de-arizona.jpg" }, "geometry": { "type": "Point", "coordinates": [ -71.360052342921776, -40.153976670206362 ] } },
{ "type": "Feature", "properties": { "nombrevulgar": "Cipres de arizona", "nombrecientifico": "Cupressus arizonica", "magnitud": 2, "tipo": "Conífera", "follaje": "Perenne", "lon": -71.359986542636875, "lat": -40.153963684904483, "imagen": "Cupressus arizonica.gif", "url_ficha": "https://www.arbolesurbanos.com.ar/cupressus-arizonica-cipres-de-arizona/", "thumbnail": "/thumbnails/cipres-de-arizona.jpg" }, "geometry": { "type": "Point", "coordinates": [ -71.359986542636875, -40.153963684904483 ] } },
{ "type": "Feature", "properties": { "nombrevulgar": "Cipres de arizona", "nombrecientifico": "Cupressus arizonica", "magnitud": 2, "tipo": "Conífera", "follaje": "Perenne", "lon": -71.359920310575092, "lat": -40.158438407616941, "imagen": "Cupressus arizonica.gif", "url_ficha": "https://www.arbolesurbanos.com.ar/cupressus-arizonica-cipres-de-arizona/", "thumbnail": "/thumbnails/cipres-de-arizona.jpg" }, "geometry": { "type": "Point", "coordinates": [ -71.359920310575092, -40.158438407616941 ] } },
{ "type": "Feature", "properties": { "nombrevulgar": "Cipres de arizona", "nombrecientifico": "Cupressus arizonica", "magnitud": 2, "tipo": "Conífera", "follaje": "Perenne", "lon": -71.349732142180272, "lat": -40.150484050748226, "imagen": "Cupressus arizonica.gif", "url_ficha": "https://www.arbolesurbanos.com.ar/cupressus-arizonica-cipres-de-arizona/", "thumbnail": "/thumbnails/cipres-de-arizona.jpg" }, "geometry": { "type": "Point", "coordinates": [ -71.349732142180272, -40.150484050748226 ] } },
{ "type": "Feature", "properties": { "nombrevulgar": "Cipres de arizona", "nombrecientifico": "Cupressus arizonica", "magnitud": 2, "tipo": "Conífera", "follaje": "Perenne", "lon": -71.349631447605447, "lat": -40.150524244225956, "imagen": "Cupressus arizonica.gif", "url_ficha": "https://www.arbolesurbanos.com.ar/cupressus-arizonica-cipres-de-arizona/", "thumbnail": "/thumbnails/cipres-de-arizona.jpg" }, "geometry": { "type": "Point", "coordinates": [ -71.349631447605447, -40.150524244225956 ] } },
{ "type": "Feature", "properties": { "nombrevulgar": "Cipres de arizona", "nombrecientifico": "Cupressus arizonica", "magnitud": 2, "tipo": "Conífera", "follaje": "Perenne", "lon": -71.3459183791241, "lat": -40.151602785031443, "imagen": "Cupressus arizonica.gif", "url_ficha": "https://www.arbolesurbanos.com.ar/cupressus-arizonica-cipres-de-arizona/", "thumbnail": "/thumbnails/cipres-de-arizona.jpg" }, "geometry": { "type": "Point", "coordinates": [ -71.3459183791241, -40.151602785031443 ] } },
{ "type": "Feature", "properties": { "nombrevulgar": "Cipres de arizona", "nombrecientifico": "Cupressus arizonica", "magnitud": 2, "tipo": "Conífera", "follaje": "Perenne", "lon": -71.360075760524836, "lat": -40.157805752451793, "imagen": "Cupressus arizonica.gif", "url_ficha": "https://www.arbolesurbanos.com.ar/cupressus-arizonica-cipres-de-arizona/", "thumbnail": "/thumbnails/cipres-de-arizona.jpg" }, "geometry": { "type": "Point", "coordinates": [ -71.360075760524836, -40.157805752451793 ] } },
{ "type": "Feature", "properties": { "nombrevulgar": "Cipres de arizona", "nombrecientifico": "Cupressus arizonica", "magnitud": 2, "tipo": "Conífera", "follaje": "Perenne", "lon": -71.351608892250482, "lat": -40.149772884330098, "imagen": "Cupressus arizonica.gif", "url_ficha": "https://www.arbolesurbanos.com.ar/cupressus-arizonica-cipres-de-arizona/", "thumbnail": "/thumbnails/cipres-de-arizona.jpg" }, "geometry": { "type": "Point", "coordinates": [ -71.351608892250482, -40.149772884330098 ] } },
{ "type": "Feature", "properties": { "nombrevulgar": "Cipres de arizona", "nombrecientifico": "Cupressus arizonica", "magnitud": 2, "tipo": "Conífera", "follaje": "Perenne", "lon": -71.351653046642824, "lat": -40.149713325621157, "imagen": "Cupressus arizonica.gif", "url_ficha": "https://www.arbolesurbanos.com.ar/cupressus-arizonica-cipres-de-arizona/", "thumbnail": "/thumbnails/cipres-de-arizona.jpg" }, "geometry": { "type": "Point", "coordinates": [ -71.351653046642824, -40.149713325621157 ] } },
{ "type": "Feature", "properties": { "nombrevulgar": "Cipres de arizona", "nombrecientifico": "Cupressus arizonica", "magnitud": 2, "tipo": "Conífera", "follaje": "Perenne", "lon": -71.355599931812819, "lat": -40.150943253479255, "imagen": "Cupressus arizonica.gif", "url_ficha": "https://www.arbolesurbanos.com.ar/cupressus-arizonica-cipres-de-arizona/", "thumbnail": "/thumbnails/cipres-de-arizona.jpg" }, "geometry": { "type": "Point", "coordinates": [ -71.355599931812819, -40.150943253479255 ] } },
{ "type": "Feature", "properties": { "nombrevulgar": "Cipres de arizona", "nombrecientifico": "Cupressus arizonica", "magnitud": 2, "tipo": "Conífera", "follaje": "Perenne", "lon": -71.355618419219965, "lat": -40.150907141374276, "imagen": "Cupressus arizonica.gif", "url_ficha": "https://www.arbolesurbanos.com.ar/cupressus-arizonica-cipres-de-arizona/", "thumbnail": "/thumbnails/cipres-de-arizona.jpg" }, "geometry": { "type": "Point", "coordinates": [ -71.355618419219965, -40.150907141374276 ] } },
{ "type": "Feature", "properties": { "nombrevulgar": "Cipres de arizona", "nombrecientifico": "Cupressus arizonica", "magnitud": 2, "tipo": "Conífera", "follaje": "Perenne", "lon": -71.352944451027042, "lat": -40.149440976400335, "imagen": "Cupressus arizonica.gif", "url_ficha": "https://www.arbolesurbanos.com.ar/cupressus-arizonica-cipres-de-arizona/", "thumbnail": "/thumbnails/cipres-de-arizona.jpg" }, "geometry": { "type": "Point", "coordinates": [ -71.352944451027042, -40.149440976400335 ] } },
{ "type": "Feature", "properties": { "nombrevulgar": "Cipres de arizona", "nombrecientifico": "Cupressus arizonica", "magnitud": 2, "tipo": "Conífera", "follaje": "Perenne", "lon": -71.354334049229081, "lat": -40.150022530618372, "imagen": "Cupressus arizonica.gif", "url_ficha": "https://www.arbolesurbanos.com.ar/cupressus-arizonica-cipres-de-arizona/", "thumbnail": "/thumbnails/cipres-de-arizona.jpg" }, "geometry": { "type": "Point", "coordinates": [ -71.354334049229081, -40.150022530618372 ] } },
{ "type": "Feature", "properties": { "nombrevulgar": "Cipres de arizona", "nombrecientifico": "Cupressus arizonica", "magnitud": 2, "tipo": "Conífera", "follaje": "Perenne", "lon": -71.357081160566963, "lat": -40.153968896625038, "imagen": "Cupressus arizonica.gif", "url_ficha": "https://www.arbolesurbanos.com.ar/cupressus-arizonica-cipres-de-arizona/", "thumbnail": "/thumbnails/cipres-de-arizona.jpg" }, "geometry": { "type": "Point", "coordinates": [ -71.357081160566963, -40.153968896625038 ] } },
{ "type": "Feature", "properties": { "nombrevulgar": "Cipres de arizona", "nombrecientifico": "Cupressus arizonica", "magnitud": 2, "tipo": "Conífera", "follaje": "Perenne", "lon": -71.357094623051822, "lat": -40.15393674171041, "imagen": "Cupressus arizonica.gif", "url_ficha": "https://www.arbolesurbanos.com.ar/cupressus-arizonica-cipres-de-arizona/", "thumbnail": "/thumbnails/cipres-de-arizona.jpg" }, "geometry": { "type": "Point", "coordinates": [ -71.357094623051822, -40.15393674171041 ] } },
{ "type": "Feature", "properties": { "nombrevulgar": "Cipres de arizona", "nombrecientifico": "Cupressus arizonica", "magnitud": 2, "tipo": "Conífera", "follaje": "Perenne", "lon": -71.357055918407866, "lat": -40.154001051524432, "imagen": "Cupressus arizonica.gif", "url_ficha": "https://www.arbolesurbanos.com.ar/cupressus-arizonica-cipres-de-arizona/", "thumbnail": "/thumbnails/cipres-de-arizona.jpg" }, "geometry": { "type": "Point", "coordinates": [ -71.357055918407866, -40.154001051524432 ] } },
{ "type": "Feature", "properties": { "nombrevulgar": "Cipres de arizona", "nombrecientifico": "Cupressus arizonica", "magnitud": 2, "tipo": "Conífera", "follaje": "Perenne", "lon": -71.357291511893223, "lat": -40.154573406185747, "imagen": "Cupressus arizonica.gif", "url_ficha": "https://www.arbolesurbanos.com.ar/cupressus-arizonica-cipres-de-arizona/", "thumbnail": "/thumbnails/cipres-de-arizona.jpg" }, "geometry": { "type": "Point", "coordinates": [ -71.357291511893223, -40.154573406185747 ] } },
{ "type": "Feature", "properties": { "nombrevulgar": "Cipres de arizona", "nombrecientifico": "Cupressus arizonica", "magnitud": 2, "tipo": "Conífera", "follaje": "Perenne", "lon": -71.359558381901977, "lat": -40.156826245218625, "imagen": "Cupressus arizonica.gif", "url_ficha": "https://www.arbolesurbanos.com.ar/cupressus-arizonica-cipres-de-arizona/", "thumbnail": "/thumbnails/cipres-de-arizona.jpg" }, "geometry": { "type": "Point", "coordinates": [ -71.359558381901977, -40.156826245218625 ] } },
{ "type": "Feature", "properties": { "nombrevulgar": "Alamo balsámico", "nombrecientifico": "Populus trichocarpa", "magnitud": 1, "tipo": "Latifoliada", "follaje": "Caduco", "lon": -71.3587222307399, "lat": -40.157048108290667, "imagen": "POPULUS TRICHOCARPA.gif", "url_ficha": "https://www.arbolesurbanos.com.ar/alamo-balsamico-populus-trichocarpa/", "thumbnail": "/thumbnails/populus-trichocarpa.jpg" }, "geometry": { "type": "Point", "coordinates": [ -71.3587222307399, -40.157048108290667 ] } },
{ "type": "Feature", "properties": { "nombrevulgar": "Alamo balsámico", "nombrecientifico": "Populus trichocarpa", "magnitud": 1, "tipo": "Latifoliada", "follaje": "Caduco", "lon": -71.356270776721189, "lat": -40.154294912527433, "imagen": "POPULUS TRICHOCARPA.gif", "url_ficha": "https://www.arbolesurbanos.com.ar/alamo-balsamico-populus-trichocarpa/", "thumbnail": "/thumbnails/populus-trichocarpa.jpg" }, "geometry": { "type": "Point", "coordinates": [ -71.356270776721189, -40.154294912527433 ] } },
{ "type": "Feature", "properties": { "nombrevulgar": "Alamo balsámico", "nombrecientifico": "Populus trichocarpa", "magnitud": 1, "tipo": "Latifoliada", "follaje": "Caduco", "lon": -71.356337146548071, "lat": -40.154510167513003, "imagen": "POPULUS TRICHOCARPA.gif", "url_ficha": "https://www.arbolesurbanos.com.ar/alamo-balsamico-populus-trichocarpa/", "thumbnail": "/thumbnails/populus-trichocarpa.jpg" }, "geometry": { "type": "Point", "coordinates": [ -71.356337146548071, -40.154510167513003 ] } },
{ "type": "Feature", "properties": { "nombrevulgar": "Alamo balsámico", "nombrecientifico": "Populus trichocarpa", "magnitud": 1, "tipo": "Latifoliada", "follaje": "Caduco", "lon": -71.356310382824958, "lat": -40.15423050510433, "imagen": "POPULUS TRICHOCARPA.gif", "url_ficha": "https://www.arbolesurbanos.com.ar/alamo-balsamico-populus-trichocarpa/", "thumbnail": "/thumbnails/populus-trichocarpa.jpg" }, "geometry": { "type": "Point", "coordinates": [ -71.356310382824958, -40.15423050510433 ] } },
{ "type": "Feature", "properties": { "nombrevulgar": "Alamo balsámico", "nombrecientifico": "Populus trichocarpa", "magnitud": 1, "tipo": "Latifoliada", "follaje": "Caduco", "lon": -71.356315308316894, "lat": -40.154199771314303, "imagen": "POPULUS TRICHOCARPA.gif", "url_ficha": "https://www.arbolesurbanos.com.ar/alamo-balsamico-populus-trichocarpa/", "thumbnail": "/thumbnails/populus-trichocarpa.jpg" }, "geometry": { "type": "Point", "coordinates": [ -71.356315308316894, -40.154199771314303 ] } },
{ "type": "Feature", "properties": { "nombrevulgar": "Alamo balsámico", "nombrecientifico": "Populus trichocarpa", "magnitud": 1, "tipo": "Latifoliada", "follaje": "Caduco", "lon": -71.356273903134024, "lat": -40.154133285525603, "imagen": "POPULUS TRICHOCARPA.gif", "url_ficha": "https://www.arbolesurbanos.com.ar/alamo-balsamico-populus-trichocarpa/", "thumbnail": "/thumbnails/populus-trichocarpa.jpg" }, "geometry": { "type": "Point", "coordinates": [ -71.356273903134024, -40.154133285525603 ] } },
{ "type": "Feature", "properties": { "nombrevulgar": "Alamo balsámico", "nombrecientifico": "Populus trichocarpa", "magnitud": 1, "tipo": "Latifoliada", "follaje": "Caduco", "lon": -71.361310038913345, "lat": -40.15783438170692, "imagen": "POPULUS TRICHOCARPA.gif", "url_ficha": "https://www.arbolesurbanos.com.ar/alamo-balsamico-populus-trichocarpa/", "thumbnail": "/thumbnails/populus-trichocarpa.jpg" }, "geometry": { "type": "Point", "coordinates": [ -71.361310038913345, -40.15783438170692 ] } },
{ "type": "Feature", "properties": { "nombrevulgar": "Alamo balsámico", "nombrecientifico": "Populus trichocarpa", "magnitud": 1, "tipo": "Latifoliada", "follaje": "Caduco", "lon": -71.361122349532366, "lat": -40.158166281024648, "imagen": "POPULUS TRICHOCARPA.gif", "url_ficha": "https://www.arbolesurbanos.com.ar/alamo-balsamico-populus-trichocarpa/", "thumbnail": "/thumbnails/populus-trichocarpa.jpg" }, "geometry": { "type": "Point", "coordinates": [ -71.361122349532366, -40.158166281024648 ] } },
{ "type": "Feature", "properties": { "nombrevulgar": "Alamo balsámico", "nombrecientifico": "Populus trichocarpa", "magnitud": 1, "tipo": "Latifoliada", "follaje": "Caduco", "lon": -71.361168690259376, "lat": -40.158066519335783, "imagen": "POPULUS TRICHOCARPA.gif", "url_ficha": "https://www.arbolesurbanos.com.ar/alamo-balsamico-populus-trichocarpa/", "thumbnail": "/thumbnails/populus-trichocarpa.jpg" }, "geometry": { "type": "Point", "coordinates": [ -71.361168690259376, -40.158066519335783 ] } },
{ "type": "Feature", "properties": { "nombrevulgar": "Alamo balsámico", "nombrecientifico": "Populus trichocarpa", "magnitud": 1, "tipo": "Latifoliada", "follaje": "Caduco", "lon": -71.361221985959233, "lat": -40.157969250821139, "imagen": "POPULUS TRICHOCARPA.gif", "url_ficha": "https://www.arbolesurbanos.com.ar/alamo-balsamico-populus-trichocarpa/", "thumbnail": "/thumbnails/populus-trichocarpa.jpg" }, "geometry": { "type": "Point", "coordinates": [ -71.361221985959233, -40.157969250821139 ] } },
{ "type": "Feature", "properties": { "nombrevulgar": "Alamo balsámico", "nombrecientifico": "Populus trichocarpa", "magnitud": 1, "tipo": "Latifoliada", "follaje": "Caduco", "lon": -71.361267203672455, "lat": -40.157886640148156, "imagen": "POPULUS TRICHOCARPA.gif", "url_ficha": "https://www.arbolesurbanos.com.ar/alamo-balsamico-populus-trichocarpa/", "thumbnail": "/thumbnails/populus-trichocarpa.jpg" }, "geometry": { "type": "Point", "coordinates": [ -71.361267203672455, -40.157886640148156 ] } },
{ "type": "Feature", "properties": { "nombrevulgar": "Roble pellín", "nombrecientifico": "Nothofagus obliqua", "magnitud": 1, "tipo": "Latifoliada", "follaje": "Caduco", "lon": -71.358635169231434, "lat": -40.157179726120091, "imagen": "NOTHOFAUS OBLIQUA.gif", "url_ficha": "https://www.arbolesurbanos.com.ar/nothofagus-obliqua-roble-pellin", "thumbnail": "/thumbnails/roble-pellin.jpg" }, "geometry": { "type": "Point", "coordinates": [ -71.358635169231434, -40.157179726120091 ] } },
{ "type": "Feature", "properties": { "nombrevulgar": "Roble pellín", "nombrecientifico": "Nothofagus obliqua", "magnitud": 1, "tipo": "Latifoliada", "follaje": "Caduco", "lon": -71.35946150480703, "lat": -40.157518906471509, "imagen": "NOTHOFAUS OBLIQUA.gif", "url_ficha": "https://www.arbolesurbanos.com.ar/nothofagus-obliqua-roble-pellin", "thumbnail": "/thumbnails/roble-pellin.jpg" }, "geometry": { "type": "Point", "coordinates": [ -71.35946150480703, -40.157518906471509 ] } },
{ "type": "Feature", "properties": { "nombrevulgar": "Roble pellín", "nombrecientifico": "Nothofagus obliqua", "magnitud": 1, "tipo": "Latifoliada", "follaje": "Caduco", "lon": -71.359359217679184, "lat": -40.157373809210647, "imagen": "NOTHOFAUS OBLIQUA.gif", "url_ficha": "https://www.arbolesurbanos.com.ar/nothofagus-obliqua-roble-pellin", "thumbnail": "/thumbnails/roble-pellin.jpg" }, "geometry": { "type": "Point", "coordinates": [ -71.359359217679184, -40.157373809210647 ] } },
{ "type": "Feature", "properties": { "nombrevulgar": "Roble pellín", "nombrecientifico": "Nothofagus obliqua", "magnitud": 1, "tipo": "Latifoliada", "follaje": "Caduco", "lon": -71.359326461126898, "lat": -40.15736411204783, "imagen": "NOTHOFAUS OBLIQUA.gif", "url_ficha": "https://www.arbolesurbanos.com.ar/nothofagus-obliqua-roble-pellin", "thumbnail": "/thumbnails/roble-pellin.jpg" }, "geometry": { "type": "Point", "coordinates": [ -71.359326461126898, -40.15736411204783 ] } },
{ "type": "Feature", "properties": { "nombrevulgar": "Roble pellín", "nombrecientifico": "Nothofagus obliqua", "magnitud": 1, "tipo": "Latifoliada", "follaje": "Caduco", "lon": -71.359282977028329, "lat": -40.157356706570496, "imagen": "NOTHOFAUS OBLIQUA.gif", "url_ficha": "https://www.arbolesurbanos.com.ar/nothofagus-obliqua-roble-pellin", "thumbnail": "/thumbnails/roble-pellin.jpg" }, "geometry": { "type": "Point", "coordinates": [ -71.359282977028329, -40.157356706570496 ] } },
{ "type": "Feature", "properties": { "nombrevulgar": "Roble pellín", "nombrecientifico": "Nothofagus obliqua", "magnitud": 1, "tipo": "Latifoliada", "follaje": "Caduco", "lon": -71.359175342780034, "lat": -40.157369265801464, "imagen": "NOTHOFAUS OBLIQUA.gif", "url_ficha": "https://www.arbolesurbanos.com.ar/nothofagus-obliqua-roble-pellin", "thumbnail": "/thumbnails/roble-pellin.jpg" }, "geometry": { "type": "Point", "coordinates": [ -71.359175342780034, -40.157369265801464 ] } },
{ "type": "Feature", "properties": { "nombrevulgar": "Roble pellín", "nombrecientifico": "Nothofagus obliqua", "magnitud": 1, "tipo": "Latifoliada", "follaje": "Caduco", "lon": -71.358979495288438, "lat": -40.157253024393896, "imagen": "NOTHOFAUS OBLIQUA.gif", "url_ficha": "https://www.arbolesurbanos.com.ar/nothofagus-obliqua-roble-pellin", "thumbnail": "/thumbnails/roble-pellin.jpg" }, "geometry": { "type": "Point", "coordinates": [ -71.358979495288438, -40.157253024393896 ] } },
{ "type": "Feature", "properties": { "nombrevulgar": "Roble pellín", "nombrecientifico": "Nothofagus obliqua", "magnitud": 1, "tipo": "Latifoliada", "follaje": "Caduco", "lon": -71.359117114313079, "lat": -40.157248146085777, "imagen": "NOTHOFAUS OBLIQUA.gif", "url_ficha": "https://www.arbolesurbanos.com.ar/nothofagus-obliqua-roble-pellin", "thumbnail": "/thumbnails/roble-pellin.jpg" }, "geometry": { "type": "Point", "coordinates": [ -71.359117114313079, -40.157248146085777 ] } },
{ "type": "Feature", "properties": { "nombrevulgar": "Roble pellín", "nombrecientifico": "Nothofagus obliqua", "magnitud": 1, "tipo": "Latifoliada", "follaje": "Caduco", "lon": -71.359102324113721, "lat": -40.157211133667786, "imagen": "NOTHOFAUS OBLIQUA.gif", "url_ficha": "https://www.arbolesurbanos.com.ar/nothofagus-obliqua-roble-pellin", "thumbnail": "/thumbnails/roble-pellin.jpg" }, "geometry": { "type": "Point", "coordinates": [ -71.359102324113721, -40.157211133667786 ] } },
{ "type": "Feature", "properties": { "nombrevulgar": "Roble pellín", "nombrecientifico": "Nothofagus obliqua", "magnitud": 1, "tipo": "Latifoliada", "follaje": "Caduco", "lon": -71.359148221001377, "lat": -40.157210198046464, "imagen": "NOTHOFAUS OBLIQUA.gif", "url_ficha": "https://www.arbolesurbanos.com.ar/nothofagus-obliqua-roble-pellin", "thumbnail": "/thumbnails/roble-pellin.jpg" }, "geometry": { "type": "Point", "coordinates": [ -71.359148221001377, -40.157210198046464 ] } },
{ "type": "Feature", "properties": { "nombrevulgar": "Roble pellín", "nombrecientifico": "Nothofagus obliqua", "magnitud": 1, "tipo": "Latifoliada", "follaje": "Caduco", "lon": -71.359670378301217, "lat": -40.156516264894123, "imagen": "NOTHOFAUS OBLIQUA.gif", "url_ficha": "https://www.arbolesurbanos.com.ar/nothofagus-obliqua-roble-pellin", "thumbnail": "/thumbnails/roble-pellin.jpg" }, "geometry": { "type": "Point", "coordinates": [ -71.359670378301217, -40.156516264894123 ] } },
{ "type": "Feature", "properties": { "nombrevulgar": "Roble pellín", "nombrecientifico": "Nothofagus obliqua", "magnitud": 1, "tipo": "Latifoliada", "follaje": "Caduco", "lon": -71.359681467906213, "lat": -40.156442812395781, "imagen": "NOTHOFAUS OBLIQUA.gif", "url_ficha": "https://www.arbolesurbanos.com.ar/nothofagus-obliqua-roble-pellin", "thumbnail": "/thumbnails/roble-pellin.jpg" }, "geometry": { "type": "Point", "coordinates": [ -71.359681467906213, -40.156442812395781 ] } },
{ "type": "Feature", "properties": { "nombrevulgar": "Roble pellín", "nombrecientifico": "Nothofagus obliqua", "magnitud": 1, "tipo": "Latifoliada", "follaje": "Caduco", "lon": -71.359673909638218, "lat": -40.156355792243794, "imagen": "NOTHOFAUS OBLIQUA.gif", "url_ficha": "https://www.arbolesurbanos.com.ar/nothofagus-obliqua-roble-pellin", "thumbnail": "/thumbnails/roble-pellin.jpg" }, "geometry": { "type": "Point", "coordinates": [ -71.359673909638218, -40.156355792243794 ] } },
{ "type": "Feature", "properties": { "nombrevulgar": "Roble pellín", "nombrecientifico": "Nothofagus obliqua", "magnitud": 1, "tipo": "Latifoliada", "follaje": "Caduco", "lon": -71.359752726127169, "lat": -40.156763162230838, "imagen": "NOTHOFAUS OBLIQUA.gif", "url_ficha": "https://www.arbolesurbanos.com.ar/nothofagus-obliqua-roble-pellin", "thumbnail": "/thumbnails/roble-pellin.jpg" }, "geometry": { "type": "Point", "coordinates": [ -71.359752726127169, -40.156763162230838 ] } },
{ "type": "Feature", "properties": { "nombrevulgar": "Roble pellín", "nombrecientifico": "Nothofagus obliqua", "magnitud": 1, "tipo": "Latifoliada", "follaje": "Caduco", "lon": -71.359927999306692, "lat": -40.156528985218465, "imagen": "NOTHOFAUS OBLIQUA.gif", "url_ficha": "https://www.arbolesurbanos.com.ar/nothofagus-obliqua-roble-pellin", "thumbnail": "/thumbnails/roble-pellin.jpg" }, "geometry": { "type": "Point", "coordinates": [ -71.359927999306692, -40.156528985218465 ] } },
{ "type": "Feature", "properties": { "nombrevulgar": "Roble pellín", "nombrecientifico": "Nothofagus obliqua", "magnitud": 1, "tipo": "Latifoliada", "follaje": "Caduco", "lon": -71.360451319369403, "lat": -40.156423414682898, "imagen": "NOTHOFAUS OBLIQUA.gif", "url_ficha": "https://www.arbolesurbanos.com.ar/nothofagus-obliqua-roble-pellin", "thumbnail": "/thumbnails/roble-pellin.jpg" }, "geometry": { "type": "Point", "coordinates": [ -71.360451319369403, -40.156423414682898 ] } },
{ "type": "Feature", "properties": { "nombrevulgar": "Roble pellín", "nombrecientifico": "Nothofagus obliqua", "magnitud": 1, "tipo": "Latifoliada", "follaje": "Caduco", "lon": -71.36007993986766, "lat": -40.156723934162592, "imagen": "NOTHOFAUS OBLIQUA.gif", "url_ficha": "https://www.arbolesurbanos.com.ar/nothofagus-obliqua-roble-pellin", "thumbnail": "/thumbnails/roble-pellin.jpg" }, "geometry": { "type": "Point", "coordinates": [ -71.36007993986766, -40.156723934162592 ] } },
{ "type": "Feature", "properties": { "nombrevulgar": "Roble pellín", "nombrecientifico": "Nothofagus obliqua", "magnitud": 1, "tipo": "Latifoliada", "follaje": "Caduco", "lon": -71.359351162224726, "lat": -40.156649213588985, "imagen": "NOTHOFAUS OBLIQUA.gif", "url_ficha": "https://www.arbolesurbanos.com.ar/nothofagus-obliqua-roble-pellin", "thumbnail": "/thumbnails/roble-pellin.jpg" }, "geometry": { "type": "Point", "coordinates": [ -71.359351162224726, -40.156649213588985 ] } },
{ "type": "Feature", "properties": { "nombrevulgar": "Roble pellín", "nombrecientifico": "Nothofagus obliqua", "magnitud": 1, "tipo": "Latifoliada", "follaje": "Caduco", "lon": -71.359123435759315, "lat": -40.158056614470524, "imagen": "NOTHOFAUS OBLIQUA.gif", "url_ficha": "https://www.arbolesurbanos.com.ar/nothofagus-obliqua-roble-pellin", "thumbnail": "/thumbnails/roble-pellin.jpg" }, "geometry": { "type": "Point", "coordinates": [ -71.359123435759315, -40.158056614470524 ] } },
{ "type": "Feature", "properties": { "nombrevulgar": "Roble pellín", "nombrecientifico": "Nothofagus obliqua", "magnitud": 1, "tipo": "Latifoliada", "follaje": "Caduco", "lon": -71.358147869531848, "lat": -40.156900996049544, "imagen": "NOTHOFAUS OBLIQUA.gif", "url_ficha": "https://www.arbolesurbanos.com.ar/nothofagus-obliqua-roble-pellin", "thumbnail": "/thumbnails/roble-pellin.jpg" }, "geometry": { "type": "Point", "coordinates": [ -71.358147869531848, -40.156900996049544 ] } },
{ "type": "Feature", "properties": { "nombrevulgar": "Roble pellín", "nombrecientifico": "Nothofagus obliqua", "magnitud": 1, "tipo": "Latifoliada", "follaje": "Caduco", "lon": -71.358049906511212, "lat": -40.1567854420095, "imagen": "NOTHOFAUS OBLIQUA.gif", "url_ficha": "https://www.arbolesurbanos.com.ar/nothofagus-obliqua-roble-pellin", "thumbnail": "/thumbnails/roble-pellin.jpg" }, "geometry": { "type": "Point", "coordinates": [ -71.358049906511212, -40.1567854420095 ] } },
{ "type": "Feature", "properties": { "nombrevulgar": "Roble pellín", "nombrecientifico": "Nothofagus obliqua", "magnitud": 1, "tipo": "Latifoliada", "follaje": "Caduco", "lon": -71.357914171582678, "lat": -40.15664087810304, "imagen": "NOTHOFAUS OBLIQUA.gif", "url_ficha": "https://www.arbolesurbanos.com.ar/nothofagus-obliqua-roble-pellin", "thumbnail": "/thumbnails/roble-pellin.jpg" }, "geometry": { "type": "Point", "coordinates": [ -71.357914171582678, -40.15664087810304 ] } },
{ "type": "Feature", "properties": { "nombrevulgar": "Roble pellín", "nombrecientifico": "Nothofagus obliqua", "magnitud": 1, "tipo": "Latifoliada", "follaje": "Caduco", "lon": -71.356940136168262, "lat": -40.155177081402108, "imagen": "NOTHOFAUS OBLIQUA.gif", "url_ficha": "https://www.arbolesurbanos.com.ar/nothofagus-obliqua-roble-pellin", "thumbnail": "/thumbnails/roble-pellin.jpg" }, "geometry": { "type": "Point", "coordinates": [ -71.356940136168262, -40.155177081402108 ] } },
{ "type": "Feature", "properties": { "nombrevulgar": "Roble pellín", "nombrecientifico": "Nothofagus obliqua", "magnitud": 1, "tipo": "Latifoliada", "follaje": "Caduco", "lon": -71.357420674633389, "lat": -40.155196060717117, "imagen": "NOTHOFAUS OBLIQUA.gif", "url_ficha": "https://www.arbolesurbanos.com.ar/nothofagus-obliqua-roble-pellin", "thumbnail": "/thumbnails/roble-pellin.jpg" }, "geometry": { "type": "Point", "coordinates": [ -71.357420674633389, -40.155196060717117 ] } },
{ "type": "Feature", "properties": { "nombrevulgar": "Roble pellín", "nombrecientifico": "Nothofagus obliqua", "magnitud": 1, "tipo": "Latifoliada", "follaje": "Caduco", "lon": -71.357559941546199, "lat": -40.155010758569787, "imagen": "NOTHOFAUS OBLIQUA.gif", "url_ficha": "https://www.arbolesurbanos.com.ar/nothofagus-obliqua-roble-pellin", "thumbnail": "/thumbnails/roble-pellin.jpg" }, "geometry": { "type": "Point", "coordinates": [ -71.357559941546199, -40.155010758569787 ] } },
{ "type": "Feature", "properties": { "nombrevulgar": "Roble pellín", "nombrecientifico": "Nothofagus obliqua", "magnitud": 1, "tipo": "Latifoliada", "follaje": "Caduco", "lon": -71.361205520707671, "lat": -40.153955859233115, "imagen": "NOTHOFAUS OBLIQUA.gif", "url_ficha": "https://www.arbolesurbanos.com.ar/nothofagus-obliqua-roble-pellin", "thumbnail": "/thumbnails/roble-pellin.jpg" }, "geometry": { "type": "Point", "coordinates": [ -71.361205520707671, -40.153955859233115 ] } },
{ "type": "Feature", "properties": { "nombrevulgar": "Roble pellín", "nombrecientifico": "Nothofagus obliqua", "magnitud": 1, "tipo": "Latifoliada", "follaje": "Caduco", "lon": -71.361401434126734, "lat": -40.153866414648064, "imagen": "NOTHOFAUS OBLIQUA.gif", "url_ficha": "https://www.arbolesurbanos.com.ar/nothofagus-obliqua-roble-pellin", "thumbnail": "/thumbnails/roble-pellin.jpg" }, "geometry": { "type": "Point", "coordinates": [ -71.361401434126734, -40.153866414648064 ] } },
{ "type": "Feature", "properties": { "nombrevulgar": "Roble pellín", "nombrecientifico": "Nothofagus obliqua", "magnitud": 1, "tipo": "Latifoliada", "follaje": "Caduco", "lon": -71.361097753539909, "lat": -40.15432775624015, "imagen": "NOTHOFAUS OBLIQUA.gif", "url_ficha": "https://www.arbolesurbanos.com.ar/nothofagus-obliqua-roble-pellin", "thumbnail": "/thumbnails/roble-pellin.jpg" }, "geometry": { "type": "Point", "coordinates": [ -71.361097753539909, -40.15432775624015 ] } },
{ "type": "Feature", "properties": { "nombrevulgar": "Roble pellín", "nombrecientifico": "Nothofagus obliqua", "magnitud": 1, "tipo": "Latifoliada", "follaje": "Caduco", "lon": -71.361231376743135, "lat": -40.154475688686858, "imagen": "NOTHOFAUS OBLIQUA.gif", "url_ficha": "https://www.arbolesurbanos.com.ar/nothofagus-obliqua-roble-pellin", "thumbnail": "/thumbnails/roble-pellin.jpg" }, "geometry": { "type": "Point", "coordinates": [ -71.361231376743135, -40.154475688686858 ] } },
{ "type": "Feature", "properties": { "nombrevulgar": "Roble pellín", "nombrecientifico": "Nothofagus obliqua", "magnitud": 1, "tipo": "Latifoliada", "follaje": "Caduco", "lon": -71.361131070698619, "lat": -40.154347482604429, "imagen": "NOTHOFAUS OBLIQUA.gif", "url_ficha": "https://www.arbolesurbanos.com.ar/nothofagus-obliqua-roble-pellin", "thumbnail": "/thumbnails/roble-pellin.jpg" }, "geometry": { "type": "Point", "coordinates": [ -71.361131070698619, -40.154347482604429 ] } },
{ "type": "Feature", "properties": { "nombrevulgar": "Roble pellín", "nombrecientifico": "Nothofagus obliqua", "magnitud": 1, "tipo": "Latifoliada", "follaje": "Caduco", "lon": -71.361998757198037, "lat": -40.153981954942722, "imagen": "NOTHOFAUS OBLIQUA.gif", "url_ficha": "https://www.arbolesurbanos.com.ar/nothofagus-obliqua-roble-pellin", "thumbnail": "/thumbnails/roble-pellin.jpg" }, "geometry": { "type": "Point", "coordinates": [ -71.361998757198037, -40.153981954942722 ] } },
{ "type": "Feature", "properties": { "nombrevulgar": "Roble pellín", "nombrecientifico": "Nothofagus obliqua", "magnitud": 1, "tipo": "Latifoliada", "follaje": "Caduco", "lon": -71.361265028376351, "lat": -40.154228729223668, "imagen": "NOTHOFAUS OBLIQUA.gif", "url_ficha": "https://www.arbolesurbanos.com.ar/nothofagus-obliqua-roble-pellin", "thumbnail": "/thumbnails/roble-pellin.jpg" }, "geometry": { "type": "Point", "coordinates": [ -71.361265028376351, -40.154228729223668 ] } },
{ "type": "Feature", "properties": { "nombrevulgar": "Roble pellín", "nombrecientifico": "Nothofagus obliqua", "magnitud": 1, "tipo": "Latifoliada", "follaje": "Caduco", "lon": -71.361337615718583, "lat": -40.154383569662684, "imagen": "NOTHOFAUS OBLIQUA.gif", "url_ficha": "https://www.arbolesurbanos.com.ar/nothofagus-obliqua-roble-pellin", "thumbnail": "/thumbnails/roble-pellin.jpg" }, "geometry": { "type": "Point", "coordinates": [ -71.361337615718583, -40.154383569662684 ] } },
{ "type": "Feature", "properties": { "nombrevulgar": "Roble pellín", "nombrecientifico": "Nothofagus obliqua", "magnitud": 1, "tipo": "Latifoliada", "follaje": "Caduco", "lon": -71.360417653081953, "lat": -40.156461795761665, "imagen": "NOTHOFAUS OBLIQUA.gif", "url_ficha": "https://www.arbolesurbanos.com.ar/nothofagus-obliqua-roble-pellin", "thumbnail": "/thumbnails/roble-pellin.jpg" }, "geometry": { "type": "Point", "coordinates": [ -71.360417653081953, -40.156461795761665 ] } },
{ "type": "Feature", "properties": { "nombrevulgar": "Roble pellín", "nombrecientifico": "Nothofagus obliqua", "magnitud": 1, "tipo": "Latifoliada", "follaje": "Caduco", "lon": -71.360742845496887, "lat": -40.156611833851557, "imagen": "NOTHOFAUS OBLIQUA.gif", "url_ficha": "https://www.arbolesurbanos.com.ar/nothofagus-obliqua-roble-pellin", "thumbnail": "/thumbnails/roble-pellin.jpg" }, "geometry": { "type": "Point", "coordinates": [ -71.360742845496887, -40.156611833851557 ] } },
{ "type": "Feature", "properties": { "nombrevulgar": "Roble pellín", "nombrecientifico": "Nothofagus obliqua", "magnitud": 1, "tipo": "Latifoliada", "follaje": "Caduco", "lon": -71.360175245229939, "lat": -40.156766052092692, "imagen": "NOTHOFAUS OBLIQUA.gif", "url_ficha": "https://www.arbolesurbanos.com.ar/nothofagus-obliqua-roble-pellin", "thumbnail": "/thumbnails/roble-pellin.jpg" }, "geometry": { "type": "Point", "coordinates": [ -71.360175245229939, -40.156766052092692 ] } },
{ "type": "Feature", "properties": { "nombrevulgar": "Roble pellín", "nombrecientifico": "Nothofagus obliqua", "magnitud": 1, "tipo": "Latifoliada", "follaje": "Caduco", "lon": -71.359902583902979, "lat": -40.1567248449592, "imagen": "NOTHOFAUS OBLIQUA.gif", "url_ficha": "https://www.arbolesurbanos.com.ar/nothofagus-obliqua-roble-pellin", "thumbnail": "/thumbnails/roble-pellin.jpg" }, "geometry": { "type": "Point", "coordinates": [ -71.359902583902979, -40.1567248449592 ] } },
{ "type": "Feature", "properties": { "nombrevulgar": "Roble pellín", "nombrecientifico": "Nothofagus obliqua", "magnitud": 1, "tipo": "Latifoliada", "follaje": "Caduco", "lon": -71.359892359060368, "lat": -40.153687931799176, "imagen": "NOTHOFAUS OBLIQUA.gif", "url_ficha": "https://www.arbolesurbanos.com.ar/nothofagus-obliqua-roble-pellin", "thumbnail": "/thumbnails/roble-pellin.jpg" }, "geometry": { "type": "Point", "coordinates": [ -71.359892359060368, -40.153687931799176 ] } },
{ "type": "Feature", "properties": { "nombrevulgar": "Roble pellín", "nombrecientifico": "Nothofagus obliqua", "magnitud": 1, "tipo": "Latifoliada", "follaje": "Caduco", "lon": -71.359857408453763, "lat": -40.153413260081884, "imagen": "NOTHOFAUS OBLIQUA.gif", "url_ficha": "https://www.arbolesurbanos.com.ar/nothofagus-obliqua-roble-pellin", "thumbnail": "/thumbnails/roble-pellin.jpg" }, "geometry": { "type": "Point", "coordinates": [ -71.359857408453763, -40.153413260081884 ] } },
{ "type": "Feature", "properties": { "nombrevulgar": "Roble pellín", "nombrecientifico": "Nothofagus obliqua", "magnitud": 1, "tipo": "Latifoliada", "follaje": "Caduco", "lon": -71.35665503276681, "lat": -40.152894866220883, "imagen": "NOTHOFAUS OBLIQUA.gif", "url_ficha": "https://www.arbolesurbanos.com.ar/nothofagus-obliqua-roble-pellin", "thumbnail": "/thumbnails/roble-pellin.jpg" }, "geometry": { "type": "Point", "coordinates": [ -71.35665503276681, -40.152894866220883 ] } },
{ "type": "Feature", "properties": { "nombrevulgar": "Roble pellín", "nombrecientifico": "Nothofagus obliqua", "magnitud": 1, "tipo": "Latifoliada", "follaje": "Caduco", "lon": -71.356327633380019, "lat": -40.154874073199878, "imagen": "NOTHOFAUS OBLIQUA.gif", "url_ficha": "https://www.arbolesurbanos.com.ar/nothofagus-obliqua-roble-pellin", "thumbnail": "/thumbnails/roble-pellin.jpg" }, "geometry": { "type": "Point", "coordinates": [ -71.356327633380019, -40.154874073199878 ] } },
{ "type": "Feature", "properties": { "nombrevulgar": "Roble pellín", "nombrecientifico": "Nothofagus obliqua", "magnitud": 1, "tipo": "Latifoliada", "follaje": "Caduco", "lon": -71.356213876380963, "lat": -40.155157536876892, "imagen": "NOTHOFAUS OBLIQUA.gif", "url_ficha": "https://www.arbolesurbanos.com.ar/nothofagus-obliqua-roble-pellin", "thumbnail": "/thumbnails/roble-pellin.jpg" }, "geometry": { "type": "Point", "coordinates": [ -71.356213876380963, -40.155157536876892 ] } },
{ "type": "Feature", "properties": { "nombrevulgar": "Roble pellín", "nombrecientifico": "Nothofagus obliqua", "magnitud": 1, "tipo": "Latifoliada", "follaje": "Caduco", "lon": -71.356210615372575, "lat": -40.155198188602299, "imagen": "NOTHOFAUS OBLIQUA.gif", "url_ficha": "https://www.arbolesurbanos.com.ar/nothofagus-obliqua-roble-pellin", "thumbnail": "/thumbnails/roble-pellin.jpg" }, "geometry": { "type": "Point", "coordinates": [ -71.356210615372575, -40.155198188602299 ] } },
{ "type": "Feature", "properties": { "nombrevulgar": "Roble pellín", "nombrecientifico": "Nothofagus obliqua", "magnitud": 1, "tipo": "Latifoliada", "follaje": "Caduco", "lon": -71.356227191125953, "lat": -40.155236880431495, "imagen": "NOTHOFAUS OBLIQUA.gif", "url_ficha": "https://www.arbolesurbanos.com.ar/nothofagus-obliqua-roble-pellin", "thumbnail": "/thumbnails/roble-pellin.jpg" }, "geometry": { "type": "Point", "coordinates": [ -71.356227191125953, -40.155236880431495 ] } },
{ "type": "Feature", "properties": { "nombrevulgar": "Roble pellín", "nombrecientifico": "Nothofagus obliqua", "magnitud": 1, "tipo": "Latifoliada", "follaje": "Caduco", "lon": -71.35621234740978, "lat": -40.155268594159601, "imagen": "NOTHOFAUS OBLIQUA.gif", "url_ficha": "https://www.arbolesurbanos.com.ar/nothofagus-obliqua-roble-pellin", "thumbnail": "/thumbnails/roble-pellin.jpg" }, "geometry": { "type": "Point", "coordinates": [ -71.35621234740978, -40.155268594159601 ] } },
{ "type": "Feature", "properties": { "nombrevulgar": "Roble pellín", "nombrecientifico": "Nothofagus obliqua", "magnitud": 1, "tipo": "Latifoliada", "follaje": "Caduco", "lon": -71.359284010971194, "lat": -40.158212543319287, "imagen": "NOTHOFAUS OBLIQUA.gif", "url_ficha": "https://www.arbolesurbanos.com.ar/nothofagus-obliqua-roble-pellin", "thumbnail": "/thumbnails/roble-pellin.jpg" }, "geometry": { "type": "Point", "coordinates": [ -71.359284010971194, -40.158212543319287 ] } },
{ "type": "Feature", "properties": { "nombrevulgar": "Roble pellín", "nombrecientifico": "Nothofagus obliqua", "magnitud": 1, "tipo": "Latifoliada", "follaje": "Caduco", "lon": -71.359641839996002, "lat": -40.157637952481473, "imagen": "NOTHOFAUS OBLIQUA.gif", "url_ficha": "https://www.arbolesurbanos.com.ar/nothofagus-obliqua-roble-pellin", "thumbnail": "/thumbnails/roble-pellin.jpg" }, "geometry": { "type": "Point", "coordinates": [ -71.359641839996002, -40.157637952481473 ] } },
{ "type": "Feature", "properties": { "nombrevulgar": "Roble pellín", "nombrecientifico": "Nothofagus obliqua", "magnitud": 1, "tipo": "Latifoliada", "follaje": "Caduco", "lon": -71.359566145394652, "lat": -40.157183784873133, "imagen": "NOTHOFAUS OBLIQUA.gif", "url_ficha": "https://www.arbolesurbanos.com.ar/nothofagus-obliqua-roble-pellin", "thumbnail": "/thumbnails/roble-pellin.jpg" }, "geometry": { "type": "Point", "coordinates": [ -71.359566145394652, -40.157183784873133 ] } },
{ "type": "Feature", "properties": { "nombrevulgar": "Roble pellín", "nombrecientifico": "Nothofagus obliqua", "magnitud": 1, "tipo": "Latifoliada", "follaje": "Caduco", "lon": -71.359244528746302, "lat": -40.15817295366638, "imagen": "NOTHOFAUS OBLIQUA.gif", "url_ficha": "https://www.arbolesurbanos.com.ar/nothofagus-obliqua-roble-pellin", "thumbnail": "/thumbnails/roble-pellin.jpg" }, "geometry": { "type": "Point", "coordinates": [ -71.359244528746302, -40.15817295366638 ] } },
{ "type": "Feature", "properties": { "nombrevulgar": "Roble pellín", "nombrecientifico": "Nothofagus obliqua", "magnitud": 1, "tipo": "Latifoliada", "follaje": "Caduco", "lon": -71.360079426470151, "lat": -40.156641239219702, "imagen": "NOTHOFAUS OBLIQUA.gif", "url_ficha": "https://www.arbolesurbanos.com.ar/nothofagus-obliqua-roble-pellin", "thumbnail": "/thumbnails/roble-pellin.jpg" }, "geometry": { "type": "Point", "coordinates": [ -71.360079426470151, -40.156641239219702 ] } },
{ "type": "Feature", "properties": { "nombrevulgar": "Roble pellín", "nombrecientifico": "Nothofagus obliqua", "magnitud": 1, "tipo": "Latifoliada", "follaje": "Caduco", "lon": -71.359983425189469, "lat": -40.156631682138261, "imagen": "NOTHOFAUS OBLIQUA.gif", "url_ficha": "https://www.arbolesurbanos.com.ar/nothofagus-obliqua-roble-pellin", "thumbnail": "/thumbnails/roble-pellin.jpg" }, "geometry": { "type": "Point", "coordinates": [ -71.359983425189469, -40.156631682138261 ] } },
{ "type": "Feature", "properties": { "nombrevulgar": "Roble pellín", "nombrecientifico": "Nothofagus obliqua", "magnitud": 1, "tipo": "Latifoliada", "follaje": "Caduco", "lon": -71.360003983042262, "lat": -40.156737775189697, "imagen": "NOTHOFAUS OBLIQUA.gif", "url_ficha": "https://www.arbolesurbanos.com.ar/nothofagus-obliqua-roble-pellin", "thumbnail": "/thumbnails/roble-pellin.jpg" }, "geometry": { "type": "Point", "coordinates": [ -71.360003983042262, -40.156737775189697 ] } },
{ "type": "Feature", "properties": { "nombrevulgar": "Roble pellín", "nombrecientifico": "Nothofagus obliqua", "magnitud": 1, "tipo": "Latifoliada", "follaje": "Caduco", "lon": -71.35983659463345, "lat": -40.158588307320308, "imagen": "NOTHOFAUS OBLIQUA.gif", "url_ficha": "https://www.arbolesurbanos.com.ar/nothofagus-obliqua-roble-pellin", "thumbnail": "/thumbnails/roble-pellin.jpg" }, "geometry": { "type": "Point", "coordinates": [ -71.35983659463345, -40.158588307320308 ] } },
{ "type": "Feature", "properties": { "nombrevulgar": "Roble pellín", "nombrecientifico": "Nothofagus obliqua", "magnitud": 1, "tipo": "Latifoliada", "follaje": "Caduco", "lon": -71.359731161046582, "lat": -40.158557988162841, "imagen": "NOTHOFAUS OBLIQUA.gif", "url_ficha": "https://www.arbolesurbanos.com.ar/nothofagus-obliqua-roble-pellin", "thumbnail": "/thumbnails/roble-pellin.jpg" }, "geometry": { "type": "Point", "coordinates": [ -71.359731161046582, -40.158557988162841 ] } },
{ "type": "Feature", "properties": { "nombrevulgar": "Roble pellín", "nombrecientifico": "Nothofagus obliqua", "magnitud": 1, "tipo": "Latifoliada", "follaje": "Caduco", "lon": -71.359660007230829, "lat": -40.158539957574384, "imagen": "NOTHOFAUS OBLIQUA.gif", "url_ficha": "https://www.arbolesurbanos.com.ar/nothofagus-obliqua-roble-pellin", "thumbnail": "/thumbnails/roble-pellin.jpg" }, "geometry": { "type": "Point", "coordinates": [ -71.359660007230829, -40.158539957574384 ] } },
{ "type": "Feature", "properties": { "nombrevulgar": "Roble pellín", "nombrecientifico": "Nothofagus obliqua", "magnitud": 1, "tipo": "Latifoliada", "follaje": "Caduco", "lon": -71.36020564849666, "lat": -40.158375462048348, "imagen": "NOTHOFAUS OBLIQUA.gif", "url_ficha": "https://www.arbolesurbanos.com.ar/nothofagus-obliqua-roble-pellin", "thumbnail": "/thumbnails/roble-pellin.jpg" }, "geometry": { "type": "Point", "coordinates": [ -71.36020564849666, -40.158375462048348 ] } },
{ "type": "Feature", "properties": { "nombrevulgar": "Roble pellín", "nombrecientifico": "Nothofagus obliqua", "magnitud": 1, "tipo": "Latifoliada", "follaje": "Caduco", "lon": -71.360135585849122, "lat": -40.158291345986356, "imagen": "NOTHOFAUS OBLIQUA.gif", "url_ficha": "https://www.arbolesurbanos.com.ar/nothofagus-obliqua-roble-pellin", "thumbnail": "/thumbnails/roble-pellin.jpg" }, "geometry": { "type": "Point", "coordinates": [ -71.360135585849122, -40.158291345986356 ] } },
{ "type": "Feature", "properties": { "nombrevulgar": "Roble pellín", "nombrecientifico": "Nothofagus obliqua", "magnitud": 1, "tipo": "Latifoliada", "follaje": "Caduco", "lon": -71.361599314408195, "lat": -40.157708581897055, "imagen": "NOTHOFAUS OBLIQUA.gif", "url_ficha": "https://www.arbolesurbanos.com.ar/nothofagus-obliqua-roble-pellin", "thumbnail": "/thumbnails/roble-pellin.jpg" }, "geometry": { "type": "Point", "coordinates": [ -71.361599314408195, -40.157708581897055 ] } },
{ "type": "Feature", "properties": { "nombrevulgar": "Roble pellín", "nombrecientifico": "Nothofagus obliqua", "magnitud": 1, "tipo": "Latifoliada", "follaje": "Caduco", "lon": -71.361555438952081, "lat": -40.157631741828638, "imagen": "NOTHOFAUS OBLIQUA.gif", "url_ficha": "https://www.arbolesurbanos.com.ar/nothofagus-obliqua-roble-pellin", "thumbnail": "/thumbnails/roble-pellin.jpg" }, "geometry": { "type": "Point", "coordinates": [ -71.361555438952081, -40.157631741828638 ] } },
{ "type": "Feature", "properties": { "nombrevulgar": "Roble pellín", "nombrecientifico": "Nothofagus obliqua", "magnitud": 1, "tipo": "Latifoliada", "follaje": "Caduco", "lon": -71.361662320974332, "lat": -40.157742869954035, "imagen": "NOTHOFAUS OBLIQUA.gif", "url_ficha": "https://www.arbolesurbanos.com.ar/nothofagus-obliqua-roble-pellin", "thumbnail": "/thumbnails/roble-pellin.jpg" }, "geometry": { "type": "Point", "coordinates": [ -71.361662320974332, -40.157742869954035 ] } },
{ "type": "Feature", "properties": { "nombrevulgar": "Roble pellín", "nombrecientifico": "Nothofagus obliqua", "magnitud": 1, "tipo": "Latifoliada", "follaje": "Caduco", "lon": -71.361468107973636, "lat": -40.157638794100983, "imagen": "NOTHOFAUS OBLIQUA.gif", "url_ficha": "https://www.arbolesurbanos.com.ar/nothofagus-obliqua-roble-pellin", "thumbnail": "/thumbnails/roble-pellin.jpg" }, "geometry": { "type": "Point", "coordinates": [ -71.361468107973636, -40.157638794100983 ] } },
{ "type": "Feature", "properties": { "nombrevulgar": "Roble pellín", "nombrecientifico": "Nothofagus obliqua", "magnitud": 1, "tipo": "Latifoliada", "follaje": "Caduco", "lon": -71.361349461047297, "lat": -40.157584560475996, "imagen": "NOTHOFAUS OBLIQUA.gif", "url_ficha": "https://www.arbolesurbanos.com.ar/nothofagus-obliqua-roble-pellin", "thumbnail": "/thumbnails/roble-pellin.jpg" }, "geometry": { "type": "Point", "coordinates": [ -71.361349461047297, -40.157584560475996 ] } },
{ "type": "Feature", "properties": { "nombrevulgar": "Roble pellín", "nombrecientifico": "Nothofagus obliqua", "magnitud": 1, "tipo": "Latifoliada", "follaje": "Caduco", "lon": -71.361278614683044, "lat": -40.157472696788211, "imagen": "NOTHOFAUS OBLIQUA.gif", "url_ficha": "https://www.arbolesurbanos.com.ar/nothofagus-obliqua-roble-pellin", "thumbnail": "/thumbnails/roble-pellin.jpg" }, "geometry": { "type": "Point", "coordinates": [ -71.361278614683044, -40.157472696788211 ] } },
{ "type": "Feature", "properties": { "nombrevulgar": "Roble pellín", "nombrecientifico": "Nothofagus obliqua", "magnitud": 1, "tipo": "Latifoliada", "follaje": "Caduco", "lon": -71.351969919340462, "lat": -40.149226927543481, "imagen": "NOTHOFAUS OBLIQUA.gif", "url_ficha": "https://www.arbolesurbanos.com.ar/nothofagus-obliqua-roble-pellin", "thumbnail": "/thumbnails/roble-pellin.jpg" }, "geometry": { "type": "Point", "coordinates": [ -71.351969919340462, -40.149226927543481 ] } },
{ "type": "Feature", "properties": { "nombrevulgar": "Roble pellín", "nombrecientifico": "Nothofagus obliqua", "magnitud": 1, "tipo": "Latifoliada", "follaje": "Caduco", "lon": -71.352164718130027, "lat": -40.149207074486711, "imagen": "NOTHOFAUS OBLIQUA.gif", "url_ficha": "https://www.arbolesurbanos.com.ar/nothofagus-obliqua-roble-pellin", "thumbnail": "/thumbnails/roble-pellin.jpg" }, "geometry": { "type": "Point", "coordinates": [ -71.352164718130027, -40.149207074486711 ] } },
{ "type": "Feature", "properties": { "nombrevulgar": "Roble pellín", "nombrecientifico": "Nothofagus obliqua", "magnitud": 1, "tipo": "Latifoliada", "follaje": "Caduco", "lon": -71.35203744958757, "lat": -40.148901336680041, "imagen": "NOTHOFAUS OBLIQUA.gif", "url_ficha": "https://www.arbolesurbanos.com.ar/nothofagus-obliqua-roble-pellin", "thumbnail": "/thumbnails/roble-pellin.jpg" }, "geometry": { "type": "Point", "coordinates": [ -71.35203744958757, -40.148901336680041 ] } },
{ "type": "Feature", "properties": { "nombrevulgar": "Roble pellín", "nombrecientifico": "Nothofagus obliqua", "magnitud": 1, "tipo": "Latifoliada", "follaje": "Caduco", "lon": -71.352237443011461, "lat": -40.1487703057701, "imagen": "NOTHOFAUS OBLIQUA.gif", "url_ficha": "https://www.arbolesurbanos.com.ar/nothofagus-obliqua-roble-pellin", "thumbnail": "/thumbnails/roble-pellin.jpg" }, "geometry": { "type": "Point", "coordinates": [ -71.352237443011461, -40.1487703057701 ] } },
{ "type": "Feature", "properties": { "nombrevulgar": "Roble pellín", "nombrecientifico": "Nothofagus obliqua", "magnitud": 1, "tipo": "Latifoliada", "follaje": "Caduco", "lon": -71.352081603979855, "lat": -40.148784202999863, "imagen": "NOTHOFAUS OBLIQUA.gif", "url_ficha": "https://www.arbolesurbanos.com.ar/nothofagus-obliqua-roble-pellin", "thumbnail": "/thumbnails/roble-pellin.jpg" }, "geometry": { "type": "Point", "coordinates": [ -71.352081603979855, -40.148784202999863 ] } },
{ "type": "Feature", "properties": { "nombrevulgar": "Roble pellín", "nombrecientifico": "Nothofagus obliqua", "magnitud": 1, "tipo": "Latifoliada", "follaje": "Caduco", "lon": -71.35199522836875, "lat": -40.148567288707007, "imagen": "NOTHOFAUS OBLIQUA.gif", "url_ficha": "https://www.arbolesurbanos.com.ar/nothofagus-obliqua-roble-pellin", "thumbnail": "/thumbnails/roble-pellin.jpg" }, "geometry": { "type": "Point", "coordinates": [ -71.35199522836875, -40.148567288707007 ] } },
{ "type": "Feature", "properties": { "nombrevulgar": "Roble pellín", "nombrecientifico": "Nothofagus obliqua", "magnitud": 1, "tipo": "Latifoliada", "follaje": "Caduco", "lon": -71.352127607501544, "lat": -40.149269290303799, "imagen": "NOTHOFAUS OBLIQUA.gif", "url_ficha": "https://www.arbolesurbanos.com.ar/nothofagus-obliqua-roble-pellin", "thumbnail": "/thumbnails/roble-pellin.jpg" }, "geometry": { "type": "Point", "coordinates": [ -71.352127607501544, -40.149269290303799 ] } },
{ "type": "Feature", "properties": { "nombrevulgar": "Roble pellín", "nombrecientifico": "Nothofagus obliqua", "magnitud": 1, "tipo": "Latifoliada", "follaje": "Caduco", "lon": -71.352322078115392, "lat": -40.149493936848124, "imagen": "NOTHOFAUS OBLIQUA.gif", "url_ficha": "https://www.arbolesurbanos.com.ar/nothofagus-obliqua-roble-pellin", "thumbnail": "/thumbnails/roble-pellin.jpg" }, "geometry": { "type": "Point", "coordinates": [ -71.352322078115392, -40.149493936848124 ] } },
{ "type": "Feature", "properties": { "nombrevulgar": "Roble pellín", "nombrecientifico": "Nothofagus obliqua", "magnitud": 1, "tipo": "Latifoliada", "follaje": "Caduco", "lon": -71.355732424897681, "lat": -40.150846692807647, "imagen": "NOTHOFAUS OBLIQUA.gif", "url_ficha": "https://www.arbolesurbanos.com.ar/nothofagus-obliqua-roble-pellin", "thumbnail": "/thumbnails/roble-pellin.jpg" }, "geometry": { "type": "Point", "coordinates": [ -71.355732424897681, -40.150846692807647 ] } },
{ "type": "Feature", "properties": { "nombrevulgar": "Roble pellín", "nombrecientifico": "Nothofagus obliqua", "magnitud": 1, "tipo": "Latifoliada", "follaje": "Caduco", "lon": -71.356200430187343, "lat": -40.148857168496022, "imagen": "NOTHOFAUS OBLIQUA.gif", "url_ficha": "https://www.arbolesurbanos.com.ar/nothofagus-obliqua-roble-pellin", "thumbnail": "/thumbnails/roble-pellin.jpg" }, "geometry": { "type": "Point", "coordinates": [ -71.356200430187343, -40.148857168496022 ] } },
{ "type": "Feature", "properties": { "nombrevulgar": "Roble pellín", "nombrecientifico": "Nothofagus obliqua", "magnitud": 1, "tipo": "Latifoliada", "follaje": "Caduco", "lon": -71.352723858736994, "lat": -40.149189953356746, "imagen": "NOTHOFAUS OBLIQUA.gif", "url_ficha": "https://www.arbolesurbanos.com.ar/nothofagus-obliqua-roble-pellin", "thumbnail": "/thumbnails/roble-pellin.jpg" }, "geometry": { "type": "Point", "coordinates": [ -71.352723858736994, -40.149189953356746 ] } },
{ "type": "Feature", "properties": { "nombrevulgar": "Roble pellín", "nombrecientifico": "Nothofagus obliqua", "magnitud": 1, "tipo": "Latifoliada", "follaje": "Caduco", "lon": -71.355347519205424, "lat": -40.153600327267142, "imagen": "NOTHOFAUS OBLIQUA.gif", "url_ficha": "https://www.arbolesurbanos.com.ar/nothofagus-obliqua-roble-pellin", "thumbnail": "/thumbnails/roble-pellin.jpg" }, "geometry": { "type": "Point", "coordinates": [ -71.355347519205424, -40.153600327267142 ] } },
{ "type": "Feature", "properties": { "nombrevulgar": "Roble pellín", "nombrecientifico": "Nothofagus obliqua", "magnitud": 1, "tipo": "Latifoliada", "follaje": "Caduco", "lon": -71.356827056164846, "lat": -40.152929642079449, "imagen": "NOTHOFAUS OBLIQUA.gif", "url_ficha": "https://www.arbolesurbanos.com.ar/nothofagus-obliqua-roble-pellin", "thumbnail": "/thumbnails/roble-pellin.jpg" }, "geometry": { "type": "Point", "coordinates": [ -71.356827056164846, -40.152929642079449 ] } },
{ "type": "Feature", "properties": { "nombrevulgar": "Roble pellín", "nombrecientifico": "Nothofagus obliqua", "magnitud": 1, "tipo": "Latifoliada", "follaje": "Caduco", "lon": -71.359778376322424, "lat": -40.156912968878487, "imagen": "NOTHOFAUS OBLIQUA.gif", "url_ficha": "https://www.arbolesurbanos.com.ar/nothofagus-obliqua-roble-pellin", "thumbnail": "/thumbnails/roble-pellin.jpg" }, "geometry": { "type": "Point", "coordinates": [ -71.359778376322424, -40.156912968878487 ] } },
{ "type": "Feature", "properties": { "nombrevulgar": "Arrayán", "nombrecientifico": "Luma apiculata", "magnitud": 3, "tipo": "Latifoliada", "follaje": "Perenne", "lon": -71.359053532373423, "lat": -40.157050434631145, "imagen": "LUMA APICULATA.gif", "url_ficha": "https://www.arbolesurbanos.com.ar/luma-apiculata-arrayan", "thumbnail": "/thumbnails/arrayan.jpg" }, "geometry": { "type": "Point", "coordinates": [ -71.359053532373423, -40.157050434631145 ] } },
{ "type": "Feature", "properties": { "nombrevulgar": "Arrayán", "nombrecientifico": "Luma apiculata", "magnitud": 3, "tipo": "Latifoliada", "follaje": "Perenne", "lon": -71.359034061938388, "lat": -40.1559887570887, "imagen": "LUMA APICULATA.gif", "url_ficha": "https://www.arbolesurbanos.com.ar/luma-apiculata-arrayan", "thumbnail": "/thumbnails/arrayan.jpg" }, "geometry": { "type": "Point", "coordinates": [ -71.359034061938388, -40.1559887570887 ] } },
{ "type": "Feature", "properties": { "nombrevulgar": "Arrayán", "nombrecientifico": "Luma apiculata", "magnitud": 3, "tipo": "Latifoliada", "follaje": "Perenne", "lon": -71.358947898614701, "lat": -40.15599400041144, "imagen": "LUMA APICULATA.gif", "url_ficha": "https://www.arbolesurbanos.com.ar/luma-apiculata-arrayan", "thumbnail": "/thumbnails/arrayan.jpg" }, "geometry": { "type": "Point", "coordinates": [ -71.358947898614701, -40.15599400041144 ] } },
{ "type": "Feature", "properties": { "nombrevulgar": "Arrayán", "nombrecientifico": "Luma apiculata", "magnitud": 3, "tipo": "Latifoliada", "follaje": "Perenne", "lon": -71.359081189901758, "lat": -40.155942227065268, "imagen": "LUMA APICULATA.gif", "url_ficha": "https://www.arbolesurbanos.com.ar/luma-apiculata-arrayan", "thumbnail": "/thumbnails/arrayan.jpg" }, "geometry": { "type": "Point", "coordinates": [ -71.359081189901758, -40.155942227065268 ] } },
{ "type": "Feature", "properties": { "nombrevulgar": "Arrayán", "nombrecientifico": "Luma apiculata", "magnitud": 3, "tipo": "Latifoliada", "follaje": "Perenne", "lon": -71.359140120019717, "lat": -40.155877971309508, "imagen": "LUMA APICULATA.gif", "url_ficha": "https://www.arbolesurbanos.com.ar/luma-apiculata-arrayan", "thumbnail": "/thumbnails/arrayan.jpg" }, "geometry": { "type": "Point", "coordinates": [ -71.359140120019717, -40.155877971309508 ] } },
{ "type": "Feature", "properties": { "nombrevulgar": "Arrayán", "nombrecientifico": "Luma apiculata", "magnitud": 3, "tipo": "Latifoliada", "follaje": "Perenne", "lon": -71.359193708406579, "lat": -40.155769832931725, "imagen": "LUMA APICULATA.gif", "url_ficha": "https://www.arbolesurbanos.com.ar/luma-apiculata-arrayan", "thumbnail": "/thumbnails/arrayan.jpg" }, "geometry": { "type": "Point", "coordinates": [ -71.359193708406579, -40.155769832931725 ] } },
{ "type": "Feature", "properties": { "nombrevulgar": "Arrayán", "nombrecientifico": "Luma apiculata", "magnitud": 3, "tipo": "Latifoliada", "follaje": "Perenne", "lon": -71.359204355030968, "lat": -40.155746153765541, "imagen": "LUMA APICULATA.gif", "url_ficha": "https://www.arbolesurbanos.com.ar/luma-apiculata-arrayan", "thumbnail": "/thumbnails/arrayan.jpg" }, "geometry": { "type": "Point", "coordinates": [ -71.359204355030968, -40.155746153765541 ] } },
{ "type": "Feature", "properties": { "nombrevulgar": "Arrayán", "nombrecientifico": "Luma apiculata", "magnitud": 3, "tipo": "Latifoliada", "follaje": "Perenne", "lon": -71.359214519039341, "lat": -40.156601950353313, "imagen": "LUMA APICULATA.gif", "url_ficha": "https://www.arbolesurbanos.com.ar/luma-apiculata-arrayan", "thumbnail": "/thumbnails/arrayan.jpg" }, "geometry": { "type": "Point", "coordinates": [ -71.359214519039341, -40.156601950353313 ] } },
{ "type": "Feature", "properties": { "nombrevulgar": "Arrayán", "nombrecientifico": "Luma apiculata", "magnitud": 3, "tipo": "Latifoliada", "follaje": "Perenne", "lon": -71.358878741616181, "lat": -40.155970439533618, "imagen": "LUMA APICULATA.gif", "url_ficha": "https://www.arbolesurbanos.com.ar/luma-apiculata-arrayan", "thumbnail": "/thumbnails/arrayan.jpg" }, "geometry": { "type": "Point", "coordinates": [ -71.358878741616181, -40.155970439533618 ] } },
{ "type": "Feature", "properties": { "nombrevulgar": "Arrayán", "nombrecientifico": "Luma apiculata", "magnitud": 3, "tipo": "Latifoliada", "follaje": "Perenne", "lon": -71.358963369642623, "lat": -40.155976810266502, "imagen": "LUMA APICULATA.gif", "url_ficha": "https://www.arbolesurbanos.com.ar/luma-apiculata-arrayan", "thumbnail": "/thumbnails/arrayan.jpg" }, "geometry": { "type": "Point", "coordinates": [ -71.358963369642623, -40.155976810266502 ] } },
{ "type": "Feature", "properties": { "nombrevulgar": "Arrayán", "nombrecientifico": "Luma apiculata", "magnitud": 3, "tipo": "Latifoliada", "follaje": "Perenne", "lon": -71.358376713007701, "lat": -40.155031997907557, "imagen": "LUMA APICULATA.gif", "url_ficha": "https://www.arbolesurbanos.com.ar/luma-apiculata-arrayan", "thumbnail": "/thumbnails/arrayan.jpg" }, "geometry": { "type": "Point", "coordinates": [ -71.358376713007701, -40.155031997907557 ] } },
{ "type": "Feature", "properties": { "nombrevulgar": "Arrayán", "nombrecientifico": "Luma apiculata", "magnitud": 3, "tipo": "Latifoliada", "follaje": "Perenne", "lon": -71.360797449961197, "lat": -40.154454864558829, "imagen": "LUMA APICULATA.gif", "url_ficha": "https://www.arbolesurbanos.com.ar/luma-apiculata-arrayan", "thumbnail": "/thumbnails/arrayan.jpg" }, "geometry": { "type": "Point", "coordinates": [ -71.360797449961197, -40.154454864558829 ] } },
{ "type": "Feature", "properties": { "nombrevulgar": "Arrayán", "nombrecientifico": "Luma apiculata", "magnitud": 3, "tipo": "Latifoliada", "follaje": "Perenne", "lon": -71.360098731297484, "lat": -40.154417079172873, "imagen": "LUMA APICULATA.gif", "url_ficha": "https://www.arbolesurbanos.com.ar/luma-apiculata-arrayan", "thumbnail": "/thumbnails/arrayan.jpg" }, "geometry": { "type": "Point", "coordinates": [ -71.360098731297484, -40.154417079172873 ] } },
{ "type": "Feature", "properties": { "nombrevulgar": "Arrayán", "nombrecientifico": "Luma apiculata", "magnitud": 3, "tipo": "Latifoliada", "follaje": "Perenne", "lon": -71.359857180150414, "lat": -40.155004786502772, "imagen": "LUMA APICULATA.gif", "url_ficha": "https://www.arbolesurbanos.com.ar/luma-apiculata-arrayan", "thumbnail": "/thumbnails/arrayan.jpg" }, "geometry": { "type": "Point", "coordinates": [ -71.359857180150414, -40.155004786502772 ] } },
{ "type": "Feature", "properties": { "nombrevulgar": "Arrayán", "nombrecientifico": "Luma apiculata", "magnitud": 3, "tipo": "Latifoliada", "follaje": "Perenne", "lon": -71.359861170487733, "lat": -40.154984264259291, "imagen": "LUMA APICULATA.gif", "url_ficha": "https://www.arbolesurbanos.com.ar/luma-apiculata-arrayan", "thumbnail": "/thumbnails/arrayan.jpg" }, "geometry": { "type": "Point", "coordinates": [ -71.359861170487733, -40.154984264259291 ] } },
{ "type": "Feature", "properties": { "nombrevulgar": "Arrayán", "nombrecientifico": "Luma apiculata", "magnitud": 3, "tipo": "Latifoliada", "follaje": "Perenne", "lon": -71.358623272798582, "lat": -40.155471289665051, "imagen": "LUMA APICULATA.gif", "url_ficha": "https://www.arbolesurbanos.com.ar/luma-apiculata-arrayan", "thumbnail": "/thumbnails/arrayan.jpg" }, "geometry": { "type": "Point", "coordinates": [ -71.358623272798582, -40.155471289665051 ] } },
{ "type": "Feature", "properties": { "nombrevulgar": "Arrayán", "nombrecientifico": "Luma apiculata", "magnitud": 3, "tipo": "Latifoliada", "follaje": "Perenne", "lon": -71.359374971617214, "lat": -40.153765379702811, "imagen": "LUMA APICULATA.gif", "url_ficha": "https://www.arbolesurbanos.com.ar/luma-apiculata-arrayan", "thumbnail": "/thumbnails/arrayan.jpg" }, "geometry": { "type": "Point", "coordinates": [ -71.359374971617214, -40.153765379702811 ] } },
{ "type": "Feature", "properties": { "nombrevulgar": "Arrayán", "nombrecientifico": "Luma apiculata", "magnitud": 3, "tipo": "Latifoliada", "follaje": "Perenne", "lon": -71.352552526247905, "lat": -40.148502401130848, "imagen": "LUMA APICULATA.gif", "url_ficha": "https://www.arbolesurbanos.com.ar/luma-apiculata-arrayan", "thumbnail": "/thumbnails/arrayan.jpg" }, "geometry": { "type": "Point", "coordinates": [ -71.352552526247905, -40.148502401130848 ] } },
{ "type": "Feature", "properties": { "nombrevulgar": "Arrayán", "nombrecientifico": "Luma apiculata", "magnitud": 3, "tipo": "Latifoliada", "follaje": "Perenne", "lon": -71.352781401719326, "lat": -40.149169008581396, "imagen": "LUMA APICULATA.gif", "url_ficha": "https://www.arbolesurbanos.com.ar/luma-apiculata-arrayan", "thumbnail": "/thumbnails/arrayan.jpg" }, "geometry": { "type": "Point", "coordinates": [ -71.352781401719326, -40.149169008581396 ] } },
{ "type": "Feature", "properties": { "nombrevulgar": "Arrayán", "nombrecientifico": "Luma apiculata", "magnitud": 3, "tipo": "Latifoliada", "follaje": "Perenne", "lon": -71.357533836621087, "lat": -40.15363191236375, "imagen": "LUMA APICULATA.gif", "url_ficha": "https://www.arbolesurbanos.com.ar/luma-apiculata-arrayan", "thumbnail": "/thumbnails/arrayan.jpg" }, "geometry": { "type": "Point", "coordinates": [ -71.357533836621087, -40.15363191236375 ] } },
{ "type": "Feature", "properties": { "nombrevulgar": "Arrayán", "nombrecientifico": "Luma apiculata", "magnitud": 3, "tipo": "Latifoliada", "follaje": "Perenne", "lon": -71.359074394176972, "lat": -40.157139511793858, "imagen": "LUMA APICULATA.gif", "url_ficha": "https://www.arbolesurbanos.com.ar/luma-apiculata-arrayan", "thumbnail": "/thumbnails/arrayan.jpg" }, "geometry": { "type": "Point", "coordinates": [ -71.359074394176972, -40.157139511793858 ] } },
{ "type": "Feature", "properties": { "nombrevulgar": "Raulí", "nombrecientifico": "Nothofagus alpina", "magnitud": 1, "tipo": "Latifoliada", "follaje": "Caduco", "lon": -71.359514496995573, "lat": -40.157488804108134, "imagen": "NOTHOFAGUS ALPINA.gif", "url_ficha": "https://www.arbolesurbanos.com.ar/nothofagus-alpina-rauli", "thumbnail": "/thumbnails/rauli.jpg" }, "geometry": { "type": "Point", "coordinates": [ -71.359514496995573, -40.157488804108134 ] } },
{ "type": "Feature", "properties": { "nombrevulgar": "Raulí", "nombrecientifico": "Nothofagus alpina", "magnitud": 1, "tipo": "Latifoliada", "follaje": "Caduco", "lon": -71.357379330211018, "lat": -40.156178438698618, "imagen": "NOTHOFAGUS ALPINA.gif", "url_ficha": "https://www.arbolesurbanos.com.ar/nothofagus-alpina-rauli", "thumbnail": "/thumbnails/rauli.jpg" }, "geometry": { "type": "Point", "coordinates": [ -71.357379330211018, -40.156178438698618 ] } },
{ "type": "Feature", "properties": { "nombrevulgar": "Raulí", "nombrecientifico": "Nothofagus alpina", "magnitud": 1, "tipo": "Latifoliada", "follaje": "Caduco", "lon": -71.358114848453098, "lat": -40.155264259408632, "imagen": "NOTHOFAGUS ALPINA.gif", "url_ficha": "https://www.arbolesurbanos.com.ar/nothofagus-alpina-rauli", "thumbnail": "/thumbnails/rauli.jpg" }, "geometry": { "type": "Point", "coordinates": [ -71.358114848453098, -40.155264259408632 ] } },
{ "type": "Feature", "properties": { "nombrevulgar": "Raulí", "nombrecientifico": "Nothofagus alpina", "magnitud": 1, "tipo": "Latifoliada", "follaje": "Caduco", "lon": -71.358094724812531, "lat": -40.155306046224077, "imagen": "NOTHOFAGUS ALPINA.gif", "url_ficha": "https://www.arbolesurbanos.com.ar/nothofagus-alpina-rauli", "thumbnail": "/thumbnails/rauli.jpg" }, "geometry": { "type": "Point", "coordinates": [ -71.358094724812531, -40.155306046224077 ] } },
{ "type": "Feature", "properties": { "nombrevulgar": "Raulí", "nombrecientifico": "Nothofagus alpina", "magnitud": 1, "tipo": "Latifoliada", "follaje": "Caduco", "lon": -71.359476688138386, "lat": -40.157066802307277, "imagen": "NOTHOFAGUS ALPINA.gif", "url_ficha": "https://www.arbolesurbanos.com.ar/nothofagus-alpina-rauli", "thumbnail": "/thumbnails/rauli.jpg" }, "geometry": { "type": "Point", "coordinates": [ -71.359476688138386, -40.157066802307277 ] } },
{ "type": "Feature", "properties": { "nombrevulgar": "Cedro blanco", "nombrecientifico": "Chamaecyparis lawsoniana", "magnitud": 1, "tipo": "Conífera", "follaje": "Perenne", "lon": -71.359121868390858, "lat": -40.157229392213537, "imagen": "CHAMAECYPARIS LAWSONIANA.gif", "url_ficha": "https://www.arbolesurbanos.com.ar/chamaecyparis-lawsoniana-cedro-blanco", "thumbnail": "/thumbnails/cedro-blanco.jpg" }, "geometry": { "type": "Point", "coordinates": [ -71.359121868390858, -40.157229392213537 ] } },
{ "type": "Feature", "properties": { "nombrevulgar": "Cedro blanco", "nombrecientifico": "Chamaecyparis lawsoniana", "magnitud": 1, "tipo": "Conífera", "follaje": "Perenne", "lon": -71.357928944155375, "lat": -40.155190258971253, "imagen": "CHAMAECYPARIS LAWSONIANA.gif", "url_ficha": "https://www.arbolesurbanos.com.ar/chamaecyparis-lawsoniana-cedro-blanco", "thumbnail": "/thumbnails/cedro-blanco.jpg" }, "geometry": { "type": "Point", "coordinates": [ -71.357928944155375, -40.155190258971253 ] } },
{ "type": "Feature", "properties": { "nombrevulgar": "Cedro blanco", "nombrecientifico": "Chamaecyparis lawsoniana", "magnitud": 1, "tipo": "Conífera", "follaje": "Perenne", "lon": -71.357841924510666, "lat": -40.155168860944478, "imagen": "CHAMAECYPARIS LAWSONIANA.gif", "url_ficha": "https://www.arbolesurbanos.com.ar/chamaecyparis-lawsoniana-cedro-blanco", "thumbnail": "/thumbnails/cedro-blanco.jpg" }, "geometry": { "type": "Point", "coordinates": [ -71.357841924510666, -40.155168860944478 ] } },
{ "type": "Feature", "properties": { "nombrevulgar": "Cedro blanco", "nombrecientifico": "Chamaecyparis lawsoniana", "magnitud": 1, "tipo": "Conífera", "follaje": "Perenne", "lon": -71.359717375580487, "lat": -40.154621818434599, "imagen": "CHAMAECYPARIS LAWSONIANA.gif", "url_ficha": "https://www.arbolesurbanos.com.ar/chamaecyparis-lawsoniana-cedro-blanco", "thumbnail": "/thumbnails/cedro-blanco.jpg" }, "geometry": { "type": "Point", "coordinates": [ -71.359717375580487, -40.154621818434599 ] } },
{ "type": "Feature", "properties": { "nombrevulgar": "Cedro blanco", "nombrecientifico": "Chamaecyparis lawsoniana", "magnitud": 1, "tipo": "Conífera", "follaje": "Perenne", "lon": -71.359747862668385, "lat": -40.154622571690737, "imagen": "CHAMAECYPARIS LAWSONIANA.gif", "url_ficha": "https://www.arbolesurbanos.com.ar/chamaecyparis-lawsoniana-cedro-blanco", "thumbnail": "/thumbnails/cedro-blanco.jpg" }, "geometry": { "type": "Point", "coordinates": [ -71.359747862668385, -40.154622571690737 ] } },
{ "type": "Feature", "properties": { "nombrevulgar": "Cedro blanco", "nombrecientifico": "Chamaecyparis lawsoniana", "magnitud": 1, "tipo": "Conífera", "follaje": "Perenne", "lon": -71.35976987278157, "lat": -40.154637246739377, "imagen": "CHAMAECYPARIS LAWSONIANA.gif", "url_ficha": "https://www.arbolesurbanos.com.ar/chamaecyparis-lawsoniana-cedro-blanco", "thumbnail": "/thumbnails/cedro-blanco.jpg" }, "geometry": { "type": "Point", "coordinates": [ -71.35976987278157, -40.154637246739377 ] } },
{ "type": "Feature", "properties": { "nombrevulgar": "Cedro blanco", "nombrecientifico": "Chamaecyparis lawsoniana", "magnitud": 1, "tipo": "Conífera", "follaje": "Perenne", "lon": -71.359789711684044, "lat": -40.154640966896359, "imagen": "CHAMAECYPARIS LAWSONIANA.gif", "url_ficha": "https://www.arbolesurbanos.com.ar/chamaecyparis-lawsoniana-cedro-blanco", "thumbnail": "/thumbnails/cedro-blanco.jpg" }, "geometry": { "type": "Point", "coordinates": [ -71.359789711684044, -40.154640966896359 ] } },
{ "type": "Feature", "properties": { "nombrevulgar": "Cedro blanco", "nombrecientifico": "Chamaecyparis lawsoniana", "magnitud": 1, "tipo": "Conífera", "follaje": "Perenne", "lon": -71.359816903159597, "lat": -40.154650036704048, "imagen": "CHAMAECYPARIS LAWSONIANA.gif", "url_ficha": "https://www.arbolesurbanos.com.ar/chamaecyparis-lawsoniana-cedro-blanco", "thumbnail": "/thumbnails/cedro-blanco.jpg" }, "geometry": { "type": "Point", "coordinates": [ -71.359816903159597, -40.154650036704048 ] } },
{ "type": "Feature", "properties": { "nombrevulgar": "Cedro blanco", "nombrecientifico": "Chamaecyparis lawsoniana", "magnitud": 1, "tipo": "Conífera", "follaje": "Perenne", "lon": -71.359690231708953, "lat": -40.154614122527668, "imagen": "CHAMAECYPARIS LAWSONIANA.gif", "url_ficha": "https://www.arbolesurbanos.com.ar/chamaecyparis-lawsoniana-cedro-blanco", "thumbnail": "/thumbnails/cedro-blanco.jpg" }, "geometry": { "type": "Point", "coordinates": [ -71.359690231708953, -40.154614122527668 ] } },
{ "type": "Feature", "properties": { "nombrevulgar": "Cedro blanco", "nombrecientifico": "Chamaecyparis lawsoniana", "magnitud": 1, "tipo": "Conífera", "follaje": "Perenne", "lon": -71.36067463821432, "lat": -40.154465125771438, "imagen": "CHAMAECYPARIS LAWSONIANA.gif", "url_ficha": "https://www.arbolesurbanos.com.ar/chamaecyparis-lawsoniana-cedro-blanco", "thumbnail": "/thumbnails/cedro-blanco.jpg" }, "geometry": { "type": "Point", "coordinates": [ -71.36067463821432, -40.154465125771438 ] } },
{ "type": "Feature", "properties": { "nombrevulgar": "Cedro blanco", "nombrecientifico": "Chamaecyparis lawsoniana", "magnitud": 1, "tipo": "Conífera", "follaje": "Perenne", "lon": -71.358399563527868, "lat": -40.156298176763052, "imagen": "CHAMAECYPARIS LAWSONIANA.gif", "url_ficha": "https://www.arbolesurbanos.com.ar/chamaecyparis-lawsoniana-cedro-blanco", "thumbnail": "/thumbnails/cedro-blanco.jpg" }, "geometry": { "type": "Point", "coordinates": [ -71.358399563527868, -40.156298176763052 ] } },
{ "type": "Feature", "properties": { "nombrevulgar": "Cedro blanco", "nombrecientifico": "Chamaecyparis lawsoniana", "magnitud": 1, "tipo": "Conífera", "follaje": "Perenne", "lon": -71.358646313762321, "lat": -40.153715507823655, "imagen": "CHAMAECYPARIS LAWSONIANA.gif", "url_ficha": "https://www.arbolesurbanos.com.ar/chamaecyparis-lawsoniana-cedro-blanco", "thumbnail": "/thumbnails/cedro-blanco.jpg" }, "geometry": { "type": "Point", "coordinates": [ -71.358646313762321, -40.153715507823655 ] } },
{ "type": "Feature", "properties": { "nombrevulgar": "Cedro blanco", "nombrecientifico": "Chamaecyparis lawsoniana", "magnitud": 1, "tipo": "Conífera", "follaje": "Perenne", "lon": -71.355399394995104, "lat": -40.152421798130661, "imagen": "CHAMAECYPARIS LAWSONIANA.gif", "url_ficha": "https://www.arbolesurbanos.com.ar/chamaecyparis-lawsoniana-cedro-blanco", "thumbnail": "/thumbnails/cedro-blanco.jpg" }, "geometry": { "type": "Point", "coordinates": [ -71.355399394995104, -40.152421798130661 ] } },
{ "type": "Feature", "properties": { "nombrevulgar": "Cedro blanco", "nombrecientifico": "Chamaecyparis lawsoniana", "magnitud": 1, "tipo": "Conífera", "follaje": "Perenne", "lon": -71.356964494097326, "lat": -40.154736497519153, "imagen": "CHAMAECYPARIS LAWSONIANA.gif", "url_ficha": "https://www.arbolesurbanos.com.ar/chamaecyparis-lawsoniana-cedro-blanco", "thumbnail": "/thumbnails/cedro-blanco.jpg" }, "geometry": { "type": "Point", "coordinates": [ -71.356964494097326, -40.154736497519153 ] } },
{ "type": "Feature", "properties": { "nombrevulgar": "Cedro blanco", "nombrecientifico": "Chamaecyparis lawsoniana", "magnitud": 1, "tipo": "Conífera", "follaje": "Perenne", "lon": -71.359710653269971, "lat": -40.157472800623893, "imagen": "CHAMAECYPARIS LAWSONIANA.gif", "url_ficha": "https://www.arbolesurbanos.com.ar/chamaecyparis-lawsoniana-cedro-blanco", "thumbnail": "/thumbnails/cedro-blanco.jpg" }, "geometry": { "type": "Point", "coordinates": [ -71.359710653269971, -40.157472800623893 ] } },
{ "type": "Feature", "properties": { "nombrevulgar": "Cedro blanco", "nombrecientifico": "Chamaecyparis lawsoniana", "magnitud": 1, "tipo": "Conífera", "follaje": "Perenne", "lon": -71.359429192709285, "lat": -40.157978190892841, "imagen": "CHAMAECYPARIS LAWSONIANA.gif", "url_ficha": "https://www.arbolesurbanos.com.ar/chamaecyparis-lawsoniana-cedro-blanco", "thumbnail": "/thumbnails/cedro-blanco.jpg" }, "geometry": { "type": "Point", "coordinates": [ -71.359429192709285, -40.157978190892841 ] } },
{ "type": "Feature", "properties": { "nombrevulgar": "Cedro blanco", "nombrecientifico": "Chamaecyparis lawsoniana", "magnitud": 1, "tipo": "Conífera", "follaje": "Perenne", "lon": -71.359996852180402, "lat": -40.156802691589682, "imagen": "CHAMAECYPARIS LAWSONIANA.gif", "url_ficha": "https://www.arbolesurbanos.com.ar/chamaecyparis-lawsoniana-cedro-blanco", "thumbnail": "/thumbnails/cedro-blanco.jpg" }, "geometry": { "type": "Point", "coordinates": [ -71.359996852180402, -40.156802691589682 ] } },
{ "type": "Feature", "properties": { "nombrevulgar": "Cedro blanco", "nombrecientifico": "Chamaecyparis lawsoniana", "magnitud": 1, "tipo": "Conífera", "follaje": "Perenne", "lon": -71.359966964814447, "lat": -40.156968826912319, "imagen": "CHAMAECYPARIS LAWSONIANA.gif", "url_ficha": "https://www.arbolesurbanos.com.ar/chamaecyparis-lawsoniana-cedro-blanco", "thumbnail": "/thumbnails/cedro-blanco.jpg" }, "geometry": { "type": "Point", "coordinates": [ -71.359966964814447, -40.156968826912319 ] } },
{ "type": "Feature", "properties": { "nombrevulgar": "Cedro blanco", "nombrecientifico": "Chamaecyparis lawsoniana", "magnitud": 1, "tipo": "Conífera", "follaje": "Perenne", "lon": -71.360646616455526, "lat": -40.158164128330242, "imagen": "CHAMAECYPARIS LAWSONIANA.gif", "url_ficha": "https://www.arbolesurbanos.com.ar/chamaecyparis-lawsoniana-cedro-blanco", "thumbnail": "/thumbnails/cedro-blanco.jpg" }, "geometry": { "type": "Point", "coordinates": [ -71.360646616455526, -40.158164128330242 ] } },
{ "type": "Feature", "properties": { "nombrevulgar": "Cedro blanco", "nombrecientifico": "Chamaecyparis lawsoniana", "magnitud": 1, "tipo": "Conífera", "follaje": "Perenne", "lon": -71.360692536941912, "lat": -40.158151333663916, "imagen": "CHAMAECYPARIS LAWSONIANA.gif", "url_ficha": "https://www.arbolesurbanos.com.ar/chamaecyparis-lawsoniana-cedro-blanco", "thumbnail": "/thumbnails/cedro-blanco.jpg" }, "geometry": { "type": "Point", "coordinates": [ -71.360692536941912, -40.158151333663916 ] } },
{ "type": "Feature", "properties": { "nombrevulgar": "Cedro blanco", "nombrecientifico": "Chamaecyparis lawsoniana", "magnitud": 1, "tipo": "Conífera", "follaje": "Perenne", "lon": -71.360731137332564, "lat": -40.158125512809917, "imagen": "CHAMAECYPARIS LAWSONIANA.gif", "url_ficha": "https://www.arbolesurbanos.com.ar/chamaecyparis-lawsoniana-cedro-blanco", "thumbnail": "/thumbnails/cedro-blanco.jpg" }, "geometry": { "type": "Point", "coordinates": [ -71.360731137332564, -40.158125512809917 ] } },
{ "type": "Feature", "properties": { "nombrevulgar": "Cedro blanco", "nombrecientifico": "Chamaecyparis lawsoniana", "magnitud": 1, "tipo": "Conífera", "follaje": "Perenne", "lon": -71.354641490556787, "lat": -40.152662122540747, "imagen": "CHAMAECYPARIS LAWSONIANA.gif", "url_ficha": "https://www.arbolesurbanos.com.ar/chamaecyparis-lawsoniana-cedro-blanco", "thumbnail": "/thumbnails/cedro-blanco.jpg" }, "geometry": { "type": "Point", "coordinates": [ -71.354641490556787, -40.152662122540747 ] } },
{ "type": "Feature", "properties": { "nombrevulgar": "Cedro blanco", "nombrecientifico": "Chamaecyparis lawsoniana", "magnitud": 1, "tipo": "Conífera", "follaje": "Perenne", "lon": -71.354641490556787, "lat": -40.152662122540747, "imagen": "CHAMAECYPARIS LAWSONIANA.gif", "url_ficha": "https://www.arbolesurbanos.com.ar/chamaecyparis-lawsoniana-cedro-blanco", "thumbnail": "/thumbnails/cedro-blanco.jpg" }, "geometry": { "type": "Point", "coordinates": [ -71.354641490556787, -40.152662122540747 ] } },
{ "type": "Feature", "properties": { "nombrevulgar": "Cedro blanco", "nombrecientifico": "Chamaecyparis lawsoniana", "magnitud": 1, "tipo": "Conífera", "follaje": "Perenne", "lon": -71.356622559318367, "lat": -40.149524474432383, "imagen": "CHAMAECYPARIS LAWSONIANA.gif", "url_ficha": "https://www.arbolesurbanos.com.ar/chamaecyparis-lawsoniana-cedro-blanco", "thumbnail": "/thumbnails/cedro-blanco.jpg" }, "geometry": { "type": "Point", "coordinates": [ -71.356622559318367, -40.149524474432383 ] } },
{ "type": "Feature", "properties": { "nombrevulgar": "Cedro blanco", "nombrecientifico": "Chamaecyparis lawsoniana", "magnitud": 1, "tipo": "Conífera", "follaje": "Perenne", "lon": -71.354291759118979, "lat": -40.149544121660242, "imagen": "CHAMAECYPARIS LAWSONIANA.gif", "url_ficha": "https://www.arbolesurbanos.com.ar/chamaecyparis-lawsoniana-cedro-blanco", "thumbnail": "/thumbnails/cedro-blanco.jpg" }, "geometry": { "type": "Point", "coordinates": [ -71.354291759118979, -40.149544121660242 ] } },
{ "type": "Feature", "properties": { "nombrevulgar": "Cedro blanco", "nombrecientifico": "Chamaecyparis lawsoniana", "magnitud": 1, "tipo": "Conífera", "follaje": "Perenne", "lon": -71.355608043884246, "lat": -40.152425751572146, "imagen": "CHAMAECYPARIS LAWSONIANA.gif", "url_ficha": "https://www.arbolesurbanos.com.ar/chamaecyparis-lawsoniana-cedro-blanco", "thumbnail": "/thumbnails/cedro-blanco.jpg" }, "geometry": { "type": "Point", "coordinates": [ -71.355608043884246, -40.152425751572146 ] } },
{ "type": "Feature", "properties": { "nombrevulgar": "Cedro blanco", "nombrecientifico": "Chamaecyparis lawsoniana", "magnitud": 1, "tipo": "Conífera", "follaje": "Perenne", "lon": -71.359074394176929, "lat": -40.156997922560265, "imagen": "CHAMAECYPARIS LAWSONIANA.gif", "url_ficha": "https://www.arbolesurbanos.com.ar/chamaecyparis-lawsoniana-cedro-blanco", "thumbnail": "/thumbnails/cedro-blanco.jpg" }, "geometry": { "type": "Point", "coordinates": [ -71.359074394176929, -40.156997922560265 ] } },
{ "type": "Feature", "properties": { "nombrevulgar": "Pino contorta", "nombrecientifico": "Pinus contorta", "magnitud": 2, "tipo": "Conífera", "follaje": "Perenne", "lon": -71.359034310013911, "lat": -40.156495263641922, "imagen": "PINUS CONTORTA.gif\n", "url_ficha": "https://www.arbolesurbanos.com.ar/pinus-contorta-var-latifolia-pino-contorta/", "thumbnail": "/thumbnails/pino-contorta.jpg" }, "geometry": { "type": "Point", "coordinates": [ -71.359034310013911, -40.156495263641922 ] } },
{ "type": "Feature", "properties": { "nombrevulgar": "Pino contorta", "nombrecientifico": "Pinus contorta", "magnitud": 2, "tipo": "Conífera", "follaje": "Perenne", "lon": -71.356622171621439, "lat": -40.155584651279497, "imagen": "PINUS CONTORTA.gif\n", "url_ficha": "https://www.arbolesurbanos.com.ar/pinus-contorta-var-latifolia-pino-contorta/", "thumbnail": "/thumbnails/pino-contorta.jpg" }, "geometry": { "type": "Point", "coordinates": [ -71.356622171621439, -40.155584651279497 ] } },
{ "type": "Feature", "properties": { "nombrevulgar": "Pino contorta", "nombrecientifico": "Pinus contorta", "magnitud": 2, "tipo": "Conífera", "follaje": "Perenne", "lon": -71.356574155176759, "lat": -40.155528094988789, "imagen": "PINUS CONTORTA.gif\n", "url_ficha": "https://www.arbolesurbanos.com.ar/pinus-contorta-var-latifolia-pino-contorta/", "thumbnail": "/thumbnails/pino-contorta.jpg" }, "geometry": { "type": "Point", "coordinates": [ -71.356574155176759, -40.155528094988789 ] } },
{ "type": "Feature", "properties": { "nombrevulgar": "Pino contorta", "nombrecientifico": "Pinus contorta", "magnitud": 2, "tipo": "Conífera", "follaje": "Perenne", "lon": -71.356692896370376, "lat": -40.155461567616904, "imagen": "PINUS CONTORTA.gif\n", "url_ficha": "https://www.arbolesurbanos.com.ar/pinus-contorta-var-latifolia-pino-contorta/", "thumbnail": "/thumbnails/pino-contorta.jpg" }, "geometry": { "type": "Point", "coordinates": [ -71.356692896370376, -40.155461567616904 ] } },
{ "type": "Feature", "properties": { "nombrevulgar": "Pino contorta", "nombrecientifico": "Pinus contorta", "magnitud": 2, "tipo": "Conífera", "follaje": "Perenne", "lon": -71.357002956661972, "lat": -40.15547580099944, "imagen": "PINUS CONTORTA.gif\n", "url_ficha": "https://www.arbolesurbanos.com.ar/pinus-contorta-var-latifolia-pino-contorta/", "thumbnail": "/thumbnails/pino-contorta.jpg" }, "geometry": { "type": "Point", "coordinates": [ -71.357002956661972, -40.15547580099944 ] } },
{ "type": "Feature", "properties": { "nombrevulgar": "Pino contorta", "nombrecientifico": "Pinus contorta", "magnitud": 2, "tipo": "Conífera", "follaje": "Perenne", "lon": -71.357006972044857, "lat": -40.155622842024201, "imagen": "PINUS CONTORTA.gif\n", "url_ficha": "https://www.arbolesurbanos.com.ar/pinus-contorta-var-latifolia-pino-contorta/", "thumbnail": "/thumbnails/pino-contorta.jpg" }, "geometry": { "type": "Point", "coordinates": [ -71.357006972044857, -40.155622842024201 ] } },
{ "type": "Feature", "properties": { "nombrevulgar": "Pino contorta", "nombrecientifico": "Pinus contorta", "magnitud": 2, "tipo": "Conífera", "follaje": "Perenne", "lon": -71.35721972004761, "lat": -40.155579878828803, "imagen": "PINUS CONTORTA.gif\n", "url_ficha": "https://www.arbolesurbanos.com.ar/pinus-contorta-var-latifolia-pino-contorta/", "thumbnail": "/thumbnails/pino-contorta.jpg" }, "geometry": { "type": "Point", "coordinates": [ -71.35721972004761, -40.155579878828803 ] } },
{ "type": "Feature", "properties": { "nombrevulgar": "Pino contorta", "nombrecientifico": "Pinus contorta", "magnitud": 2, "tipo": "Conífera", "follaje": "Perenne", "lon": -71.35725112443852, "lat": -40.154577264740205, "imagen": "PINUS CONTORTA.gif\n", "url_ficha": "https://www.arbolesurbanos.com.ar/pinus-contorta-var-latifolia-pino-contorta/", "thumbnail": "/thumbnails/pino-contorta.jpg" }, "geometry": { "type": "Point", "coordinates": [ -71.35725112443852, -40.154577264740205 ] } },
{ "type": "Feature", "properties": { "nombrevulgar": "Pino contorta", "nombrecientifico": "Pinus contorta", "magnitud": 2, "tipo": "Conífera", "follaje": "Perenne", "lon": -71.359625538093454, "lat": -40.156964295073969, "imagen": "PINUS CONTORTA.gif\n", "url_ficha": "https://www.arbolesurbanos.com.ar/pinus-contorta-var-latifolia-pino-contorta/", "thumbnail": "/thumbnails/pino-contorta.jpg" }, "geometry": { "type": "Point", "coordinates": [ -71.359625538093454, -40.156964295073969 ] } },
{ "type": "Feature", "properties": { "nombrevulgar": "Sauce eléctrico", "nombrecientifico": "Salix erythroflexuosa", "magnitud": 3, "tipo": "Latifoliada", "follaje": "Caduco", "lon": -71.358632214222297, "lat": -40.156820627782992, "imagen": "SALIX MATSUDANA.gif", "url_ficha": "https://www.arbolesurbanos.com.ar/salix-erythroflexuosa-sauce-electrico/", "thumbnail": "/thumbnails/salix-matsudana.jpg" }, "geometry": { "type": "Point", "coordinates": [ -71.358632214222297, -40.156820627782992 ] } },
{ "type": "Feature", "properties": { "nombrevulgar": "Sauce eléctrico", "nombrecientifico": "Salix erythroflexuosa", "magnitud": 3, "tipo": "Latifoliada", "follaje": "Caduco", "lon": -71.359919929941455, "lat": -40.154717575303508, "imagen": "SALIX MATSUDANA.gif", "url_ficha": "https://www.arbolesurbanos.com.ar/salix-erythroflexuosa-sauce-electrico/", "thumbnail": "/thumbnails/salix-matsudana.jpg" }, "geometry": { "type": "Point", "coordinates": [ -71.359919929941455, -40.154717575303508 ] } },
{ "type": "Feature", "properties": { "nombrevulgar": "Sauce eléctrico", "nombrecientifico": "Salix erythroflexuosa", "magnitud": 3, "tipo": "Latifoliada", "follaje": "Caduco", "lon": -71.358491794499017, "lat": -40.156247469052516, "imagen": "SALIX MATSUDANA.gif", "url_ficha": "https://www.arbolesurbanos.com.ar/salix-erythroflexuosa-sauce-electrico/", "thumbnail": "/thumbnails/salix-matsudana.jpg" }, "geometry": { "type": "Point", "coordinates": [ -71.358491794499017, -40.156247469052516 ] } },
{ "type": "Feature", "properties": { "nombrevulgar": "Sauce eléctrico", "nombrecientifico": "Salix erythroflexuosa", "magnitud": 3, "tipo": "Latifoliada", "follaje": "Caduco", "lon": -71.35932708535735, "lat": -40.153805748555484, "imagen": "SALIX MATSUDANA.gif", "url_ficha": "https://www.arbolesurbanos.com.ar/salix-erythroflexuosa-sauce-electrico/", "thumbnail": "/thumbnails/salix-matsudana.jpg" }, "geometry": { "type": "Point", "coordinates": [ -71.35932708535735, -40.153805748555484 ] } },
{ "type": "Feature", "properties": { "nombrevulgar": "Sauce eléctrico", "nombrecientifico": "Salix erythroflexuosa", "magnitud": 3, "tipo": "Latifoliada", "follaje": "Caduco", "lon": -71.356396319626427, "lat": -40.154201849678785, "imagen": "SALIX MATSUDANA.gif", "url_ficha": "https://www.arbolesurbanos.com.ar/salix-erythroflexuosa-sauce-electrico/", "thumbnail": "/thumbnails/salix-matsudana.jpg" }, "geometry": { "type": "Point", "coordinates": [ -71.356396319626427, -40.154201849678785 ] } },
{ "type": "Feature", "properties": { "nombrevulgar": "Sauce eléctrico", "nombrecientifico": "Salix erythroflexuosa", "magnitud": 3, "tipo": "Latifoliada", "follaje": "Caduco", "lon": -71.35247639619331, "lat": -40.148637289284885, "imagen": "SALIX MATSUDANA.gif", "url_ficha": "https://www.arbolesurbanos.com.ar/salix-erythroflexuosa-sauce-electrico/", "thumbnail": "/thumbnails/salix-matsudana.jpg" }, "geometry": { "type": "Point", "coordinates": [ -71.35247639619331, -40.148637289284885 ] } },
{ "type": "Feature", "properties": { "nombrevulgar": "Sauce", "nombrecientifico": "Salix alba", "magnitud": 2, "tipo": "Latifoliada", "follaje": "Caduco", "lon": -71.358496493035275, "lat": -40.157426635570957, "imagen": "SALIX SP.gif", "url_ficha": "https://www.arbolesurbanos.com.ar/salix-alba-sauce-blanco/", "thumbnail": "/iconos/2/SALIX SP.gif" }, "geometry": { "type": "Point", "coordinates": [ -71.358496493035275, -40.157426635570957 ] } },
{ "type": "Feature", "properties": { "nombrevulgar": "Sauce", "nombrecientifico": "Salix alba", "magnitud": 2, "tipo": "Latifoliada", "follaje": "Caduco", "lon": -71.358258443286047, "lat": -40.157144814536679, "imagen": "SALIX SP.gif", "url_ficha": "https://www.arbolesurbanos.com.ar/salix-alba-sauce-blanco/", "thumbnail": "/iconos/2/SALIX SP.gif" }, "geometry": { "type": "Point", "coordinates": [ -71.358258443286047, -40.157144814536679 ] } },
{ "type": "Feature", "properties": { "nombrevulgar": "Sauce", "nombrecientifico": "Salix alba", "magnitud": 2, "tipo": "Latifoliada", "follaje": "Caduco", "lon": -71.358169459844959, "lat": -40.157229696569892, "imagen": "SALIX SP.gif", "url_ficha": "https://www.arbolesurbanos.com.ar/salix-alba-sauce-blanco/", "thumbnail": "/iconos/2/SALIX SP.gif" }, "geometry": { "type": "Point", "coordinates": [ -71.358169459844959, -40.157229696569892 ] } },
{ "type": "Feature", "properties": { "nombrevulgar": "Sauce", "nombrecientifico": "Salix alba", "magnitud": 2, "tipo": "Latifoliada", "follaje": "Caduco", "lon": -71.358120017247913, "lat": -40.157158606618225, "imagen": "SALIX SP.gif", "url_ficha": "https://www.arbolesurbanos.com.ar/salix-alba-sauce-blanco/", "thumbnail": "/iconos/2/SALIX SP.gif" }, "geometry": { "type": "Point", "coordinates": [ -71.358120017247913, -40.157158606618225 ] } },
{ "type": "Feature", "properties": { "nombrevulgar": "Sauce", "nombrecientifico": "Salix alba", "magnitud": 2, "tipo": "Latifoliada", "follaje": "Caduco", "lon": -71.358145323584978, "lat": -40.157004492075494, "imagen": "SALIX SP.gif", "url_ficha": "https://www.arbolesurbanos.com.ar/salix-alba-sauce-blanco/", "thumbnail": "/iconos/2/SALIX SP.gif" }, "geometry": { "type": "Point", "coordinates": [ -71.358145323584978, -40.157004492075494 ] } },
{ "type": "Feature", "properties": { "nombrevulgar": "Sauce", "nombrecientifico": "Salix alba", "magnitud": 2, "tipo": "Latifoliada", "follaje": "Caduco", "lon": -71.357911679474284, "lat": -40.156745940369305, "imagen": "SALIX SP.gif", "url_ficha": "https://www.arbolesurbanos.com.ar/salix-alba-sauce-blanco/", "thumbnail": "/iconos/2/SALIX SP.gif" }, "geometry": { "type": "Point", "coordinates": [ -71.357911679474284, -40.156745940369305 ] } },
{ "type": "Feature", "properties": { "nombrevulgar": "Sauce", "nombrecientifico": "Salix alba", "magnitud": 2, "tipo": "Latifoliada", "follaje": "Caduco", "lon": -71.357655980094862, "lat": -40.156204149709041, "imagen": "SALIX SP.gif", "url_ficha": "https://www.arbolesurbanos.com.ar/salix-alba-sauce-blanco/", "thumbnail": "/iconos/2/SALIX SP.gif" }, "geometry": { "type": "Point", "coordinates": [ -71.357655980094862, -40.156204149709041 ] } },
{ "type": "Feature", "properties": { "nombrevulgar": "Sauce", "nombrecientifico": "Salix alba", "magnitud": 2, "tipo": "Latifoliada", "follaje": "Caduco", "lon": -71.357675525243053, "lat": -40.156178674151334, "imagen": "SALIX SP.gif", "url_ficha": "https://www.arbolesurbanos.com.ar/salix-alba-sauce-blanco/", "thumbnail": "/iconos/2/SALIX SP.gif" }, "geometry": { "type": "Point", "coordinates": [ -71.357675525243053, -40.156178674151334 ] } },
{ "type": "Feature", "properties": { "nombrevulgar": "Sauce", "nombrecientifico": "Salix alba", "magnitud": 2, "tipo": "Latifoliada", "follaje": "Caduco", "lon": -71.357674856629856, "lat": -40.156100320980478, "imagen": "SALIX SP.gif", "url_ficha": "https://www.arbolesurbanos.com.ar/salix-alba-sauce-blanco/", "thumbnail": "/iconos/2/SALIX SP.gif" }, "geometry": { "type": "Point", "coordinates": [ -71.357674856629856, -40.156100320980478 ] } },
{ "type": "Feature", "properties": { "nombrevulgar": "Sauce", "nombrecientifico": "Salix alba", "magnitud": 2, "tipo": "Latifoliada", "follaje": "Caduco", "lon": -71.357332580733285, "lat": -40.156126101558087, "imagen": "SALIX SP.gif", "url_ficha": "https://www.arbolesurbanos.com.ar/salix-alba-sauce-blanco/", "thumbnail": "/iconos/2/SALIX SP.gif" }, "geometry": { "type": "Point", "coordinates": [ -71.357332580733285, -40.156126101558087 ] } },
{ "type": "Feature", "properties": { "nombrevulgar": "Sauce", "nombrecientifico": "Salix alba", "magnitud": 2, "tipo": "Latifoliada", "follaje": "Caduco", "lon": -71.357315329703724, "lat": -40.156099808243617, "imagen": "SALIX SP.gif", "url_ficha": "https://www.arbolesurbanos.com.ar/salix-alba-sauce-blanco/", "thumbnail": "/iconos/2/SALIX SP.gif" }, "geometry": { "type": "Point", "coordinates": [ -71.357315329703724, -40.156099808243617 ] } },
{ "type": "Feature", "properties": { "nombrevulgar": "Sauce", "nombrecientifico": "Salix alba", "magnitud": 2, "tipo": "Latifoliada", "follaje": "Caduco", "lon": -71.357273421406447, "lat": -40.156069315168367, "imagen": "SALIX SP.gif", "url_ficha": "https://www.arbolesurbanos.com.ar/salix-alba-sauce-blanco/", "thumbnail": "/iconos/2/SALIX SP.gif" }, "geometry": { "type": "Point", "coordinates": [ -71.357273421406447, -40.156069315168367 ] } },
{ "type": "Feature", "properties": { "nombrevulgar": "Sauce", "nombrecientifico": "Salix alba", "magnitud": 2, "tipo": "Latifoliada", "follaje": "Caduco", "lon": -71.357219428351371, "lat": -40.156043770236316, "imagen": "SALIX SP.gif", "url_ficha": "https://www.arbolesurbanos.com.ar/salix-alba-sauce-blanco/", "thumbnail": "/iconos/2/SALIX SP.gif" }, "geometry": { "type": "Point", "coordinates": [ -71.357219428351371, -40.156043770236316 ] } },
{ "type": "Feature", "properties": { "nombrevulgar": "Sauce", "nombrecientifico": "Salix alba", "magnitud": 2, "tipo": "Latifoliada", "follaje": "Caduco", "lon": -71.357400826477573, "lat": -40.156032238577133, "imagen": "SALIX SP.gif", "url_ficha": "https://www.arbolesurbanos.com.ar/salix-alba-sauce-blanco/", "thumbnail": "/iconos/2/SALIX SP.gif" }, "geometry": { "type": "Point", "coordinates": [ -71.357400826477573, -40.156032238577133 ] } },
{ "type": "Feature", "properties": { "nombrevulgar": "Sauce", "nombrecientifico": "Salix alba", "magnitud": 2, "tipo": "Latifoliada", "follaje": "Caduco", "lon": -71.357373875261686, "lat": -40.155902698693311, "imagen": "SALIX SP.gif", "url_ficha": "https://www.arbolesurbanos.com.ar/salix-alba-sauce-blanco/", "thumbnail": "/iconos/2/SALIX SP.gif" }, "geometry": { "type": "Point", "coordinates": [ -71.357373875261686, -40.155902698693311 ] } },
{ "type": "Feature", "properties": { "nombrevulgar": "Sauce", "nombrecientifico": "Salix alba", "magnitud": 2, "tipo": "Latifoliada", "follaje": "Caduco", "lon": -71.357310037598666, "lat": -40.155828766920891, "imagen": "SALIX SP.gif", "url_ficha": "https://www.arbolesurbanos.com.ar/salix-alba-sauce-blanco/", "thumbnail": "/iconos/2/SALIX SP.gif" }, "geometry": { "type": "Point", "coordinates": [ -71.357310037598666, -40.155828766920891 ] } },
{ "type": "Feature", "properties": { "nombrevulgar": "Sauce", "nombrecientifico": "Salix alba", "magnitud": 2, "tipo": "Latifoliada", "follaje": "Caduco", "lon": -71.35723353713567, "lat": -40.15580211311768, "imagen": "SALIX SP.gif", "url_ficha": "https://www.arbolesurbanos.com.ar/salix-alba-sauce-blanco/", "thumbnail": "/iconos/2/SALIX SP.gif" }, "geometry": { "type": "Point", "coordinates": [ -71.35723353713567, -40.15580211311768 ] } },
{ "type": "Feature", "properties": { "nombrevulgar": "Sauce", "nombrecientifico": "Salix alba", "magnitud": 2, "tipo": "Latifoliada", "follaje": "Caduco", "lon": -71.35718985877044, "lat": -40.15577949274315, "imagen": "SALIX SP.gif", "url_ficha": "https://www.arbolesurbanos.com.ar/salix-alba-sauce-blanco/", "thumbnail": "/iconos/2/SALIX SP.gif" }, "geometry": { "type": "Point", "coordinates": [ -71.35718985877044, -40.15577949274315 ] } },
{ "type": "Feature", "properties": { "nombrevulgar": "Sauce", "nombrecientifico": "Salix alba", "magnitud": 2, "tipo": "Latifoliada", "follaje": "Caduco", "lon": -71.357142206366888, "lat": -40.155760087966996, "imagen": "SALIX SP.gif", "url_ficha": "https://www.arbolesurbanos.com.ar/salix-alba-sauce-blanco/", "thumbnail": "/iconos/2/SALIX SP.gif" }, "geometry": { "type": "Point", "coordinates": [ -71.357142206366888, -40.155760087966996 ] } },
{ "type": "Feature", "properties": { "nombrevulgar": "Sauce", "nombrecientifico": "Salix alba", "magnitud": 2, "tipo": "Latifoliada", "follaje": "Caduco", "lon": -71.357090796651832, "lat": -40.155750163714345, "imagen": "SALIX SP.gif", "url_ficha": "https://www.arbolesurbanos.com.ar/salix-alba-sauce-blanco/", "thumbnail": "/iconos/2/SALIX SP.gif" }, "geometry": { "type": "Point", "coordinates": [ -71.357090796651832, -40.155750163714345 ] } },
{ "type": "Feature", "properties": { "nombrevulgar": "Sauce", "nombrecientifico": "Salix alba", "magnitud": 2, "tipo": "Latifoliada", "follaje": "Caduco", "lon": -71.357035196154101, "lat": -40.155737190120455, "imagen": "SALIX SP.gif", "url_ficha": "https://www.arbolesurbanos.com.ar/salix-alba-sauce-blanco/", "thumbnail": "/iconos/2/SALIX SP.gif" }, "geometry": { "type": "Point", "coordinates": [ -71.357035196154101, -40.155737190120455 ] } },
{ "type": "Feature", "properties": { "nombrevulgar": "Sauce", "nombrecientifico": "Salix alba", "magnitud": 2, "tipo": "Latifoliada", "follaje": "Caduco", "lon": -71.356983461388936, "lat": -40.155717868423629, "imagen": "SALIX SP.gif", "url_ficha": "https://www.arbolesurbanos.com.ar/salix-alba-sauce-blanco/", "thumbnail": "/iconos/2/SALIX SP.gif" }, "geometry": { "type": "Point", "coordinates": [ -71.356983461388936, -40.155717868423629 ] } },
{ "type": "Feature", "properties": { "nombrevulgar": "Sauce", "nombrecientifico": "Salix alba", "magnitud": 2, "tipo": "Latifoliada", "follaje": "Caduco", "lon": -71.356720404500706, "lat": -40.155513610006444, "imagen": "SALIX SP.gif", "url_ficha": "https://www.arbolesurbanos.com.ar/salix-alba-sauce-blanco/", "thumbnail": "/iconos/2/SALIX SP.gif" }, "geometry": { "type": "Point", "coordinates": [ -71.356720404500706, -40.155513610006444 ] } },
{ "type": "Feature", "properties": { "nombrevulgar": "Sauce", "nombrecientifico": "Salix alba", "magnitud": 2, "tipo": "Latifoliada", "follaje": "Caduco", "lon": -71.359040223059537, "lat": -40.154803931180659, "imagen": "SALIX SP.gif", "url_ficha": "https://www.arbolesurbanos.com.ar/salix-alba-sauce-blanco/", "thumbnail": "/iconos/2/SALIX SP.gif" }, "geometry": { "type": "Point", "coordinates": [ -71.359040223059537, -40.154803931180659 ] } },
{ "type": "Feature", "properties": { "nombrevulgar": "Sauce", "nombrecientifico": "Salix alba", "magnitud": 2, "tipo": "Latifoliada", "follaje": "Caduco", "lon": -71.360001329565762, "lat": -40.1546423280883, "imagen": "SALIX SP.gif", "url_ficha": "https://www.arbolesurbanos.com.ar/salix-alba-sauce-blanco/", "thumbnail": "/iconos/2/SALIX SP.gif" }, "geometry": { "type": "Point", "coordinates": [ -71.360001329565762, -40.1546423280883 ] } },
{ "type": "Feature", "properties": { "nombrevulgar": "Sauce", "nombrecientifico": "Salix alba", "magnitud": 2, "tipo": "Latifoliada", "follaje": "Caduco", "lon": -71.353890180379324, "lat": -40.151951389735558, "imagen": "SALIX SP.gif", "url_ficha": "https://www.arbolesurbanos.com.ar/salix-alba-sauce-blanco/", "thumbnail": "/iconos/2/SALIX SP.gif" }, "geometry": { "type": "Point", "coordinates": [ -71.353890180379324, -40.151951389735558 ] } },
{ "type": "Feature", "properties": { "nombrevulgar": "Sauce", "nombrecientifico": "Salix alba", "magnitud": 2, "tipo": "Latifoliada", "follaje": "Caduco", "lon": -71.353862715325363, "lat": -40.151926171370292, "imagen": "SALIX SP.gif", "url_ficha": "https://www.arbolesurbanos.com.ar/salix-alba-sauce-blanco/", "thumbnail": "/iconos/2/SALIX SP.gif" }, "geometry": { "type": "Point", "coordinates": [ -71.353862715325363, -40.151926171370292 ] } },
{ "type": "Feature", "properties": { "nombrevulgar": "Sauce", "nombrecientifico": "Salix alba", "magnitud": 2, "tipo": "Latifoliada", "follaje": "Caduco", "lon": -71.353819679245902, "lat": -40.151895899489446, "imagen": "SALIX SP.gif", "url_ficha": "https://www.arbolesurbanos.com.ar/salix-alba-sauce-blanco/", "thumbnail": "/iconos/2/SALIX SP.gif" }, "geometry": { "type": "Point", "coordinates": [ -71.353819679245902, -40.151895899489446 ] } },
{ "type": "Feature", "properties": { "nombrevulgar": "Sauce", "nombrecientifico": "Salix alba", "magnitud": 2, "tipo": "Latifoliada", "follaje": "Caduco", "lon": -71.353768139802625, "lat": -40.151862578413471, "imagen": "SALIX SP.gif", "url_ficha": "https://www.arbolesurbanos.com.ar/salix-alba-sauce-blanco/", "thumbnail": "/iconos/2/SALIX SP.gif" }, "geometry": { "type": "Point", "coordinates": [ -71.353768139802625, -40.151862578413471 ] } },
{ "type": "Feature", "properties": { "nombrevulgar": "Sauce", "nombrecientifico": "Salix alba", "magnitud": 2, "tipo": "Latifoliada", "follaje": "Caduco", "lon": -71.353715164641343, "lat": -40.151828212472218, "imagen": "SALIX SP.gif", "url_ficha": "https://www.arbolesurbanos.com.ar/salix-alba-sauce-blanco/", "thumbnail": "/iconos/2/SALIX SP.gif" }, "geometry": { "type": "Point", "coordinates": [ -71.353715164641343, -40.151828212472218 ] } },
{ "type": "Feature", "properties": { "nombrevulgar": "Sauce", "nombrecientifico": "Salix alba", "magnitud": 2, "tipo": "Latifoliada", "follaje": "Caduco", "lon": -71.353669405436847, "lat": -40.15180014399855, "imagen": "SALIX SP.gif", "url_ficha": "https://www.arbolesurbanos.com.ar/salix-alba-sauce-blanco/", "thumbnail": "/iconos/2/SALIX SP.gif" }, "geometry": { "type": "Point", "coordinates": [ -71.353669405436847, -40.15180014399855 ] } },
{ "type": "Feature", "properties": { "nombrevulgar": "Sauce", "nombrecientifico": "Salix alba", "magnitud": 2, "tipo": "Latifoliada", "follaje": "Caduco", "lon": -71.353621839808156, "lat": -40.151760297791974, "imagen": "SALIX SP.gif", "url_ficha": "https://www.arbolesurbanos.com.ar/salix-alba-sauce-blanco/", "thumbnail": "/iconos/2/SALIX SP.gif" }, "geometry": { "type": "Point", "coordinates": [ -71.353621839808156, -40.151760297791974 ] } },
{ "type": "Feature", "properties": { "nombrevulgar": "Sauce", "nombrecientifico": "Salix alba", "magnitud": 2, "tipo": "Latifoliada", "follaje": "Caduco", "lon": -71.353562353216915, "lat": -40.151740026735879, "imagen": "SALIX SP.gif", "url_ficha": "https://www.arbolesurbanos.com.ar/salix-alba-sauce-blanco/", "thumbnail": "/iconos/2/SALIX SP.gif" }, "geometry": { "type": "Point", "coordinates": [ -71.353562353216915, -40.151740026735879 ] } },
{ "type": "Feature", "properties": { "nombrevulgar": "Sauce", "nombrecientifico": "Salix alba", "magnitud": 2, "tipo": "Latifoliada", "follaje": "Caduco", "lon": -71.353498336966567, "lat": -40.151710181394066, "imagen": "SALIX SP.gif", "url_ficha": "https://www.arbolesurbanos.com.ar/salix-alba-sauce-blanco/", "thumbnail": "/iconos/2/SALIX SP.gif" }, "geometry": { "type": "Point", "coordinates": [ -71.353498336966567, -40.151710181394066 ] } },
{ "type": "Feature", "properties": { "nombrevulgar": "Sauce", "nombrecientifico": "Salix alba", "magnitud": 2, "tipo": "Latifoliada", "follaje": "Caduco", "lon": -71.353430347087766, "lat": -40.151686861068121, "imagen": "SALIX SP.gif", "url_ficha": "https://www.arbolesurbanos.com.ar/salix-alba-sauce-blanco/", "thumbnail": "/iconos/2/SALIX SP.gif" }, "geometry": { "type": "Point", "coordinates": [ -71.353430347087766, -40.151686861068121 ] } },
{ "type": "Feature", "properties": { "nombrevulgar": "Sauce", "nombrecientifico": "Salix alba", "magnitud": 2, "tipo": "Latifoliada", "follaje": "Caduco", "lon": -71.353367914963968, "lat": -40.151662353644696, "imagen": "SALIX SP.gif", "url_ficha": "https://www.arbolesurbanos.com.ar/salix-alba-sauce-blanco/", "thumbnail": "/iconos/2/SALIX SP.gif" }, "geometry": { "type": "Point", "coordinates": [ -71.353367914963968, -40.151662353644696 ] } },
{ "type": "Feature", "properties": { "nombrevulgar": "Sauce", "nombrecientifico": "Salix alba", "magnitud": 2, "tipo": "Latifoliada", "follaje": "Caduco", "lon": -71.353323777092612, "lat": -40.151640696308583, "imagen": "SALIX SP.gif", "url_ficha": "https://www.arbolesurbanos.com.ar/salix-alba-sauce-blanco/", "thumbnail": "/iconos/2/SALIX SP.gif" }, "geometry": { "type": "Point", "coordinates": [ -71.353323777092612, -40.151640696308583 ] } },
{ "type": "Feature", "properties": { "nombrevulgar": "Sauce", "nombrecientifico": "Salix alba", "magnitud": 2, "tipo": "Latifoliada", "follaje": "Caduco", "lon": -71.353255602020795, "lat": -40.151612009438558, "imagen": "SALIX SP.gif", "url_ficha": "https://www.arbolesurbanos.com.ar/salix-alba-sauce-blanco/", "thumbnail": "/iconos/2/SALIX SP.gif" }, "geometry": { "type": "Point", "coordinates": [ -71.353255602020795, -40.151612009438558 ] } },
{ "type": "Feature", "properties": { "nombrevulgar": "Sauce", "nombrecientifico": "Salix alba", "magnitud": 2, "tipo": "Latifoliada", "follaje": "Caduco", "lon": -71.353195707971551, "lat": -40.151579932023914, "imagen": "SALIX SP.gif", "url_ficha": "https://www.arbolesurbanos.com.ar/salix-alba-sauce-blanco/", "thumbnail": "/iconos/2/SALIX SP.gif" }, "geometry": { "type": "Point", "coordinates": [ -71.353195707971551, -40.151579932023914 ] } },
{ "type": "Feature", "properties": { "nombrevulgar": "Sauce", "nombrecientifico": "Salix alba", "magnitud": 2, "tipo": "Latifoliada", "follaje": "Caduco", "lon": -71.353121789998724, "lat": -40.151547065681278, "imagen": "SALIX SP.gif", "url_ficha": "https://www.arbolesurbanos.com.ar/salix-alba-sauce-blanco/", "thumbnail": "/iconos/2/SALIX SP.gif" }, "geometry": { "type": "Point", "coordinates": [ -71.353121789998724, -40.151547065681278 ] } },
{ "type": "Feature", "properties": { "nombrevulgar": "Sauce", "nombrecientifico": "Salix alba", "magnitud": 2, "tipo": "Latifoliada", "follaje": "Caduco", "lon": -71.353028253359653, "lat": -40.15151352413524, "imagen": "SALIX SP.gif", "url_ficha": "https://www.arbolesurbanos.com.ar/salix-alba-sauce-blanco/", "thumbnail": "/iconos/2/SALIX SP.gif" }, "geometry": { "type": "Point", "coordinates": [ -71.353028253359653, -40.15151352413524 ] } },
{ "type": "Feature", "properties": { "nombrevulgar": "Sauce", "nombrecientifico": "Salix alba", "magnitud": 2, "tipo": "Latifoliada", "follaje": "Caduco", "lon": -71.356189489485018, "lat": -40.15500947615498, "imagen": "SALIX SP.gif", "url_ficha": "https://www.arbolesurbanos.com.ar/salix-alba-sauce-blanco/", "thumbnail": "/iconos/2/SALIX SP.gif" }, "geometry": { "type": "Point", "coordinates": [ -71.356189489485018, -40.15500947615498 ] } },
{ "type": "Feature", "properties": { "nombrevulgar": "Sauce", "nombrecientifico": "Salix alba", "magnitud": 2, "tipo": "Latifoliada", "follaje": "Caduco", "lon": -71.356218404336204, "lat": -40.154965647350693, "imagen": "SALIX SP.gif", "url_ficha": "https://www.arbolesurbanos.com.ar/salix-alba-sauce-blanco/", "thumbnail": "/iconos/2/SALIX SP.gif" }, "geometry": { "type": "Point", "coordinates": [ -71.356218404336204, -40.154965647350693 ] } },
{ "type": "Feature", "properties": { "nombrevulgar": "Sauce", "nombrecientifico": "Salix alba", "magnitud": 2, "tipo": "Latifoliada", "follaje": "Caduco", "lon": -71.356231760699217, "lat": -40.154928188925602, "imagen": "SALIX SP.gif", "url_ficha": "https://www.arbolesurbanos.com.ar/salix-alba-sauce-blanco/", "thumbnail": "/iconos/2/SALIX SP.gif" }, "geometry": { "type": "Point", "coordinates": [ -71.356231760699217, -40.154928188925602 ] } },
{ "type": "Feature", "properties": { "nombrevulgar": "Sauce", "nombrecientifico": "Salix alba", "magnitud": 2, "tipo": "Latifoliada", "follaje": "Caduco", "lon": -71.356253180173681, "lat": -40.154895755145432, "imagen": "SALIX SP.gif", "url_ficha": "https://www.arbolesurbanos.com.ar/salix-alba-sauce-blanco/", "thumbnail": "/iconos/2/SALIX SP.gif" }, "geometry": { "type": "Point", "coordinates": [ -71.356253180173681, -40.154895755145432 ] } },
{ "type": "Feature", "properties": { "nombrevulgar": "Sauce", "nombrecientifico": "Salix alba", "magnitud": 2, "tipo": "Latifoliada", "follaje": "Caduco", "lon": -71.35627445020404, "lat": -40.154859000393643, "imagen": "SALIX SP.gif", "url_ficha": "https://www.arbolesurbanos.com.ar/salix-alba-sauce-blanco/", "thumbnail": "/iconos/2/SALIX SP.gif" }, "geometry": { "type": "Point", "coordinates": [ -71.35627445020404, -40.154859000393643 ] } },
{ "type": "Feature", "properties": { "nombrevulgar": "Sauce", "nombrecientifico": "Salix alba", "magnitud": 2, "tipo": "Latifoliada", "follaje": "Caduco", "lon": -71.356280809888219, "lat": -40.154814766000321, "imagen": "SALIX SP.gif", "url_ficha": "https://www.arbolesurbanos.com.ar/salix-alba-sauce-blanco/", "thumbnail": "/iconos/2/SALIX SP.gif" }, "geometry": { "type": "Point", "coordinates": [ -71.356280809888219, -40.154814766000321 ] } },
{ "type": "Feature", "properties": { "nombrevulgar": "Sauce", "nombrecientifico": "Salix alba", "magnitud": 2, "tipo": "Latifoliada", "follaje": "Caduco", "lon": -71.356300834082276, "lat": -40.154774577400737, "imagen": "SALIX SP.gif", "url_ficha": "https://www.arbolesurbanos.com.ar/salix-alba-sauce-blanco/", "thumbnail": "/iconos/2/SALIX SP.gif" }, "geometry": { "type": "Point", "coordinates": [ -71.356300834082276, -40.154774577400737 ] } },
{ "type": "Feature", "properties": { "nombrevulgar": "Sauce", "nombrecientifico": "Salix alba", "magnitud": 2, "tipo": "Latifoliada", "follaje": "Caduco", "lon": -71.356314130596729, "lat": -40.154735390580107, "imagen": "SALIX SP.gif", "url_ficha": "https://www.arbolesurbanos.com.ar/salix-alba-sauce-blanco/", "thumbnail": "/iconos/2/SALIX SP.gif" }, "geometry": { "type": "Point", "coordinates": [ -71.356314130596729, -40.154735390580107 ] } },
{ "type": "Feature", "properties": { "nombrevulgar": "Sauce", "nombrecientifico": "Salix alba", "magnitud": 2, "tipo": "Latifoliada", "follaje": "Caduco", "lon": -71.356322563448416, "lat": -40.154685925160258, "imagen": "SALIX SP.gif", "url_ficha": "https://www.arbolesurbanos.com.ar/salix-alba-sauce-blanco/", "thumbnail": "/iconos/2/SALIX SP.gif" }, "geometry": { "type": "Point", "coordinates": [ -71.356322563448416, -40.154685925160258 ] } },
{ "type": "Feature", "properties": { "nombrevulgar": "Sauce", "nombrecientifico": "Salix alba", "magnitud": 2, "tipo": "Latifoliada", "follaje": "Caduco", "lon": -71.356316414739737, "lat": -40.154638486235164, "imagen": "SALIX SP.gif", "url_ficha": "https://www.arbolesurbanos.com.ar/salix-alba-sauce-blanco/", "thumbnail": "/iconos/2/SALIX SP.gif" }, "geometry": { "type": "Point", "coordinates": [ -71.356316414739737, -40.154638486235164 ] } },
{ "type": "Feature", "properties": { "nombrevulgar": "Sauce", "nombrecientifico": "Salix alba", "magnitud": 2, "tipo": "Latifoliada", "follaje": "Caduco", "lon": -71.356319485274156, "lat": -40.154596913214441, "imagen": "SALIX SP.gif", "url_ficha": "https://www.arbolesurbanos.com.ar/salix-alba-sauce-blanco/", "thumbnail": "/iconos/2/SALIX SP.gif" }, "geometry": { "type": "Point", "coordinates": [ -71.356319485274156, -40.154596913214441 ] } },
{ "type": "Feature", "properties": { "nombrevulgar": "Sauce", "nombrecientifico": "Salix alba", "magnitud": 2, "tipo": "Latifoliada", "follaje": "Caduco", "lon": -71.356317961134707, "lat": -40.154552839337853, "imagen": "SALIX SP.gif", "url_ficha": "https://www.arbolesurbanos.com.ar/salix-alba-sauce-blanco/", "thumbnail": "/iconos/2/SALIX SP.gif" }, "geometry": { "type": "Point", "coordinates": [ -71.356317961134707, -40.154552839337853 ] } },
{ "type": "Feature", "properties": { "nombrevulgar": "Sauce", "nombrecientifico": "Salix alba", "magnitud": 2, "tipo": "Latifoliada", "follaje": "Caduco", "lon": -71.356299662738309, "lat": -40.154512566203316, "imagen": "SALIX SP.gif", "url_ficha": "https://www.arbolesurbanos.com.ar/salix-alba-sauce-blanco/", "thumbnail": "/iconos/2/SALIX SP.gif" }, "geometry": { "type": "Point", "coordinates": [ -71.356299662738309, -40.154512566203316 ] } },
{ "type": "Feature", "properties": { "nombrevulgar": "Sauce", "nombrecientifico": "Salix alba", "magnitud": 2, "tipo": "Latifoliada", "follaje": "Caduco", "lon": -71.356293633605688, "lat": -40.15446858404966, "imagen": "SALIX SP.gif", "url_ficha": "https://www.arbolesurbanos.com.ar/salix-alba-sauce-blanco/", "thumbnail": "/iconos/2/SALIX SP.gif" }, "geometry": { "type": "Point", "coordinates": [ -71.356293633605688, -40.15446858404966 ] } },
{ "type": "Feature", "properties": { "nombrevulgar": "Sauce", "nombrecientifico": "Salix alba", "magnitud": 2, "tipo": "Latifoliada", "follaje": "Caduco", "lon": -71.356275983350415, "lat": -40.154414460879522, "imagen": "SALIX SP.gif", "url_ficha": "https://www.arbolesurbanos.com.ar/salix-alba-sauce-blanco/", "thumbnail": "/iconos/2/SALIX SP.gif" }, "geometry": { "type": "Point", "coordinates": [ -71.356275983350415, -40.154414460879522 ] } },
{ "type": "Feature", "properties": { "nombrevulgar": "Sauce", "nombrecientifico": "Salix alba", "magnitud": 2, "tipo": "Latifoliada", "follaje": "Caduco", "lon": -71.356252233068432, "lat": -40.154379487551189, "imagen": "SALIX SP.gif", "url_ficha": "https://www.arbolesurbanos.com.ar/salix-alba-sauce-blanco/", "thumbnail": "/iconos/2/SALIX SP.gif" }, "geometry": { "type": "Point", "coordinates": [ -71.356252233068432, -40.154379487551189 ] } },
{ "type": "Feature", "properties": { "nombrevulgar": "Sauce", "nombrecientifico": "Salix alba", "magnitud": 2, "tipo": "Latifoliada", "follaje": "Caduco", "lon": -71.356232360255277, "lat": -40.154326274426921, "imagen": "SALIX SP.gif", "url_ficha": "https://www.arbolesurbanos.com.ar/salix-alba-sauce-blanco/", "thumbnail": "/iconos/2/SALIX SP.gif" }, "geometry": { "type": "Point", "coordinates": [ -71.356232360255277, -40.154326274426921 ] } },
{ "type": "Feature", "properties": { "nombrevulgar": "Sauce", "nombrecientifico": "Salix alba", "magnitud": 2, "tipo": "Latifoliada", "follaje": "Caduco", "lon": -71.35621767979336, "lat": -40.15429284603384, "imagen": "SALIX SP.gif", "url_ficha": "https://www.arbolesurbanos.com.ar/salix-alba-sauce-blanco/", "thumbnail": "/iconos/2/SALIX SP.gif" }, "geometry": { "type": "Point", "coordinates": [ -71.35621767979336, -40.15429284603384 ] } },
{ "type": "Feature", "properties": { "nombrevulgar": "Sauce", "nombrecientifico": "Salix alba", "magnitud": 2, "tipo": "Latifoliada", "follaje": "Caduco", "lon": -71.356198464466331, "lat": -40.154258645164589, "imagen": "SALIX SP.gif", "url_ficha": "https://www.arbolesurbanos.com.ar/salix-alba-sauce-blanco/", "thumbnail": "/iconos/2/SALIX SP.gif" }, "geometry": { "type": "Point", "coordinates": [ -71.356198464466331, -40.154258645164589 ] } },
{ "type": "Feature", "properties": { "nombrevulgar": "Sauce", "nombrecientifico": "Salix alba", "magnitud": 2, "tipo": "Latifoliada", "follaje": "Caduco", "lon": -71.356162355428651, "lat": -40.154224788237222, "imagen": "SALIX SP.gif", "url_ficha": "https://www.arbolesurbanos.com.ar/salix-alba-sauce-blanco/", "thumbnail": "/iconos/2/SALIX SP.gif" }, "geometry": { "type": "Point", "coordinates": [ -71.356162355428651, -40.154224788237222 ] } },
{ "type": "Feature", "properties": { "nombrevulgar": "Sauce", "nombrecientifico": "Salix alba", "magnitud": 2, "tipo": "Latifoliada", "follaje": "Caduco", "lon": -71.356144356045348, "lat": -40.154193157009139, "imagen": "SALIX SP.gif", "url_ficha": "https://www.arbolesurbanos.com.ar/salix-alba-sauce-blanco/", "thumbnail": "/iconos/2/SALIX SP.gif" }, "geometry": { "type": "Point", "coordinates": [ -71.356144356045348, -40.154193157009139 ] } },
{ "type": "Feature", "properties": { "nombrevulgar": "Sauce", "nombrecientifico": "Salix alba", "magnitud": 2, "tipo": "Latifoliada", "follaje": "Caduco", "lon": -71.356117845421267, "lat": -40.154143538211358, "imagen": "SALIX SP.gif", "url_ficha": "https://www.arbolesurbanos.com.ar/salix-alba-sauce-blanco/", "thumbnail": "/iconos/2/SALIX SP.gif" }, "geometry": { "type": "Point", "coordinates": [ -71.356117845421267, -40.154143538211358 ] } },
{ "type": "Feature", "properties": { "nombrevulgar": "Sauce", "nombrecientifico": "Salix alba", "magnitud": 2, "tipo": "Latifoliada", "follaje": "Caduco", "lon": -71.356106244980268, "lat": -40.154101399074371, "imagen": "SALIX SP.gif", "url_ficha": "https://www.arbolesurbanos.com.ar/salix-alba-sauce-blanco/", "thumbnail": "/iconos/2/SALIX SP.gif" }, "geometry": { "type": "Point", "coordinates": [ -71.356106244980268, -40.154101399074371 ] } },
{ "type": "Feature", "properties": { "nombrevulgar": "Sauce", "nombrecientifico": "Salix alba", "magnitud": 2, "tipo": "Latifoliada", "follaje": "Caduco", "lon": -71.356082755984701, "lat": -40.154060366772875, "imagen": "SALIX SP.gif", "url_ficha": "https://www.arbolesurbanos.com.ar/salix-alba-sauce-blanco/", "thumbnail": "/iconos/2/SALIX SP.gif" }, "geometry": { "type": "Point", "coordinates": [ -71.356082755984701, -40.154060366772875 ] } },
{ "type": "Feature", "properties": { "nombrevulgar": "Sauce", "nombrecientifico": "Salix alba", "magnitud": 2, "tipo": "Latifoliada", "follaje": "Caduco", "lon": -71.350528623250284, "lat": -40.150682007997062, "imagen": "SALIX SP.gif", "url_ficha": "https://www.arbolesurbanos.com.ar/salix-alba-sauce-blanco/", "thumbnail": "/iconos/2/SALIX SP.gif" }, "geometry": { "type": "Point", "coordinates": [ -71.350528623250284, -40.150682007997062 ] } },
{ "type": "Feature", "properties": { "nombrevulgar": "Sauce", "nombrecientifico": "Salix alba", "magnitud": 2, "tipo": "Latifoliada", "follaje": "Caduco", "lon": -71.350395145092023, "lat": -40.150645847508677, "imagen": "SALIX SP.gif", "url_ficha": "https://www.arbolesurbanos.com.ar/salix-alba-sauce-blanco/", "thumbnail": "/iconos/2/SALIX SP.gif" }, "geometry": { "type": "Point", "coordinates": [ -71.350395145092023, -40.150645847508677 ] } },
{ "type": "Feature", "properties": { "nombrevulgar": "Sauce", "nombrecientifico": "Salix alba", "magnitud": 2, "tipo": "Latifoliada", "follaje": "Caduco", "lon": -71.350276873306129, "lat": -40.150616144236011, "imagen": "SALIX SP.gif", "url_ficha": "https://www.arbolesurbanos.com.ar/salix-alba-sauce-blanco/", "thumbnail": "/iconos/2/SALIX SP.gif" }, "geometry": { "type": "Point", "coordinates": [ -71.350276873306129, -40.150616144236011 ] } },
{ "type": "Feature", "properties": { "nombrevulgar": "Sauce", "nombrecientifico": "Salix alba", "magnitud": 2, "tipo": "Latifoliada", "follaje": "Caduco", "lon": -71.350158601520207, "lat": -40.150589023845178, "imagen": "SALIX SP.gif", "url_ficha": "https://www.arbolesurbanos.com.ar/salix-alba-sauce-blanco/", "thumbnail": "/iconos/2/SALIX SP.gif" }, "geometry": { "type": "Point", "coordinates": [ -71.350158601520207, -40.150589023845178 ] } },
{ "type": "Feature", "properties": { "nombrevulgar": "Sauce", "nombrecientifico": "Salix alba", "magnitud": 2, "tipo": "Latifoliada", "follaje": "Caduco", "lon": -71.349790321267932, "lat": -40.150482340386965, "imagen": "SALIX SP.gif", "url_ficha": "https://www.arbolesurbanos.com.ar/salix-alba-sauce-blanco/", "thumbnail": "/iconos/2/SALIX SP.gif" }, "geometry": { "type": "Point", "coordinates": [ -71.349790321267932, -40.150482340386965 ] } },
{ "type": "Feature", "properties": { "nombrevulgar": "Sauce", "nombrecientifico": "Salix alba", "magnitud": 2, "tipo": "Latifoliada", "follaje": "Caduco", "lon": -71.346134622525113, "lat": -40.151602009211096, "imagen": "SALIX SP.gif", "url_ficha": "https://www.arbolesurbanos.com.ar/salix-alba-sauce-blanco/", "thumbnail": "/iconos/2/SALIX SP.gif" }, "geometry": { "type": "Point", "coordinates": [ -71.346134622525113, -40.151602009211096 ] } },
{ "type": "Feature", "properties": { "nombrevulgar": "Sauce", "nombrecientifico": "Salix alba", "magnitud": 2, "tipo": "Latifoliada", "follaje": "Caduco", "lon": -71.346375964581213, "lat": -40.151601926702497, "imagen": "SALIX SP.gif", "url_ficha": "https://www.arbolesurbanos.com.ar/salix-alba-sauce-blanco/", "thumbnail": "/iconos/2/SALIX SP.gif" }, "geometry": { "type": "Point", "coordinates": [ -71.346375964581213, -40.151601926702497 ] } },
{ "type": "Feature", "properties": { "nombrevulgar": "Sauce", "nombrecientifico": "Salix alba", "magnitud": 2, "tipo": "Latifoliada", "follaje": "Caduco", "lon": -71.354377913435442, "lat": -40.153231720286691, "imagen": "SALIX SP.gif", "url_ficha": "https://www.arbolesurbanos.com.ar/salix-alba-sauce-blanco/", "thumbnail": "/iconos/2/SALIX SP.gif" }, "geometry": { "type": "Point", "coordinates": [ -71.354377913435442, -40.153231720286691 ] } },
{ "type": "Feature", "properties": { "nombrevulgar": "Sauce", "nombrecientifico": "Salix alba", "magnitud": 2, "tipo": "Latifoliada", "follaje": "Caduco", "lon": -71.361449442111095, "lat": -40.157843395147907, "imagen": "SALIX SP.gif", "url_ficha": "https://www.arbolesurbanos.com.ar/salix-alba-sauce-blanco/", "thumbnail": "/iconos/2/SALIX SP.gif" }, "geometry": { "type": "Point", "coordinates": [ -71.361449442111095, -40.157843395147907 ] } },
{ "type": "Feature", "properties": { "nombrevulgar": "Sauce", "nombrecientifico": "Salix alba", "magnitud": 2, "tipo": "Latifoliada", "follaje": "Caduco", "lon": -71.360226093079277, "lat": -40.158764285354515, "imagen": "SALIX SP.gif", "url_ficha": "https://www.arbolesurbanos.com.ar/salix-alba-sauce-blanco/", "thumbnail": "/iconos/2/SALIX SP.gif" }, "geometry": { "type": "Point", "coordinates": [ -71.360226093079277, -40.158764285354515 ] } },
{ "type": "Feature", "properties": { "nombrevulgar": "Sauce", "nombrecientifico": "Salix alba", "magnitud": 2, "tipo": "Latifoliada", "follaje": "Caduco", "lon": -71.353478928591301, "lat": -40.148851866922264, "imagen": "SALIX SP.gif", "url_ficha": "https://www.arbolesurbanos.com.ar/salix-alba-sauce-blanco/", "thumbnail": "/iconos/2/SALIX SP.gif" }, "geometry": { "type": "Point", "coordinates": [ -71.353478928591301, -40.148851866922264 ] } },
{ "type": "Feature", "properties": { "nombrevulgar": "Sauce", "nombrecientifico": "Salix alba", "magnitud": 2, "tipo": "Latifoliada", "follaje": "Caduco", "lon": -71.355484942423715, "lat": -40.153667252257641, "imagen": "SALIX SP.gif", "url_ficha": "https://www.arbolesurbanos.com.ar/salix-alba-sauce-blanco/", "thumbnail": "/iconos/2/SALIX SP.gif" }, "geometry": { "type": "Point", "coordinates": [ -71.355484942423715, -40.153667252257641 ] } },
{ "type": "Feature", "properties": { "nombrevulgar": "Sauce", "nombrecientifico": "Salix alba", "magnitud": 2, "tipo": "Latifoliada", "follaje": "Caduco", "lon": -71.355548181426798, "lat": -40.153710009855892, "imagen": "SALIX SP.gif", "url_ficha": "https://www.arbolesurbanos.com.ar/salix-alba-sauce-blanco/", "thumbnail": "/iconos/2/SALIX SP.gif" }, "geometry": { "type": "Point", "coordinates": [ -71.355548181426798, -40.153710009855892 ] } },
{ "type": "Feature", "properties": { "nombrevulgar": "Sauce", "nombrecientifico": "Salix alba", "magnitud": 2, "tipo": "Latifoliada", "follaje": "Caduco", "lon": -71.355645472200763, "lat": -40.153764851083857, "imagen": "SALIX SP.gif", "url_ficha": "https://www.arbolesurbanos.com.ar/salix-alba-sauce-blanco/", "thumbnail": "/iconos/2/SALIX SP.gif" }, "geometry": { "type": "Point", "coordinates": [ -71.355645472200763, -40.153764851083857 ] } },
{ "type": "Feature", "properties": { "nombrevulgar": "Sauce", "nombrecientifico": "Salix alba", "magnitud": 2, "tipo": "Latifoliada", "follaje": "Caduco", "lon": -71.356011441871203, "lat": -40.153931344177323, "imagen": "SALIX SP.gif", "url_ficha": "https://www.arbolesurbanos.com.ar/salix-alba-sauce-blanco/", "thumbnail": "/iconos/2/SALIX SP.gif" }, "geometry": { "type": "Point", "coordinates": [ -71.356011441871203, -40.153931344177323 ] } },
{ "type": "Feature", "properties": { "nombrevulgar": "Alamo negro", "nombrecientifico": "Populus nigra", "magnitud": 1, "tipo": "Latifoliada", "follaje": "Caduco", "lon": -71.358272757056369, "lat": -40.156738814492378, "imagen": "POPULUS NIGRA CV ITALICA.gif", "url_ficha": "https://www.arbolesurbanos.com.ar/populus-nigra-alamo-criollo/", "thumbnail": "/thumbnails/populus-nigra.jpg" }, "geometry": { "type": "Point", "coordinates": [ -71.358272757056369, -40.156738814492378 ] } },
{ "type": "Feature", "properties": { "nombrevulgar": "Alamo negro", "nombrecientifico": "Populus nigra", "magnitud": 1, "tipo": "Latifoliada", "follaje": "Caduco", "lon": -71.358230610948226, "lat": -40.156691994427568, "imagen": "POPULUS NIGRA CV ITALICA.gif", "url_ficha": "https://www.arbolesurbanos.com.ar/populus-nigra-alamo-criollo/", "thumbnail": "/thumbnails/populus-nigra.jpg" }, "geometry": { "type": "Point", "coordinates": [ -71.358230610948226, -40.156691994427568 ] } },
{ "type": "Feature", "properties": { "nombrevulgar": "Alamo negro", "nombrecientifico": "Populus nigra", "magnitud": 1, "tipo": "Latifoliada", "follaje": "Caduco", "lon": -71.358188536597751, "lat": -40.156647245880237, "imagen": "POPULUS NIGRA CV ITALICA.gif", "url_ficha": "https://www.arbolesurbanos.com.ar/populus-nigra-alamo-criollo/", "thumbnail": "/thumbnails/populus-nigra.jpg" }, "geometry": { "type": "Point", "coordinates": [ -71.358188536597751, -40.156647245880237 ] } },
{ "type": "Feature", "properties": { "nombrevulgar": "Alamo negro", "nombrecientifico": "Populus nigra", "magnitud": 1, "tipo": "Latifoliada", "follaje": "Caduco", "lon": -71.358136523491083, "lat": -40.156627575786793, "imagen": "POPULUS NIGRA CV ITALICA.gif", "url_ficha": "https://www.arbolesurbanos.com.ar/populus-nigra-alamo-criollo/", "thumbnail": "/thumbnails/populus-nigra.jpg" }, "geometry": { "type": "Point", "coordinates": [ -71.358136523491083, -40.156627575786793 ] } },
{ "type": "Feature", "properties": { "nombrevulgar": "Alamo negro", "nombrecientifico": "Populus nigra", "magnitud": 1, "tipo": "Latifoliada", "follaje": "Caduco", "lon": -71.358770304409092, "lat": -40.156517228907077, "imagen": "POPULUS NIGRA CV ITALICA.gif", "url_ficha": "https://www.arbolesurbanos.com.ar/populus-nigra-alamo-criollo/", "thumbnail": "/thumbnails/populus-nigra.jpg" }, "geometry": { "type": "Point", "coordinates": [ -71.358770304409092, -40.156517228907077 ] } },
{ "type": "Feature", "properties": { "nombrevulgar": "Alamo negro", "nombrecientifico": "Populus nigra", "magnitud": 1, "tipo": "Latifoliada", "follaje": "Caduco", "lon": -71.358759454426973, "lat": -40.156359902371676, "imagen": "POPULUS NIGRA CV ITALICA.gif", "url_ficha": "https://www.arbolesurbanos.com.ar/populus-nigra-alamo-criollo/", "thumbnail": "/thumbnails/populus-nigra.jpg" }, "geometry": { "type": "Point", "coordinates": [ -71.358759454426973, -40.156359902371676 ] } },
{ "type": "Feature", "properties": { "nombrevulgar": "Alamo negro", "nombrecientifico": "Populus nigra", "magnitud": 1, "tipo": "Latifoliada", "follaje": "Caduco", "lon": -71.358688184341844, "lat": -40.156330260040562, "imagen": "POPULUS NIGRA CV ITALICA.gif", "url_ficha": "https://www.arbolesurbanos.com.ar/populus-nigra-alamo-criollo/", "thumbnail": "/thumbnails/populus-nigra.jpg" }, "geometry": { "type": "Point", "coordinates": [ -71.358688184341844, -40.156330260040562 ] } },
{ "type": "Feature", "properties": { "nombrevulgar": "Alamo negro", "nombrecientifico": "Populus nigra", "magnitud": 1, "tipo": "Latifoliada", "follaje": "Caduco", "lon": -71.358630484937976, "lat": -40.156302414078823, "imagen": "POPULUS NIGRA CV ITALICA.gif", "url_ficha": "https://www.arbolesurbanos.com.ar/populus-nigra-alamo-criollo/", "thumbnail": "/thumbnails/populus-nigra.jpg" }, "geometry": { "type": "Point", "coordinates": [ -71.358630484937976, -40.156302414078823 ] } },
{ "type": "Feature", "properties": { "nombrevulgar": "Alamo negro", "nombrecientifico": "Populus nigra", "magnitud": 1, "tipo": "Latifoliada", "follaje": "Caduco", "lon": -71.359874713811053, "lat": -40.155536084436292, "imagen": "POPULUS NIGRA CV ITALICA.gif", "url_ficha": "https://www.arbolesurbanos.com.ar/populus-nigra-alamo-criollo/", "thumbnail": "/thumbnails/populus-nigra.jpg" }, "geometry": { "type": "Point", "coordinates": [ -71.359874713811053, -40.155536084436292 ] } },
{ "type": "Feature", "properties": { "nombrevulgar": "Alamo negro", "nombrecientifico": "Populus nigra", "magnitud": 1, "tipo": "Latifoliada", "follaje": "Caduco", "lon": -71.359974102129328, "lat": -40.155571714848584, "imagen": "POPULUS NIGRA CV ITALICA.gif", "url_ficha": "https://www.arbolesurbanos.com.ar/populus-nigra-alamo-criollo/", "thumbnail": "/thumbnails/populus-nigra.jpg" }, "geometry": { "type": "Point", "coordinates": [ -71.359974102129328, -40.155571714848584 ] } },
{ "type": "Feature", "properties": { "nombrevulgar": "Alamo negro", "nombrecientifico": "Populus nigra", "magnitud": 1, "tipo": "Latifoliada", "follaje": "Caduco", "lon": -71.360059038763836, "lat": -40.155588786293528, "imagen": "POPULUS NIGRA CV ITALICA.gif", "url_ficha": "https://www.arbolesurbanos.com.ar/populus-nigra-alamo-criollo/", "thumbnail": "/thumbnails/populus-nigra.jpg" }, "geometry": { "type": "Point", "coordinates": [ -71.360059038763836, -40.155588786293528 ] } },
{ "type": "Feature", "properties": { "nombrevulgar": "Alamo negro", "nombrecientifico": "Populus nigra", "magnitud": 1, "tipo": "Latifoliada", "follaje": "Caduco", "lon": -71.359817625855342, "lat": -40.155518207334367, "imagen": "POPULUS NIGRA CV ITALICA.gif", "url_ficha": "https://www.arbolesurbanos.com.ar/populus-nigra-alamo-criollo/", "thumbnail": "/thumbnails/populus-nigra.jpg" }, "geometry": { "type": "Point", "coordinates": [ -71.359817625855342, -40.155518207334367 ] } },
{ "type": "Feature", "properties": { "nombrevulgar": "Alamo negro", "nombrecientifico": "Populus nigra", "magnitud": 1, "tipo": "Latifoliada", "follaje": "Caduco", "lon": -71.358185619654307, "lat": -40.155921711995695, "imagen": "POPULUS NIGRA CV ITALICA.gif", "url_ficha": "https://www.arbolesurbanos.com.ar/populus-nigra-alamo-criollo/", "thumbnail": "/thumbnails/populus-nigra.jpg" }, "geometry": { "type": "Point", "coordinates": [ -71.358185619654307, -40.155921711995695 ] } },
{ "type": "Feature", "properties": { "nombrevulgar": "Alamo negro", "nombrecientifico": "Populus nigra", "magnitud": 1, "tipo": "Latifoliada", "follaje": "Caduco", "lon": -71.358359179745023, "lat": -40.156780124990483, "imagen": "POPULUS NIGRA CV ITALICA.gif", "url_ficha": "https://www.arbolesurbanos.com.ar/populus-nigra-alamo-criollo/", "thumbnail": "/thumbnails/populus-nigra.jpg" }, "geometry": { "type": "Point", "coordinates": [ -71.358359179745023, -40.156780124990483 ] } },
{ "type": "Feature", "properties": { "nombrevulgar": "Alamo negro", "nombrecientifico": "Populus nigra", "magnitud": 1, "tipo": "Latifoliada", "follaje": "Caduco", "lon": -71.358378277234053, "lat": -40.156680951035462, "imagen": "POPULUS NIGRA CV ITALICA.gif", "url_ficha": "https://www.arbolesurbanos.com.ar/populus-nigra-alamo-criollo/", "thumbnail": "/thumbnails/populus-nigra.jpg" }, "geometry": { "type": "Point", "coordinates": [ -71.358378277234053, -40.156680951035462 ] } },
{ "type": "Feature", "properties": { "nombrevulgar": "Alamo negro", "nombrecientifico": "Populus nigra", "magnitud": 1, "tipo": "Latifoliada", "follaje": "Caduco", "lon": -71.358446503909661, "lat": -40.156699317594615, "imagen": "POPULUS NIGRA CV ITALICA.gif", "url_ficha": "https://www.arbolesurbanos.com.ar/populus-nigra-alamo-criollo/", "thumbnail": "/thumbnails/populus-nigra.jpg" }, "geometry": { "type": "Point", "coordinates": [ -71.358446503909661, -40.156699317594615 ] } },
{ "type": "Feature", "properties": { "nombrevulgar": "Alamo negro", "nombrecientifico": "Populus nigra", "magnitud": 1, "tipo": "Latifoliada", "follaje": "Caduco", "lon": -71.359933574277662, "lat": -40.153503303145889, "imagen": "POPULUS NIGRA CV ITALICA.gif", "url_ficha": "https://www.arbolesurbanos.com.ar/populus-nigra-alamo-criollo/", "thumbnail": "/thumbnails/populus-nigra.jpg" }, "geometry": { "type": "Point", "coordinates": [ -71.359933574277662, -40.153503303145889 ] } },
{ "type": "Feature", "properties": { "nombrevulgar": "Alamo negro", "nombrecientifico": "Populus nigra", "magnitud": 1, "tipo": "Latifoliada", "follaje": "Caduco", "lon": -71.35986993595607, "lat": -40.153466321822002, "imagen": "POPULUS NIGRA CV ITALICA.gif", "url_ficha": "https://www.arbolesurbanos.com.ar/populus-nigra-alamo-criollo/", "thumbnail": "/thumbnails/populus-nigra.jpg" }, "geometry": { "type": "Point", "coordinates": [ -71.35986993595607, -40.153466321822002 ] } },
{ "type": "Feature", "properties": { "nombrevulgar": "Alamo negro", "nombrecientifico": "Populus nigra", "magnitud": 1, "tipo": "Latifoliada", "follaje": "Caduco", "lon": -71.35305998098687, "lat": -40.151553083378964, "imagen": "POPULUS NIGRA CV ITALICA.gif", "url_ficha": "https://www.arbolesurbanos.com.ar/populus-nigra-alamo-criollo/", "thumbnail": "/thumbnails/populus-nigra.jpg" }, "geometry": { "type": "Point", "coordinates": [ -71.35305998098687, -40.151553083378964 ] } },
{ "type": "Feature", "properties": { "nombrevulgar": "Alamo negro", "nombrecientifico": "Populus nigra", "magnitud": 1, "tipo": "Latifoliada", "follaje": "Caduco", "lon": -71.349963739702432, "lat": -40.15046096086742, "imagen": "POPULUS NIGRA CV ITALICA.gif", "url_ficha": "https://www.arbolesurbanos.com.ar/populus-nigra-alamo-criollo/", "thumbnail": "/thumbnails/populus-nigra.jpg" }, "geometry": { "type": "Point", "coordinates": [ -71.349963739702432, -40.15046096086742 ] } },
{ "type": "Feature", "properties": { "nombrevulgar": "Alamo negro", "nombrecientifico": "Populus nigra", "magnitud": 1, "tipo": "Latifoliada", "follaje": "Caduco", "lon": -71.349943600787469, "lat": -40.150458395324542, "imagen": "POPULUS NIGRA CV ITALICA.gif", "url_ficha": "https://www.arbolesurbanos.com.ar/populus-nigra-alamo-criollo/", "thumbnail": "/thumbnails/populus-nigra.jpg" }, "geometry": { "type": "Point", "coordinates": [ -71.349943600787469, -40.150458395324542 ] } },
{ "type": "Feature", "properties": { "nombrevulgar": "Alamo negro", "nombrecientifico": "Populus nigra", "magnitud": 1, "tipo": "Latifoliada", "follaje": "Caduco", "lon": -71.349980522131617, "lat": -40.150480630025633, "imagen": "POPULUS NIGRA CV ITALICA.gif", "url_ficha": "https://www.arbolesurbanos.com.ar/populus-nigra-alamo-criollo/", "thumbnail": "/thumbnails/populus-nigra.jpg" }, "geometry": { "type": "Point", "coordinates": [ -71.349980522131617, -40.150480630025633 ] } },
{ "type": "Feature", "properties": { "nombrevulgar": "Alamo negro", "nombrecientifico": "Populus nigra", "magnitud": 1, "tipo": "Latifoliada", "follaje": "Caduco", "lon": -71.359971012592183, "lat": -40.15741062637327, "imagen": "POPULUS NIGRA CV ITALICA.gif", "url_ficha": "https://www.arbolesurbanos.com.ar/populus-nigra-alamo-criollo/", "thumbnail": "/thumbnails/populus-nigra.jpg" }, "geometry": { "type": "Point", "coordinates": [ -71.359971012592183, -40.15741062637327 ] } },
{ "type": "Feature", "properties": { "nombrevulgar": "Alamo negro", "nombrecientifico": "Populus nigra", "magnitud": 1, "tipo": "Latifoliada", "follaje": "Caduco", "lon": -71.359906311532754, "lat": -40.1573299025426, "imagen": "POPULUS NIGRA CV ITALICA.gif", "url_ficha": "https://www.arbolesurbanos.com.ar/populus-nigra-alamo-criollo/", "thumbnail": "/thumbnails/populus-nigra.jpg" }, "geometry": { "type": "Point", "coordinates": [ -71.359906311532754, -40.1573299025426 ] } },
{ "type": "Feature", "properties": { "nombrevulgar": "Alamo negro", "nombrecientifico": "Populus nigra", "magnitud": 1, "tipo": "Latifoliada", "follaje": "Caduco", "lon": -71.35996951180681, "lat": -40.157204829207195, "imagen": "POPULUS NIGRA CV ITALICA.gif", "url_ficha": "https://www.arbolesurbanos.com.ar/populus-nigra-alamo-criollo/", "thumbnail": "/thumbnails/populus-nigra.jpg" }, "geometry": { "type": "Point", "coordinates": [ -71.35996951180681, -40.157204829207195 ] } },
{ "type": "Feature", "properties": { "nombrevulgar": "Alamo negro", "nombrecientifico": "Populus nigra", "magnitud": 1, "tipo": "Latifoliada", "follaje": "Caduco", "lon": -71.359974681029925, "lat": -40.15702912247334, "imagen": "POPULUS NIGRA CV ITALICA.gif", "url_ficha": "https://www.arbolesurbanos.com.ar/populus-nigra-alamo-criollo/", "thumbnail": "/thumbnails/populus-nigra.jpg" }, "geometry": { "type": "Point", "coordinates": [ -71.359974681029925, -40.15702912247334 ] } },
{ "type": "Feature", "properties": { "nombrevulgar": "Alamo negro", "nombrecientifico": "Populus nigra", "magnitud": 1, "tipo": "Latifoliada", "follaje": "Caduco", "lon": -71.359978274607158, "lat": -40.156862083997318, "imagen": "POPULUS NIGRA CV ITALICA.gif", "url_ficha": "https://www.arbolesurbanos.com.ar/populus-nigra-alamo-criollo/", "thumbnail": "/thumbnails/populus-nigra.jpg" }, "geometry": { "type": "Point", "coordinates": [ -71.359978274607158, -40.156862083997318 ] } },
{ "type": "Feature", "properties": { "nombrevulgar": "Alamo negro", "nombrecientifico": "Populus nigra", "magnitud": 1, "tipo": "Latifoliada", "follaje": "Caduco", "lon": -71.360869849064272, "lat": -40.157965894720583, "imagen": "POPULUS NIGRA CV ITALICA.gif", "url_ficha": "https://www.arbolesurbanos.com.ar/populus-nigra-alamo-criollo/", "thumbnail": "/thumbnails/populus-nigra.jpg" }, "geometry": { "type": "Point", "coordinates": [ -71.360869849064272, -40.157965894720583 ] } },
{ "type": "Feature", "properties": { "nombrevulgar": "Alamo negro", "nombrecientifico": "Populus nigra", "magnitud": 1, "tipo": "Latifoliada", "follaje": "Caduco", "lon": -71.360837291437008, "lat": -40.157967876456446, "imagen": "POPULUS NIGRA CV ITALICA.gif", "url_ficha": "https://www.arbolesurbanos.com.ar/populus-nigra-alamo-criollo/", "thumbnail": "/thumbnails/populus-nigra.jpg" }, "geometry": { "type": "Point", "coordinates": [ -71.360837291437008, -40.157967876456446 ] } },
{ "type": "Feature", "properties": { "nombrevulgar": "Alamo negro", "nombrecientifico": "Populus nigra", "magnitud": 1, "tipo": "Latifoliada", "follaje": "Caduco", "lon": -71.360837035429626, "lat": -40.158010043262117, "imagen": "POPULUS NIGRA CV ITALICA.gif", "url_ficha": "https://www.arbolesurbanos.com.ar/populus-nigra-alamo-criollo/", "thumbnail": "/thumbnails/populus-nigra.jpg" }, "geometry": { "type": "Point", "coordinates": [ -71.360837035429626, -40.158010043262117 ] } },
{ "type": "Feature", "properties": { "nombrevulgar": "Alamo negro", "nombrecientifico": "Populus nigra", "magnitud": 1, "tipo": "Latifoliada", "follaje": "Caduco", "lon": -71.351530972734651, "lat": -40.149886045733119, "imagen": "POPULUS NIGRA CV ITALICA.gif", "url_ficha": "https://www.arbolesurbanos.com.ar/populus-nigra-alamo-criollo/", "thumbnail": "/thumbnails/populus-nigra.jpg" }, "geometry": { "type": "Point", "coordinates": [ -71.351530972734651, -40.149886045733119 ] } },
{ "type": "Feature", "properties": { "nombrevulgar": "Alamo negro", "nombrecientifico": "Populus nigra", "magnitud": 1, "tipo": "Latifoliada", "follaje": "Caduco", "lon": -71.352203677887971, "lat": -40.14886163037044, "imagen": "POPULUS NIGRA CV ITALICA.gif", "url_ficha": "https://www.arbolesurbanos.com.ar/populus-nigra-alamo-criollo/", "thumbnail": "/thumbnails/populus-nigra.jpg" }, "geometry": { "type": "Point", "coordinates": [ -71.352203677887971, -40.14886163037044 ] } },
{ "type": "Feature", "properties": { "nombrevulgar": "Alamo negro", "nombrecientifico": "Populus nigra", "magnitud": 1, "tipo": "Latifoliada", "follaje": "Caduco", "lon": -71.352281597403774, "lat": -40.148718687463486, "imagen": "POPULUS NIGRA CV ITALICA.gif", "url_ficha": "https://www.arbolesurbanos.com.ar/populus-nigra-alamo-criollo/", "thumbnail": "/thumbnails/populus-nigra.jpg" }, "geometry": { "type": "Point", "coordinates": [ -71.352281597403774, -40.148718687463486 ] } },
{ "type": "Feature", "properties": { "nombrevulgar": "Alamo negro", "nombrecientifico": "Populus nigra", "magnitud": 1, "tipo": "Latifoliada", "follaje": "Caduco", "lon": -71.35232575179603, "lat": -40.148629347993975, "imagen": "POPULUS NIGRA CV ITALICA.gif", "url_ficha": "https://www.arbolesurbanos.com.ar/populus-nigra-alamo-criollo/", "thumbnail": "/thumbnails/populus-nigra.jpg" }, "geometry": { "type": "Point", "coordinates": [ -71.35232575179603, -40.148629347993975 ] } },
{ "type": "Feature", "properties": { "nombrevulgar": "Alamo negro", "nombrecientifico": "Populus nigra", "magnitud": 1, "tipo": "Latifoliada", "follaje": "Caduco", "lon": -71.352591806081122, "lat": -40.148411358866824, "imagen": "POPULUS NIGRA CV ITALICA.gif", "url_ficha": "https://www.arbolesurbanos.com.ar/populus-nigra-alamo-criollo/", "thumbnail": "/thumbnails/populus-nigra.jpg" }, "geometry": { "type": "Point", "coordinates": [ -71.352591806081122, -40.148411358866824 ] } },
{ "type": "Feature", "properties": { "nombrevulgar": "Alamo negro", "nombrecientifico": "Populus nigra", "magnitud": 1, "tipo": "Latifoliada", "follaje": "Caduco", "lon": -71.353858708391968, "lat": -40.150056148418415, "imagen": "POPULUS NIGRA CV ITALICA.gif", "url_ficha": "https://www.arbolesurbanos.com.ar/populus-nigra-alamo-criollo/", "thumbnail": "/thumbnails/populus-nigra.jpg" }, "geometry": { "type": "Point", "coordinates": [ -71.353858708391968, -40.150056148418415 ] } },
{ "type": "Feature", "properties": { "nombrevulgar": "Alamo negro", "nombrecientifico": "Populus nigra", "magnitud": 1, "tipo": "Latifoliada", "follaje": "Caduco", "lon": -71.35530617062642, "lat": -40.153581736980293, "imagen": "POPULUS NIGRA CV ITALICA.gif", "url_ficha": "https://www.arbolesurbanos.com.ar/populus-nigra-alamo-criollo/", "thumbnail": "/thumbnails/populus-nigra.jpg" }, "geometry": { "type": "Point", "coordinates": [ -71.35530617062642, -40.153581736980293 ] } },
{ "type": "Feature", "properties": { "nombrevulgar": "Alamo negro", "nombrecientifico": "Populus nigra", "magnitud": 1, "tipo": "Latifoliada", "follaje": "Caduco", "lon": -71.357429502363232, "lat": -40.154624853559511, "imagen": "POPULUS NIGRA CV ITALICA.gif", "url_ficha": "https://www.arbolesurbanos.com.ar/populus-nigra-alamo-criollo/", "thumbnail": "/thumbnails/populus-nigra.jpg" }, "geometry": { "type": "Point", "coordinates": [ -71.357429502363232, -40.154624853559511 ] } },
{ "type": "Feature", "properties": { "nombrevulgar": "Alamo negro", "nombrecientifico": "Populus nigra", "magnitud": 1, "tipo": "Latifoliada", "follaje": "Caduco", "lon": -71.357387432097951, "lat": -40.154613277903877, "imagen": "POPULUS NIGRA CV ITALICA.gif", "url_ficha": "https://www.arbolesurbanos.com.ar/populus-nigra-alamo-criollo/", "thumbnail": "/thumbnails/populus-nigra.jpg" }, "geometry": { "type": "Point", "coordinates": [ -71.357387432097951, -40.154613277903877 ] } },
{ "type": "Feature", "properties": { "nombrevulgar": "Alamo negro", "nombrecientifico": "Populus nigra", "magnitud": 1, "tipo": "Latifoliada", "follaje": "Caduco", "lon": -71.357325168105376, "lat": -40.154593985139961, "imagen": "POPULUS NIGRA CV ITALICA.gif", "url_ficha": "https://www.arbolesurbanos.com.ar/populus-nigra-alamo-criollo/", "thumbnail": "/thumbnails/populus-nigra.jpg" }, "geometry": { "type": "Point", "coordinates": [ -71.357325168105376, -40.154593985139961 ] } },
{ "type": "Feature", "properties": { "nombrevulgar": "Alamo negro", "nombrecientifico": "Populus nigra", "magnitud": 1, "tipo": "Latifoliada", "follaje": "Caduco", "lon": -71.356155614731307, "lat": -40.155535465624105, "imagen": "POPULUS NIGRA CV ITALICA.gif", "url_ficha": "https://www.arbolesurbanos.com.ar/populus-nigra-alamo-criollo/", "thumbnail": "/thumbnails/populus-nigra.jpg" }, "geometry": { "type": "Point", "coordinates": [ -71.356155614731307, -40.155535465624105 ] } },
{ "type": "Feature", "properties": { "nombrevulgar": "Espino albar", "nombrecientifico": "Crataegus monogyna", "magnitud": 3, "tipo": "Latifoliada", "follaje": "Caduco", "lon": -71.358771785022512, "lat": -40.156481957800793, "imagen": "CRATEAGUS MONOGYNA.gif", "url_ficha": "https://www.arbolesurbanos.com.ar/crateagus-monogyna-epino-albar/", "thumbnail": "/thumbnails/espino-blanco.jpg" }, "geometry": { "type": "Point", "coordinates": [ -71.358771785022512, -40.156481957800793 ] } },
{ "type": "Feature", "properties": { "nombrevulgar": "Espino albar", "nombrecientifico": "Crataegus monogyna", "magnitud": 3, "tipo": "Latifoliada", "follaje": "Caduco", "lon": -71.356830385153785, "lat": -40.155255754665639, "imagen": "CRATEAGUS MONOGYNA.gif", "url_ficha": "https://www.arbolesurbanos.com.ar/crateagus-monogyna-epino-albar/", "thumbnail": "/thumbnails/espino-blanco.jpg" }, "geometry": { "type": "Point", "coordinates": [ -71.356830385153785, -40.155255754665639 ] } },
{ "type": "Feature", "properties": { "nombrevulgar": "Espino albar", "nombrecientifico": "Crataegus monogyna", "magnitud": 3, "tipo": "Latifoliada", "follaje": "Caduco", "lon": -71.357045054308685, "lat": -40.155330286538614, "imagen": "CRATEAGUS MONOGYNA.gif", "url_ficha": "https://www.arbolesurbanos.com.ar/crateagus-monogyna-epino-albar/", "thumbnail": "/thumbnails/espino-blanco.jpg" }, "geometry": { "type": "Point", "coordinates": [ -71.357045054308685, -40.155330286538614 ] } },
{ "type": "Feature", "properties": { "nombrevulgar": "Espino albar", "nombrecientifico": "Crataegus monogyna", "magnitud": 3, "tipo": "Latifoliada", "follaje": "Caduco", "lon": -71.357213260552157, "lat": -40.155362202897983, "imagen": "CRATEAGUS MONOGYNA.gif", "url_ficha": "https://www.arbolesurbanos.com.ar/crateagus-monogyna-epino-albar/", "thumbnail": "/thumbnails/espino-blanco.jpg" }, "geometry": { "type": "Point", "coordinates": [ -71.357213260552157, -40.155362202897983 ] } },
{ "type": "Feature", "properties": { "nombrevulgar": "Espino albar", "nombrecientifico": "Crataegus monogyna", "magnitud": 3, "tipo": "Latifoliada", "follaje": "Caduco", "lon": -71.357489688065272, "lat": -40.155399471436247, "imagen": "CRATEAGUS MONOGYNA.gif", "url_ficha": "https://www.arbolesurbanos.com.ar/crateagus-monogyna-epino-albar/", "thumbnail": "/thumbnails/espino-blanco.jpg" }, "geometry": { "type": "Point", "coordinates": [ -71.357489688065272, -40.155399471436247 ] } },
{ "type": "Feature", "properties": { "nombrevulgar": "Espino albar", "nombrecientifico": "Crataegus monogyna", "magnitud": 3, "tipo": "Latifoliada", "follaje": "Caduco", "lon": -71.357541419268742, "lat": -40.155398417612247, "imagen": "CRATEAGUS MONOGYNA.gif", "url_ficha": "https://www.arbolesurbanos.com.ar/crateagus-monogyna-epino-albar/", "thumbnail": "/thumbnails/espino-blanco.jpg" }, "geometry": { "type": "Point", "coordinates": [ -71.357541419268742, -40.155398417612247 ] } },
{ "type": "Feature", "properties": { "nombrevulgar": "Espino albar", "nombrecientifico": "Crataegus monogyna", "magnitud": 3, "tipo": "Latifoliada", "follaje": "Caduco", "lon": -71.35758588289265, "lat": -40.155374340825539, "imagen": "CRATEAGUS MONOGYNA.gif", "url_ficha": "https://www.arbolesurbanos.com.ar/crateagus-monogyna-epino-albar/", "thumbnail": "/thumbnails/espino-blanco.jpg" }, "geometry": { "type": "Point", "coordinates": [ -71.35758588289265, -40.155374340825539 ] } },
{ "type": "Feature", "properties": { "nombrevulgar": "Espino albar", "nombrecientifico": "Crataegus monogyna", "magnitud": 3, "tipo": "Latifoliada", "follaje": "Caduco", "lon": -71.357464528197895, "lat": -40.155482737510845, "imagen": "CRATEAGUS MONOGYNA.gif", "url_ficha": "https://www.arbolesurbanos.com.ar/crateagus-monogyna-epino-albar/", "thumbnail": "/thumbnails/espino-blanco.jpg" }, "geometry": { "type": "Point", "coordinates": [ -71.357464528197895, -40.155482737510845 ] } },
{ "type": "Feature", "properties": { "nombrevulgar": "Espino albar", "nombrecientifico": "Crataegus monogyna", "magnitud": 3, "tipo": "Latifoliada", "follaje": "Caduco", "lon": -71.359339256657279, "lat": -40.154953618348976, "imagen": "CRATEAGUS MONOGYNA.gif", "url_ficha": "https://www.arbolesurbanos.com.ar/crateagus-monogyna-epino-albar/", "thumbnail": "/thumbnails/espino-blanco.jpg" }, "geometry": { "type": "Point", "coordinates": [ -71.359339256657279, -40.154953618348976 ] } },
{ "type": "Feature", "properties": { "nombrevulgar": "Espino albar", "nombrecientifico": "Crataegus monogyna", "magnitud": 3, "tipo": "Latifoliada", "follaje": "Caduco", "lon": -71.360442696321357, "lat": -40.154333173465062, "imagen": "CRATEAGUS MONOGYNA.gif", "url_ficha": "https://www.arbolesurbanos.com.ar/crateagus-monogyna-epino-albar/", "thumbnail": "/thumbnails/espino-blanco.jpg" }, "geometry": { "type": "Point", "coordinates": [ -71.360442696321357, -40.154333173465062 ] } },
{ "type": "Feature", "properties": { "nombrevulgar": "Espino albar", "nombrecientifico": "Crataegus monogyna", "magnitud": 3, "tipo": "Latifoliada", "follaje": "Caduco", "lon": -71.360877935086265, "lat": -40.154250996222643, "imagen": "CRATEAGUS MONOGYNA.gif", "url_ficha": "https://www.arbolesurbanos.com.ar/crateagus-monogyna-epino-albar/", "thumbnail": "/thumbnails/espino-blanco.jpg" }, "geometry": { "type": "Point", "coordinates": [ -71.360877935086265, -40.154250996222643 ] } },
{ "type": "Feature", "properties": { "nombrevulgar": "Espino albar", "nombrecientifico": "Crataegus monogyna", "magnitud": 3, "tipo": "Latifoliada", "follaje": "Caduco", "lon": -71.3609524272361, "lat": -40.154206487195324, "imagen": "CRATEAGUS MONOGYNA.gif", "url_ficha": "https://www.arbolesurbanos.com.ar/crateagus-monogyna-epino-albar/", "thumbnail": "/thumbnails/espino-blanco.jpg" }, "geometry": { "type": "Point", "coordinates": [ -71.3609524272361, -40.154206487195324 ] } },
{ "type": "Feature", "properties": { "nombrevulgar": "Espino albar", "nombrecientifico": "Crataegus monogyna", "magnitud": 3, "tipo": "Latifoliada", "follaje": "Caduco", "lon": -71.358525868464255, "lat": -40.156043950179921, "imagen": "CRATEAGUS MONOGYNA.gif", "url_ficha": "https://www.arbolesurbanos.com.ar/crateagus-monogyna-epino-albar/", "thumbnail": "/thumbnails/espino-blanco.jpg" }, "geometry": { "type": "Point", "coordinates": [ -71.358525868464255, -40.156043950179921 ] } },
{ "type": "Feature", "properties": { "nombrevulgar": "Espino albar", "nombrecientifico": "Crataegus monogyna", "magnitud": 3, "tipo": "Latifoliada", "follaje": "Caduco", "lon": -71.358417505418188, "lat": -40.157163338616172, "imagen": "CRATEAGUS MONOGYNA.gif", "url_ficha": "https://www.arbolesurbanos.com.ar/crateagus-monogyna-epino-albar/", "thumbnail": "/thumbnails/espino-blanco.jpg" }, "geometry": { "type": "Point", "coordinates": [ -71.358417505418188, -40.157163338616172 ] } },
{ "type": "Feature", "properties": { "nombrevulgar": "Espino albar", "nombrecientifico": "Crataegus monogyna", "magnitud": 3, "tipo": "Latifoliada", "follaje": "Caduco", "lon": -71.359655077615415, "lat": -40.154085839569731, "imagen": "CRATEAGUS MONOGYNA.gif", "url_ficha": "https://www.arbolesurbanos.com.ar/crateagus-monogyna-epino-albar/", "thumbnail": "/thumbnails/espino-blanco.jpg" }, "geometry": { "type": "Point", "coordinates": [ -71.359655077615415, -40.154085839569731 ] } },
{ "type": "Feature", "properties": { "nombrevulgar": "Espino albar", "nombrecientifico": "Crataegus monogyna", "magnitud": 3, "tipo": "Latifoliada", "follaje": "Caduco", "lon": -71.35948408236375, "lat": -40.154010540748381, "imagen": "CRATEAGUS MONOGYNA.gif", "url_ficha": "https://www.arbolesurbanos.com.ar/crateagus-monogyna-epino-albar/", "thumbnail": "/thumbnails/espino-blanco.jpg" }, "geometry": { "type": "Point", "coordinates": [ -71.35948408236375, -40.154010540748381 ] } },
{ "type": "Feature", "properties": { "nombrevulgar": "Espino albar", "nombrecientifico": "Crataegus monogyna", "magnitud": 3, "tipo": "Latifoliada", "follaje": "Caduco", "lon": -71.357205735376454, "lat": -40.153235675263261, "imagen": "CRATEAGUS MONOGYNA.gif", "url_ficha": "https://www.arbolesurbanos.com.ar/crateagus-monogyna-epino-albar/", "thumbnail": "/thumbnails/espino-blanco.jpg" }, "geometry": { "type": "Point", "coordinates": [ -71.357205735376454, -40.153235675263261 ] } },
{ "type": "Feature", "properties": { "nombrevulgar": "Espino albar", "nombrecientifico": "Crataegus monogyna", "magnitud": 3, "tipo": "Latifoliada", "follaje": "Caduco", "lon": -71.357066017156811, "lat": -40.15319430755882, "imagen": "CRATEAGUS MONOGYNA.gif", "url_ficha": "https://www.arbolesurbanos.com.ar/crateagus-monogyna-epino-albar/", "thumbnail": "/thumbnails/espino-blanco.jpg" }, "geometry": { "type": "Point", "coordinates": [ -71.357066017156811, -40.15319430755882 ] } },
{ "type": "Feature", "properties": { "nombrevulgar": "Espino albar", "nombrecientifico": "Crataegus monogyna", "magnitud": 3, "tipo": "Latifoliada", "follaje": "Caduco", "lon": -71.356978884382343, "lat": -40.153173975443536, "imagen": "CRATEAGUS MONOGYNA.gif", "url_ficha": "https://www.arbolesurbanos.com.ar/crateagus-monogyna-epino-albar/", "thumbnail": "/thumbnails/espino-blanco.jpg" }, "geometry": { "type": "Point", "coordinates": [ -71.356978884382343, -40.153173975443536 ] } },
{ "type": "Feature", "properties": { "nombrevulgar": "Espino albar", "nombrecientifico": "Crataegus monogyna", "magnitud": 3, "tipo": "Latifoliada", "follaje": "Caduco", "lon": -71.356649460102332, "lat": -40.153024009752968, "imagen": "CRATEAGUS MONOGYNA.gif", "url_ficha": "https://www.arbolesurbanos.com.ar/crateagus-monogyna-epino-albar/", "thumbnail": "/thumbnails/espino-blanco.jpg" }, "geometry": { "type": "Point", "coordinates": [ -71.356649460102332, -40.153024009752968 ] } },
{ "type": "Feature", "properties": { "nombrevulgar": "Espino albar", "nombrecientifico": "Crataegus monogyna", "magnitud": 3, "tipo": "Latifoliada", "follaje": "Caduco", "lon": -71.356459830181691, "lat": -40.152983577202448, "imagen": "CRATEAGUS MONOGYNA.gif", "url_ficha": "https://www.arbolesurbanos.com.ar/crateagus-monogyna-epino-albar/", "thumbnail": "/thumbnails/espino-blanco.jpg" }, "geometry": { "type": "Point", "coordinates": [ -71.356459830181691, -40.152983577202448 ] } },
{ "type": "Feature", "properties": { "nombrevulgar": "Espino albar", "nombrecientifico": "Crataegus monogyna", "magnitud": 3, "tipo": "Latifoliada", "follaje": "Caduco", "lon": -71.356596459542516, "lat": -40.153015459902505, "imagen": "CRATEAGUS MONOGYNA.gif", "url_ficha": "https://www.arbolesurbanos.com.ar/crateagus-monogyna-epino-albar/", "thumbnail": "/thumbnails/espino-blanco.jpg" }, "geometry": { "type": "Point", "coordinates": [ -71.356596459542516, -40.153015459902505 ] } },
{ "type": "Feature", "properties": { "nombrevulgar": "Espino albar", "nombrecientifico": "Crataegus monogyna", "magnitud": 3, "tipo": "Latifoliada", "follaje": "Caduco", "lon": -71.356548009097821, "lat": -40.152993336624043, "imagen": "CRATEAGUS MONOGYNA.gif", "url_ficha": "https://www.arbolesurbanos.com.ar/crateagus-monogyna-epino-albar/", "thumbnail": "/thumbnails/espino-blanco.jpg" }, "geometry": { "type": "Point", "coordinates": [ -71.356548009097821, -40.152993336624043 ] } },
{ "type": "Feature", "properties": { "nombrevulgar": "Espino albar", "nombrecientifico": "Crataegus monogyna", "magnitud": 3, "tipo": "Latifoliada", "follaje": "Caduco", "lon": -71.356507415410078, "lat": -40.152980682453475, "imagen": "CRATEAGUS MONOGYNA.gif", "url_ficha": "https://www.arbolesurbanos.com.ar/crateagus-monogyna-epino-albar/", "thumbnail": "/thumbnails/espino-blanco.jpg" }, "geometry": { "type": "Point", "coordinates": [ -71.356507415410078, -40.152980682453475 ] } },
{ "type": "Feature", "properties": { "nombrevulgar": "Espino albar", "nombrecientifico": "Crataegus monogyna", "magnitud": 3, "tipo": "Latifoliada", "follaje": "Caduco", "lon": -71.354712048308912, "lat": -40.152756498819045, "imagen": "CRATEAGUS MONOGYNA.gif", "url_ficha": "https://www.arbolesurbanos.com.ar/crateagus-monogyna-epino-albar/", "thumbnail": "/thumbnails/espino-blanco.jpg" }, "geometry": { "type": "Point", "coordinates": [ -71.354712048308912, -40.152756498819045 ] } },
{ "type": "Feature", "properties": { "nombrevulgar": "Espino albar", "nombrecientifico": "Crataegus monogyna", "magnitud": 3, "tipo": "Latifoliada", "follaje": "Caduco", "lon": -71.355927615445381, "lat": -40.153704432779428, "imagen": "CRATEAGUS MONOGYNA.gif", "url_ficha": "https://www.arbolesurbanos.com.ar/crateagus-monogyna-epino-albar/", "thumbnail": "/thumbnails/espino-blanco.jpg" }, "geometry": { "type": "Point", "coordinates": [ -71.355927615445381, -40.153704432779428 ] } },
{ "type": "Feature", "properties": { "nombrevulgar": "Espino albar", "nombrecientifico": "Crataegus monogyna", "magnitud": 3, "tipo": "Latifoliada", "follaje": "Caduco", "lon": -71.356465383046682, "lat": -40.152913381620976, "imagen": "CRATEAGUS MONOGYNA.gif", "url_ficha": "https://www.arbolesurbanos.com.ar/crateagus-monogyna-epino-albar/", "thumbnail": "/thumbnails/espino-blanco.jpg" }, "geometry": { "type": "Point", "coordinates": [ -71.356465383046682, -40.152913381620976 ] } },
{ "type": "Feature", "properties": { "nombrevulgar": "Espino albar", "nombrecientifico": "Crataegus monogyna", "magnitud": 3, "tipo": "Latifoliada", "follaje": "Caduco", "lon": -71.356503011977679, "lat": -40.152927005146317, "imagen": "CRATEAGUS MONOGYNA.gif", "url_ficha": "https://www.arbolesurbanos.com.ar/crateagus-monogyna-epino-albar/", "thumbnail": "/thumbnails/espino-blanco.jpg" }, "geometry": { "type": "Point", "coordinates": [ -71.356503011977679, -40.152927005146317 ] } },
{ "type": "Feature", "properties": { "nombrevulgar": "Espino albar", "nombrecientifico": "Crataegus monogyna", "magnitud": 3, "tipo": "Latifoliada", "follaje": "Caduco", "lon": -71.356562426079279, "lat": -40.15295727963715, "imagen": "CRATEAGUS MONOGYNA.gif", "url_ficha": "https://www.arbolesurbanos.com.ar/crateagus-monogyna-epino-albar/", "thumbnail": "/thumbnails/espino-blanco.jpg" }, "geometry": { "type": "Point", "coordinates": [ -71.356562426079279, -40.15295727963715 ] } },
{ "type": "Feature", "properties": { "nombrevulgar": "Espino albar", "nombrecientifico": "Crataegus monogyna", "magnitud": 3, "tipo": "Latifoliada", "follaje": "Caduco", "lon": -71.356615898770727, "lat": -40.152970903153694, "imagen": "CRATEAGUS MONOGYNA.gif", "url_ficha": "https://www.arbolesurbanos.com.ar/crateagus-monogyna-epino-albar/", "thumbnail": "/thumbnails/espino-blanco.jpg" }, "geometry": { "type": "Point", "coordinates": [ -71.356615898770727, -40.152970903153694 ] } },
{ "type": "Feature", "properties": { "nombrevulgar": "Espino albar", "nombrecientifico": "Crataegus monogyna", "magnitud": 3, "tipo": "Latifoliada", "follaje": "Caduco", "lon": -71.356434277922574, "lat": -40.152904101749236, "imagen": "CRATEAGUS MONOGYNA.gif", "url_ficha": "https://www.arbolesurbanos.com.ar/crateagus-monogyna-epino-albar/", "thumbnail": "/thumbnails/espino-blanco.jpg" }, "geometry": { "type": "Point", "coordinates": [ -71.356434277922574, -40.152904101749236 ] } },
{ "type": "Feature", "properties": { "nombrevulgar": "Espino albar", "nombrecientifico": "Crataegus monogyna", "magnitud": 3, "tipo": "Latifoliada", "follaje": "Caduco", "lon": -71.356481496880249, "lat": -40.15292122953327, "imagen": "CRATEAGUS MONOGYNA.gif", "url_ficha": "https://www.arbolesurbanos.com.ar/crateagus-monogyna-epino-albar/", "thumbnail": "/thumbnails/espino-blanco.jpg" }, "geometry": { "type": "Point", "coordinates": [ -71.356481496880249, -40.15292122953327 ] } },
{ "type": "Feature", "properties": { "nombrevulgar": "Espino albar", "nombrecientifico": "Crataegus monogyna", "magnitud": 3, "tipo": "Latifoliada", "follaje": "Caduco", "lon": -71.357274683787125, "lat": -40.153219040054267, "imagen": "CRATEAGUS MONOGYNA.gif", "url_ficha": "https://www.arbolesurbanos.com.ar/crateagus-monogyna-epino-albar/", "thumbnail": "/thumbnails/espino-blanco.jpg" }, "geometry": { "type": "Point", "coordinates": [ -71.357274683787125, -40.153219040054267 ] } },
{ "type": "Feature", "properties": { "nombrevulgar": "Espino albar", "nombrecientifico": "Crataegus monogyna", "magnitud": 3, "tipo": "Latifoliada", "follaje": "Caduco", "lon": -71.357267952544689, "lat": -40.153010673636722, "imagen": "CRATEAGUS MONOGYNA.gif", "url_ficha": "https://www.arbolesurbanos.com.ar/crateagus-monogyna-epino-albar/", "thumbnail": "/thumbnails/espino-blanco.jpg" }, "geometry": { "type": "Point", "coordinates": [ -71.357267952544689, -40.153010673636722 ] } },
{ "type": "Feature", "properties": { "nombrevulgar": "Espino albar", "nombrecientifico": "Crataegus monogyna", "magnitud": 3, "tipo": "Latifoliada", "follaje": "Caduco", "lon": -71.357491766355921, "lat": -40.153253767728344, "imagen": "CRATEAGUS MONOGYNA.gif", "url_ficha": "https://www.arbolesurbanos.com.ar/crateagus-monogyna-epino-albar/", "thumbnail": "/thumbnails/espino-blanco.jpg" }, "geometry": { "type": "Point", "coordinates": [ -71.357491766355921, -40.153253767728344 ] } },
{ "type": "Feature", "properties": { "nombrevulgar": "Espino albar", "nombrecientifico": "Crataegus monogyna", "magnitud": 3, "tipo": "Latifoliada", "follaje": "Caduco", "lon": -71.357405943014783, "lat": -40.153307788519548, "imagen": "CRATEAGUS MONOGYNA.gif", "url_ficha": "https://www.arbolesurbanos.com.ar/crateagus-monogyna-epino-albar/", "thumbnail": "/thumbnails/espino-blanco.jpg" }, "geometry": { "type": "Point", "coordinates": [ -71.357405943014783, -40.153307788519548 ] } },
{ "type": "Feature", "properties": { "nombrevulgar": "Espino albar", "nombrecientifico": "Crataegus monogyna", "magnitud": 3, "tipo": "Latifoliada", "follaje": "Caduco", "lon": -71.357382383666192, "lat": -40.153332226482306, "imagen": "CRATEAGUS MONOGYNA.gif", "url_ficha": "https://www.arbolesurbanos.com.ar/crateagus-monogyna-epino-albar/", "thumbnail": "/thumbnails/espino-blanco.jpg" }, "geometry": { "type": "Point", "coordinates": [ -71.357382383666192, -40.153332226482306 ] } },
{ "type": "Feature", "properties": { "nombrevulgar": "Espino albar", "nombrecientifico": "Crataegus monogyna", "magnitud": 3, "tipo": "Latifoliada", "follaje": "Caduco", "lon": -71.357321802484236, "lat": -40.153441554102962, "imagen": "CRATEAGUS MONOGYNA.gif", "url_ficha": "https://www.arbolesurbanos.com.ar/crateagus-monogyna-epino-albar/", "thumbnail": "/thumbnails/espino-blanco.jpg" }, "geometry": { "type": "Point", "coordinates": [ -71.357321802484236, -40.153441554102962 ] } },
{ "type": "Feature", "properties": { "nombrevulgar": "Espino albar", "nombrecientifico": "Crataegus monogyna", "magnitud": 3, "tipo": "Latifoliada", "follaje": "Caduco", "lon": -71.357229247900662, "lat": -40.15357531942302, "imagen": "CRATEAGUS MONOGYNA.gif", "url_ficha": "https://www.arbolesurbanos.com.ar/crateagus-monogyna-epino-albar/", "thumbnail": "/thumbnails/espino-blanco.jpg" }, "geometry": { "type": "Point", "coordinates": [ -71.357229247900662, -40.15357531942302 ] } },
{ "type": "Feature", "properties": { "nombrevulgar": "Cerezo", "nombrecientifico": "Prunus avium", "magnitud": 2, "tipo": "Latifoliada", "follaje": "Caduco", "lon": -71.358803393598222, "lat": -40.156458510592358, "imagen": "prunus avium.gif", "url_ficha": "https://www.arbolesurbanos.com.ar/prunus-avium-cerezo/", "thumbnail": "/thumbnails/prunus-avium.jpg" }, "geometry": { "type": "Point", "coordinates": [ -71.358803393598222, -40.156458510592358 ] } },
{ "type": "Feature", "properties": { "nombrevulgar": "Cerezo", "nombrecientifico": "Prunus avium", "magnitud": 2, "tipo": "Latifoliada", "follaje": "Caduco", "lon": -71.357064189547927, "lat": -40.155264143597428, "imagen": "prunus avium.gif", "url_ficha": "https://www.arbolesurbanos.com.ar/prunus-avium-cerezo/", "thumbnail": "/thumbnails/prunus-avium.jpg" }, "geometry": { "type": "Point", "coordinates": [ -71.357064189547927, -40.155264143597428 ] } },
{ "type": "Feature", "properties": { "nombrevulgar": "Cerezo", "nombrecientifico": "Prunus avium", "magnitud": 2, "tipo": "Latifoliada", "follaje": "Caduco", "lon": -71.361017207586229, "lat": -40.154276023409075, "imagen": "prunus avium.gif", "url_ficha": "https://www.arbolesurbanos.com.ar/prunus-avium-cerezo/", "thumbnail": "/thumbnails/prunus-avium.jpg" }, "geometry": { "type": "Point", "coordinates": [ -71.361017207586229, -40.154276023409075 ] } },
{ "type": "Feature", "properties": { "nombrevulgar": "Cerezo", "nombrecientifico": "Prunus avium", "magnitud": 2, "tipo": "Latifoliada", "follaje": "Caduco", "lon": -71.36100555111976, "lat": -40.154762714844516, "imagen": "prunus avium.gif", "url_ficha": "https://www.arbolesurbanos.com.ar/prunus-avium-cerezo/", "thumbnail": "/thumbnails/prunus-avium.jpg" }, "geometry": { "type": "Point", "coordinates": [ -71.36100555111976, -40.154762714844516 ] } },
{ "type": "Feature", "properties": { "nombrevulgar": "Cerezo", "nombrecientifico": "Prunus avium", "magnitud": 2, "tipo": "Latifoliada", "follaje": "Caduco", "lon": -71.360841308627897, "lat": -40.154444035780429, "imagen": "prunus avium.gif", "url_ficha": "https://www.arbolesurbanos.com.ar/prunus-avium-cerezo/", "thumbnail": "/thumbnails/prunus-avium.jpg" }, "geometry": { "type": "Point", "coordinates": [ -71.360841308627897, -40.154444035780429 ] } },
{ "type": "Feature", "properties": { "nombrevulgar": "Cerezo", "nombrecientifico": "Prunus avium", "magnitud": 2, "tipo": "Latifoliada", "follaje": "Caduco", "lon": -71.360855582053873, "lat": -40.154451195163261, "imagen": "prunus avium.gif", "url_ficha": "https://www.arbolesurbanos.com.ar/prunus-avium-cerezo/", "thumbnail": "/thumbnails/prunus-avium.jpg" }, "geometry": { "type": "Point", "coordinates": [ -71.360855582053873, -40.154451195163261 ] } },
{ "type": "Feature", "properties": { "nombrevulgar": "Cerezo", "nombrecientifico": "Prunus avium", "magnitud": 2, "tipo": "Latifoliada", "follaje": "Caduco", "lon": -71.360088152242866, "lat": -40.154751178726599, "imagen": "prunus avium.gif", "url_ficha": "https://www.arbolesurbanos.com.ar/prunus-avium-cerezo/", "thumbnail": "/thumbnails/prunus-avium.jpg" }, "geometry": { "type": "Point", "coordinates": [ -71.360088152242866, -40.154751178726599 ] } },
{ "type": "Feature", "properties": { "nombrevulgar": "Cerezo", "nombrecientifico": "Prunus avium", "magnitud": 2, "tipo": "Latifoliada", "follaje": "Caduco", "lon": -71.358404618830903, "lat": -40.15539366582685, "imagen": "prunus avium.gif", "url_ficha": "https://www.arbolesurbanos.com.ar/prunus-avium-cerezo/", "thumbnail": "/thumbnails/prunus-avium.jpg" }, "geometry": { "type": "Point", "coordinates": [ -71.358404618830903, -40.15539366582685 ] } },
{ "type": "Feature", "properties": { "nombrevulgar": "Cerezo", "nombrecientifico": "Prunus avium", "magnitud": 2, "tipo": "Latifoliada", "follaje": "Caduco", "lon": -71.358601203410657, "lat": -40.156220995229781, "imagen": "prunus avium.gif", "url_ficha": "https://www.arbolesurbanos.com.ar/prunus-avium-cerezo/", "thumbnail": "/thumbnails/prunus-avium.jpg" }, "geometry": { "type": "Point", "coordinates": [ -71.358601203410657, -40.156220995229781 ] } },
{ "type": "Feature", "properties": { "nombrevulgar": "Cerezo", "nombrecientifico": "Prunus avium", "magnitud": 2, "tipo": "Latifoliada", "follaje": "Caduco", "lon": -71.359611751619212, "lat": -40.154198597941523, "imagen": "prunus avium.gif", "url_ficha": "https://www.arbolesurbanos.com.ar/prunus-avium-cerezo/", "thumbnail": "/thumbnails/prunus-avium.jpg" }, "geometry": { "type": "Point", "coordinates": [ -71.359611751619212, -40.154198597941523 ] } },
{ "type": "Feature", "properties": { "nombrevulgar": "Cerezo", "nombrecientifico": "Prunus avium", "magnitud": 2, "tipo": "Latifoliada", "follaje": "Caduco", "lon": -71.359566115455209, "lat": -40.15418534707856, "imagen": "prunus avium.gif", "url_ficha": "https://www.arbolesurbanos.com.ar/prunus-avium-cerezo/", "thumbnail": "/thumbnails/prunus-avium.jpg" }, "geometry": { "type": "Point", "coordinates": [ -71.359566115455209, -40.15418534707856 ] } },
{ "type": "Feature", "properties": { "nombrevulgar": "Cerezo", "nombrecientifico": "Prunus avium", "magnitud": 2, "tipo": "Latifoliada", "follaje": "Caduco", "lon": -71.359483849442995, "lat": -40.154122420484633, "imagen": "prunus avium.gif", "url_ficha": "https://www.arbolesurbanos.com.ar/prunus-avium-cerezo/", "thumbnail": "/thumbnails/prunus-avium.jpg" }, "geometry": { "type": "Point", "coordinates": [ -71.359483849442995, -40.154122420484633 ] } },
{ "type": "Feature", "properties": { "nombrevulgar": "Cerezo", "nombrecientifico": "Prunus avium", "magnitud": 2, "tipo": "Latifoliada", "follaje": "Caduco", "lon": -71.359030613060625, "lat": -40.154027542451189, "imagen": "prunus avium.gif", "url_ficha": "https://www.arbolesurbanos.com.ar/prunus-avium-cerezo/", "thumbnail": "/thumbnails/prunus-avium.jpg" }, "geometry": { "type": "Point", "coordinates": [ -71.359030613060625, -40.154027542451189 ] } },
{ "type": "Feature", "properties": { "nombrevulgar": "Cerezo", "nombrecientifico": "Prunus avium", "magnitud": 2, "tipo": "Latifoliada", "follaje": "Caduco", "lon": -71.35826230671519, "lat": -40.153255712830116, "imagen": "prunus avium.gif", "url_ficha": "https://www.arbolesurbanos.com.ar/prunus-avium-cerezo/", "thumbnail": "/thumbnails/prunus-avium.jpg" }, "geometry": { "type": "Point", "coordinates": [ -71.35826230671519, -40.153255712830116 ] } },
{ "type": "Feature", "properties": { "nombrevulgar": "Cerezo", "nombrecientifico": "Prunus avium", "magnitud": 2, "tipo": "Latifoliada", "follaje": "Caduco", "lon": -71.357137476055755, "lat": -40.15283882130737, "imagen": "prunus avium.gif", "url_ficha": "https://www.arbolesurbanos.com.ar/prunus-avium-cerezo/", "thumbnail": "/thumbnails/prunus-avium.jpg" }, "geometry": { "type": "Point", "coordinates": [ -71.357137476055755, -40.15283882130737 ] } },
{ "type": "Feature", "properties": { "nombrevulgar": "Cerezo", "nombrecientifico": "Prunus avium", "magnitud": 2, "tipo": "Latifoliada", "follaje": "Caduco", "lon": -71.356934546348199, "lat": -40.153357148680051, "imagen": "prunus avium.gif", "url_ficha": "https://www.arbolesurbanos.com.ar/prunus-avium-cerezo/", "thumbnail": "/thumbnails/prunus-avium.jpg" }, "geometry": { "type": "Point", "coordinates": [ -71.356934546348199, -40.153357148680051 ] } },
{ "type": "Feature", "properties": { "nombrevulgar": "Cerezo", "nombrecientifico": "Prunus avium", "magnitud": 2, "tipo": "Latifoliada", "follaje": "Caduco", "lon": -71.356870921539752, "lat": -40.152678629402203, "imagen": "prunus avium.gif", "url_ficha": "https://www.arbolesurbanos.com.ar/prunus-avium-cerezo/", "thumbnail": "/thumbnails/prunus-avium.jpg" }, "geometry": { "type": "Point", "coordinates": [ -71.356870921539752, -40.152678629402203 ] } },
{ "type": "Feature", "properties": { "nombrevulgar": "Cerezo", "nombrecientifico": "Prunus avium", "magnitud": 2, "tipo": "Latifoliada", "follaje": "Caduco", "lon": -71.356556468210542, "lat": -40.152802508023093, "imagen": "prunus avium.gif", "url_ficha": "https://www.arbolesurbanos.com.ar/prunus-avium-cerezo/", "thumbnail": "/thumbnails/prunus-avium.jpg" }, "geometry": { "type": "Point", "coordinates": [ -71.356556468210542, -40.152802508023093 ] } },
{ "type": "Feature", "properties": { "nombrevulgar": "Cerezo", "nombrecientifico": "Prunus avium", "magnitud": 2, "tipo": "Latifoliada", "follaje": "Caduco", "lon": -71.356126634593082, "lat": -40.15262268676684, "imagen": "prunus avium.gif", "url_ficha": "https://www.arbolesurbanos.com.ar/prunus-avium-cerezo/", "thumbnail": "/thumbnails/prunus-avium.jpg" }, "geometry": { "type": "Point", "coordinates": [ -71.356126634593082, -40.15262268676684 ] } },
{ "type": "Feature", "properties": { "nombrevulgar": "Cerezo", "nombrecientifico": "Prunus avium", "magnitud": 2, "tipo": "Latifoliada", "follaje": "Caduco", "lon": -71.355419577661451, "lat": -40.152860474794714, "imagen": "prunus avium.gif", "url_ficha": "https://www.arbolesurbanos.com.ar/prunus-avium-cerezo/", "thumbnail": "/thumbnails/prunus-avium.jpg" }, "geometry": { "type": "Point", "coordinates": [ -71.355419577661451, -40.152860474794714 ] } },
{ "type": "Feature", "properties": { "nombrevulgar": "Cerezo", "nombrecientifico": "Prunus avium", "magnitud": 2, "tipo": "Latifoliada", "follaje": "Caduco", "lon": -71.351712784938272, "lat": -40.149576340392507, "imagen": "prunus avium.gif", "url_ficha": "https://www.arbolesurbanos.com.ar/prunus-avium-cerezo/", "thumbnail": "/thumbnails/prunus-avium.jpg" }, "geometry": { "type": "Point", "coordinates": [ -71.351712784938272, -40.149576340392507 ] } },
{ "type": "Feature", "properties": { "nombrevulgar": "Cerezo", "nombrecientifico": "Prunus avium", "magnitud": 2, "tipo": "Latifoliada", "follaje": "Caduco", "lon": -71.352096901615155, "lat": -40.1493218196618, "imagen": "prunus avium.gif", "url_ficha": "https://www.arbolesurbanos.com.ar/prunus-avium-cerezo/", "thumbnail": "/thumbnails/prunus-avium.jpg" }, "geometry": { "type": "Point", "coordinates": [ -71.352096901615155, -40.1493218196618 ] } },
{ "type": "Feature", "properties": { "nombrevulgar": "Cerezo", "nombrecientifico": "Prunus avium", "magnitud": 2, "tipo": "Latifoliada", "follaje": "Caduco", "lon": -71.354967820159999, "lat": -40.15271380480462, "imagen": "prunus avium.gif", "url_ficha": "https://www.arbolesurbanos.com.ar/prunus-avium-cerezo/", "thumbnail": "/thumbnails/prunus-avium.jpg" }, "geometry": { "type": "Point", "coordinates": [ -71.354967820159999, -40.15271380480462 ] } },
{ "type": "Feature", "properties": { "nombrevulgar": "Cerezo", "nombrecientifico": "Prunus avium", "magnitud": 2, "tipo": "Latifoliada", "follaje": "Caduco", "lon": -71.356404818744679, "lat": -40.149027528399451, "imagen": "prunus avium.gif", "url_ficha": "https://www.arbolesurbanos.com.ar/prunus-avium-cerezo/", "thumbnail": "/thumbnails/prunus-avium.jpg" }, "geometry": { "type": "Point", "coordinates": [ -71.356404818744679, -40.149027528399451 ] } },
{ "type": "Feature", "properties": { "nombrevulgar": "Cerezo", "nombrecientifico": "Prunus avium", "magnitud": 2, "tipo": "Latifoliada", "follaje": "Caduco", "lon": -71.356365789773903, "lat": -40.149004761432494, "imagen": "prunus avium.gif", "url_ficha": "https://www.arbolesurbanos.com.ar/prunus-avium-cerezo/", "thumbnail": "/thumbnails/prunus-avium.jpg" }, "geometry": { "type": "Point", "coordinates": [ -71.356365789773903, -40.149004761432494 ] } },
{ "type": "Feature", "properties": { "nombrevulgar": "Cerezo", "nombrecientifico": "Prunus avium", "magnitud": 2, "tipo": "Latifoliada", "follaje": "Caduco", "lon": -71.353387530235963, "lat": -40.149083989774375, "imagen": "prunus avium.gif", "url_ficha": "https://www.arbolesurbanos.com.ar/prunus-avium-cerezo/", "thumbnail": "/thumbnails/prunus-avium.jpg" }, "geometry": { "type": "Point", "coordinates": [ -71.353387530235963, -40.149083989774375 ] } },
{ "type": "Feature", "properties": { "nombrevulgar": "Cerezo", "nombrecientifico": "Prunus avium", "magnitud": 2, "tipo": "Latifoliada", "follaje": "Caduco", "lon": -71.356592741543224, "lat": -40.152768302737407, "imagen": "prunus avium.gif", "url_ficha": "https://www.arbolesurbanos.com.ar/prunus-avium-cerezo/", "thumbnail": "/thumbnails/prunus-avium.jpg" }, "geometry": { "type": "Point", "coordinates": [ -71.356592741543224, -40.152768302737407 ] } },
{ "type": "Feature", "properties": { "nombrevulgar": "Cerezo", "nombrecientifico": "Prunus avium", "magnitud": 2, "tipo": "Latifoliada", "follaje": "Caduco", "lon": -71.356714307853977, "lat": -40.152799734143031, "imagen": "prunus avium.gif", "url_ficha": "https://www.arbolesurbanos.com.ar/prunus-avium-cerezo/", "thumbnail": "/thumbnails/prunus-avium.jpg" }, "geometry": { "type": "Point", "coordinates": [ -71.356714307853977, -40.152799734143031 ] } },
{ "type": "Feature", "properties": { "nombrevulgar": "Chin Chin", "nombrecientifico": "Azara microphilla", "magnitud": 3, "tipo": "Latifoliada", "follaje": "Perenne", "lon": -71.358775821990122, "lat": -40.156442488598699, "imagen": "AZARA MICROPHILA.gif", "url_ficha": "https://www.arbolesurbanos.com.ar/azara-microphilla-chin-chin/ ‎", "thumbnail": "/thumbnails/chin-chin.jpg" }, "geometry": { "type": "Point", "coordinates": [ -71.358775821990122, -40.156442488598699 ] } },
{ "type": "Feature", "properties": { "nombrevulgar": "Chin Chin", "nombrecientifico": "Azara microphilla", "magnitud": 3, "tipo": "Latifoliada", "follaje": "Perenne", "lon": -71.358681930394781, "lat": -40.155857476329047, "imagen": "AZARA MICROPHILA.gif", "url_ficha": "https://www.arbolesurbanos.com.ar/azara-microphilla-chin-chin/ ‎", "thumbnail": "/thumbnails/chin-chin.jpg" }, "geometry": { "type": "Point", "coordinates": [ -71.358681930394781, -40.155857476329047 ] } },
{ "type": "Feature", "properties": { "nombrevulgar": "Ciruelo de flor", "nombrecientifico": "Prunus cerasifera var. pisardii", "magnitud": 3, "tipo": "Latifoliada", "follaje": "Caduco", "lon": -71.359144421699398, "lat": -40.156242186544581, "imagen": "PRUNUS CERACIFERA VAR PISARDI.gif", "url_ficha": "https://www.arbolesurbanos.com.ar/prunus-cerasifera-ciruelo-de-flor/", "thumbnail": "/thumbnails/ciruelo-de-flor.jpg" }, "geometry": { "type": "Point", "coordinates": [ -71.359144421699398, -40.156242186544581 ] } },
{ "type": "Feature", "properties": { "nombrevulgar": "Ciruelo de flor", "nombrecientifico": "Prunus cerasifera var. pisardii", "magnitud": 3, "tipo": "Latifoliada", "follaje": "Caduco", "lon": -71.359190533118309, "lat": -40.156247465525709, "imagen": "PRUNUS CERACIFERA VAR PISARDI.gif", "url_ficha": "https://www.arbolesurbanos.com.ar/prunus-cerasifera-ciruelo-de-flor/", "thumbnail": "/thumbnails/ciruelo-de-flor.jpg" }, "geometry": { "type": "Point", "coordinates": [ -71.359190533118309, -40.156247465525709 ] } },
{ "type": "Feature", "properties": { "nombrevulgar": "Ciruelo de flor", "nombrecientifico": "Prunus cerasifera var. pisardii", "magnitud": 3, "tipo": "Latifoliada", "follaje": "Caduco", "lon": -71.359586121611258, "lat": -40.155346846285411, "imagen": "PRUNUS CERACIFERA VAR PISARDI.gif", "url_ficha": "https://www.arbolesurbanos.com.ar/prunus-cerasifera-ciruelo-de-flor/", "thumbnail": "/thumbnails/ciruelo-de-flor.jpg" }, "geometry": { "type": "Point", "coordinates": [ -71.359586121611258, -40.155346846285411 ] } },
{ "type": "Feature", "properties": { "nombrevulgar": "Ciruelo de flor", "nombrecientifico": "Prunus cerasifera var. pisardii", "magnitud": 3, "tipo": "Latifoliada", "follaje": "Caduco", "lon": -71.359334744092251, "lat": -40.156700761158199, "imagen": "PRUNUS CERACIFERA VAR PISARDI.gif", "url_ficha": "https://www.arbolesurbanos.com.ar/prunus-cerasifera-ciruelo-de-flor/", "thumbnail": "/thumbnails/ciruelo-de-flor.jpg" }, "geometry": { "type": "Point", "coordinates": [ -71.359334744092251, -40.156700761158199 ] } },
{ "type": "Feature", "properties": { "nombrevulgar": "Ciruelo de flor", "nombrecientifico": "Prunus cerasifera var. pisardii", "magnitud": 3, "tipo": "Latifoliada", "follaje": "Caduco", "lon": -71.359169914800319, "lat": -40.156584236790728, "imagen": "PRUNUS CERACIFERA VAR PISARDI.gif", "url_ficha": "https://www.arbolesurbanos.com.ar/prunus-cerasifera-ciruelo-de-flor/", "thumbnail": "/thumbnails/ciruelo-de-flor.jpg" }, "geometry": { "type": "Point", "coordinates": [ -71.359169914800319, -40.156584236790728 ] } },
{ "type": "Feature", "properties": { "nombrevulgar": "Ciruelo de flor", "nombrecientifico": "Prunus cerasifera var. pisardii", "magnitud": 3, "tipo": "Latifoliada", "follaje": "Caduco", "lon": -71.357796591582854, "lat": -40.156489674804554, "imagen": "PRUNUS CERACIFERA VAR PISARDI.gif", "url_ficha": "https://www.arbolesurbanos.com.ar/prunus-cerasifera-ciruelo-de-flor/", "thumbnail": "/thumbnails/ciruelo-de-flor.jpg" }, "geometry": { "type": "Point", "coordinates": [ -71.357796591582854, -40.156489674804554 ] } },
{ "type": "Feature", "properties": { "nombrevulgar": "Ciruelo de flor", "nombrecientifico": "Prunus cerasifera var. pisardii", "magnitud": 3, "tipo": "Latifoliada", "follaje": "Caduco", "lon": -71.3576621220286, "lat": -40.156263583344, "imagen": "PRUNUS CERACIFERA VAR PISARDI.gif", "url_ficha": "https://www.arbolesurbanos.com.ar/prunus-cerasifera-ciruelo-de-flor/", "thumbnail": "/thumbnails/ciruelo-de-flor.jpg" }, "geometry": { "type": "Point", "coordinates": [ -71.3576621220286, -40.156263583344 ] } },
{ "type": "Feature", "properties": { "nombrevulgar": "Ciruelo de flor", "nombrecientifico": "Prunus cerasifera var. pisardii", "magnitud": 3, "tipo": "Latifoliada", "follaje": "Caduco", "lon": -71.357816041368068, "lat": -40.155480541614018, "imagen": "PRUNUS CERACIFERA VAR PISARDI.gif", "url_ficha": "https://www.arbolesurbanos.com.ar/prunus-cerasifera-ciruelo-de-flor/", "thumbnail": "/thumbnails/ciruelo-de-flor.jpg" }, "geometry": { "type": "Point", "coordinates": [ -71.357816041368068, -40.155480541614018 ] } },
{ "type": "Feature", "properties": { "nombrevulgar": "Ciruelo de flor", "nombrecientifico": "Prunus cerasifera var. pisardii", "magnitud": 3, "tipo": "Latifoliada", "follaje": "Caduco", "lon": -71.357908000799981, "lat": -40.155333021781729, "imagen": "PRUNUS CERACIFERA VAR PISARDI.gif", "url_ficha": "https://www.arbolesurbanos.com.ar/prunus-cerasifera-ciruelo-de-flor/", "thumbnail": "/thumbnails/ciruelo-de-flor.jpg" }, "geometry": { "type": "Point", "coordinates": [ -71.357908000799981, -40.155333021781729 ] } },
{ "type": "Feature", "properties": { "nombrevulgar": "Ciruelo de flor", "nombrecientifico": "Prunus cerasifera var. pisardii", "magnitud": 3, "tipo": "Latifoliada", "follaje": "Caduco", "lon": -71.358206429596549, "lat": -40.155093462296563, "imagen": "PRUNUS CERACIFERA VAR PISARDI.gif", "url_ficha": "https://www.arbolesurbanos.com.ar/prunus-cerasifera-ciruelo-de-flor/", "thumbnail": "/thumbnails/ciruelo-de-flor.jpg" }, "geometry": { "type": "Point", "coordinates": [ -71.358206429596549, -40.155093462296563 ] } },
{ "type": "Feature", "properties": { "nombrevulgar": "Ciruelo de flor", "nombrecientifico": "Prunus cerasifera var. pisardii", "magnitud": 3, "tipo": "Latifoliada", "follaje": "Caduco", "lon": -71.359426111264014, "lat": -40.155007228003285, "imagen": "PRUNUS CERACIFERA VAR PISARDI.gif", "url_ficha": "https://www.arbolesurbanos.com.ar/prunus-cerasifera-ciruelo-de-flor/", "thumbnail": "/thumbnails/ciruelo-de-flor.jpg" }, "geometry": { "type": "Point", "coordinates": [ -71.359426111264014, -40.155007228003285 ] } },
{ "type": "Feature", "properties": { "nombrevulgar": "Ciruelo de flor", "nombrecientifico": "Prunus cerasifera var. pisardii", "magnitud": 3, "tipo": "Latifoliada", "follaje": "Caduco", "lon": -71.359538173297878, "lat": -40.155035190958991, "imagen": "PRUNUS CERACIFERA VAR PISARDI.gif", "url_ficha": "https://www.arbolesurbanos.com.ar/prunus-cerasifera-ciruelo-de-flor/", "thumbnail": "/thumbnails/ciruelo-de-flor.jpg" }, "geometry": { "type": "Point", "coordinates": [ -71.359538173297878, -40.155035190958991 ] } },
{ "type": "Feature", "properties": { "nombrevulgar": "Ciruelo de flor", "nombrecientifico": "Prunus cerasifera var. pisardii", "magnitud": 3, "tipo": "Latifoliada", "follaje": "Caduco", "lon": -71.359602015294797, "lat": -40.155016015657978, "imagen": "PRUNUS CERACIFERA VAR PISARDI.gif", "url_ficha": "https://www.arbolesurbanos.com.ar/prunus-cerasifera-ciruelo-de-flor/", "thumbnail": "/thumbnails/ciruelo-de-flor.jpg" }, "geometry": { "type": "Point", "coordinates": [ -71.359602015294797, -40.155016015657978 ] } },
{ "type": "Feature", "properties": { "nombrevulgar": "Ciruelo de flor", "nombrecientifico": "Prunus cerasifera var. pisardii", "magnitud": 3, "tipo": "Latifoliada", "follaje": "Caduco", "lon": -71.359633103629832, "lat": -40.154982384310152, "imagen": "PRUNUS CERACIFERA VAR PISARDI.gif", "url_ficha": "https://www.arbolesurbanos.com.ar/prunus-cerasifera-ciruelo-de-flor/", "thumbnail": "/thumbnails/ciruelo-de-flor.jpg" }, "geometry": { "type": "Point", "coordinates": [ -71.359633103629832, -40.154982384310152 ] } },
{ "type": "Feature", "properties": { "nombrevulgar": "Ciruelo de flor", "nombrecientifico": "Prunus cerasifera var. pisardii", "magnitud": 3, "tipo": "Latifoliada", "follaje": "Caduco", "lon": -71.359717731164039, "lat": -40.154839044592727, "imagen": "PRUNUS CERACIFERA VAR PISARDI.gif", "url_ficha": "https://www.arbolesurbanos.com.ar/prunus-cerasifera-ciruelo-de-flor/", "thumbnail": "/thumbnails/ciruelo-de-flor.jpg" }, "geometry": { "type": "Point", "coordinates": [ -71.359717731164039, -40.154839044592727 ] } },
{ "type": "Feature", "properties": { "nombrevulgar": "Ciruelo de flor", "nombrecientifico": "Prunus cerasifera var. pisardii", "magnitud": 3, "tipo": "Latifoliada", "follaje": "Caduco", "lon": -71.35969036680828, "lat": -40.154876724716509, "imagen": "PRUNUS CERACIFERA VAR PISARDI.gif", "url_ficha": "https://www.arbolesurbanos.com.ar/prunus-cerasifera-ciruelo-de-flor/", "thumbnail": "/thumbnails/ciruelo-de-flor.jpg" }, "geometry": { "type": "Point", "coordinates": [ -71.35969036680828, -40.154876724716509 ] } },
{ "type": "Feature", "properties": { "nombrevulgar": "Ciruelo de flor", "nombrecientifico": "Prunus cerasifera var. pisardii", "magnitud": 3, "tipo": "Latifoliada", "follaje": "Caduco", "lon": -71.359668278962801, "lat": -40.154911547457516, "imagen": "PRUNUS CERACIFERA VAR PISARDI.gif", "url_ficha": "https://www.arbolesurbanos.com.ar/prunus-cerasifera-ciruelo-de-flor/", "thumbnail": "/thumbnails/ciruelo-de-flor.jpg" }, "geometry": { "type": "Point", "coordinates": [ -71.359668278962801, -40.154911547457516 ] } },
{ "type": "Feature", "properties": { "nombrevulgar": "Ciruelo de flor", "nombrecientifico": "Prunus cerasifera var. pisardii", "magnitud": 3, "tipo": "Latifoliada", "follaje": "Caduco", "lon": -71.359673533110197, "lat": -40.154701081394414, "imagen": "PRUNUS CERACIFERA VAR PISARDI.gif", "url_ficha": "https://www.arbolesurbanos.com.ar/prunus-cerasifera-ciruelo-de-flor/", "thumbnail": "/thumbnails/ciruelo-de-flor.jpg" }, "geometry": { "type": "Point", "coordinates": [ -71.359673533110197, -40.154701081394414 ] } },
{ "type": "Feature", "properties": { "nombrevulgar": "Ciruelo de flor", "nombrecientifico": "Prunus cerasifera var. pisardii", "magnitud": 3, "tipo": "Latifoliada", "follaje": "Caduco", "lon": -71.360012593016677, "lat": -40.154265327349435, "imagen": "PRUNUS CERACIFERA VAR PISARDI.gif", "url_ficha": "https://www.arbolesurbanos.com.ar/prunus-cerasifera-ciruelo-de-flor/", "thumbnail": "/thumbnails/ciruelo-de-flor.jpg" }, "geometry": { "type": "Point", "coordinates": [ -71.360012593016677, -40.154265327349435 ] } },
{ "type": "Feature", "properties": { "nombrevulgar": "Ciruelo de flor", "nombrecientifico": "Prunus cerasifera var. pisardii", "magnitud": 3, "tipo": "Latifoliada", "follaje": "Caduco", "lon": -71.360363840752314, "lat": -40.15427255200261, "imagen": "PRUNUS CERACIFERA VAR PISARDI.gif", "url_ficha": "https://www.arbolesurbanos.com.ar/prunus-cerasifera-ciruelo-de-flor/", "thumbnail": "/thumbnails/ciruelo-de-flor.jpg" }, "geometry": { "type": "Point", "coordinates": [ -71.360363840752314, -40.15427255200261 ] } },
{ "type": "Feature", "properties": { "nombrevulgar": "Ciruelo de flor", "nombrecientifico": "Prunus cerasifera var. pisardii", "magnitud": 3, "tipo": "Latifoliada", "follaje": "Caduco", "lon": -71.360410381805195, "lat": -40.154278270236695, "imagen": "PRUNUS CERACIFERA VAR PISARDI.gif", "url_ficha": "https://www.arbolesurbanos.com.ar/prunus-cerasifera-ciruelo-de-flor/", "thumbnail": "/thumbnails/ciruelo-de-flor.jpg" }, "geometry": { "type": "Point", "coordinates": [ -71.360410381805195, -40.154278270236695 ] } },
{ "type": "Feature", "properties": { "nombrevulgar": "Ciruelo de flor", "nombrecientifico": "Prunus cerasifera var. pisardii", "magnitud": 3, "tipo": "Latifoliada", "follaje": "Caduco", "lon": -71.360455937291746, "lat": -40.154297343511217, "imagen": "PRUNUS CERACIFERA VAR PISARDI.gif", "url_ficha": "https://www.arbolesurbanos.com.ar/prunus-cerasifera-ciruelo-de-flor/", "thumbnail": "/thumbnails/ciruelo-de-flor.jpg" }, "geometry": { "type": "Point", "coordinates": [ -71.360455937291746, -40.154297343511217 ] } },
{ "type": "Feature", "properties": { "nombrevulgar": "Ciruelo de flor", "nombrecientifico": "Prunus cerasifera var. pisardii", "magnitud": 3, "tipo": "Latifoliada", "follaje": "Caduco", "lon": -71.360957927865911, "lat": -40.154478081665623, "imagen": "PRUNUS CERACIFERA VAR PISARDI.gif", "url_ficha": "https://www.arbolesurbanos.com.ar/prunus-cerasifera-ciruelo-de-flor/", "thumbnail": "/thumbnails/ciruelo-de-flor.jpg" }, "geometry": { "type": "Point", "coordinates": [ -71.360957927865911, -40.154478081665623 ] } },
{ "type": "Feature", "properties": { "nombrevulgar": "Ciruelo de flor", "nombrecientifico": "Prunus cerasifera var. pisardii", "magnitud": 3, "tipo": "Latifoliada", "follaje": "Caduco", "lon": -71.359910144636018, "lat": -40.155291060234823, "imagen": "PRUNUS CERACIFERA VAR PISARDI.gif", "url_ficha": "https://www.arbolesurbanos.com.ar/prunus-cerasifera-ciruelo-de-flor/", "thumbnail": "/thumbnails/ciruelo-de-flor.jpg" }, "geometry": { "type": "Point", "coordinates": [ -71.359910144636018, -40.155291060234823 ] } },
{ "type": "Feature", "properties": { "nombrevulgar": "Ciruelo de flor", "nombrecientifico": "Prunus cerasifera var. pisardii", "magnitud": 3, "tipo": "Latifoliada", "follaje": "Caduco", "lon": -71.359824105209071, "lat": -40.15527240588964, "imagen": "PRUNUS CERACIFERA VAR PISARDI.gif", "url_ficha": "https://www.arbolesurbanos.com.ar/prunus-cerasifera-ciruelo-de-flor/", "thumbnail": "/thumbnails/ciruelo-de-flor.jpg" }, "geometry": { "type": "Point", "coordinates": [ -71.359824105209071, -40.15527240588964 ] } },
{ "type": "Feature", "properties": { "nombrevulgar": "Ciruelo de flor", "nombrecientifico": "Prunus cerasifera var. pisardii", "magnitud": 3, "tipo": "Latifoliada", "follaje": "Caduco", "lon": -71.358531187611106, "lat": -40.156429870207091, "imagen": "PRUNUS CERACIFERA VAR PISARDI.gif", "url_ficha": "https://www.arbolesurbanos.com.ar/prunus-cerasifera-ciruelo-de-flor/", "thumbnail": "/thumbnails/ciruelo-de-flor.jpg" }, "geometry": { "type": "Point", "coordinates": [ -71.358531187611106, -40.156429870207091 ] } },
{ "type": "Feature", "properties": { "nombrevulgar": "Ciruelo de flor", "nombrecientifico": "Prunus cerasifera var. pisardii", "magnitud": 3, "tipo": "Latifoliada", "follaje": "Caduco", "lon": -71.357853131566245, "lat": -40.153295292054153, "imagen": "PRUNUS CERACIFERA VAR PISARDI.gif", "url_ficha": "https://www.arbolesurbanos.com.ar/prunus-cerasifera-ciruelo-de-flor/", "thumbnail": "/thumbnails/ciruelo-de-flor.jpg" }, "geometry": { "type": "Point", "coordinates": [ -71.357853131566245, -40.153295292054153 ] } },
{ "type": "Feature", "properties": { "nombrevulgar": "Ciruelo de flor", "nombrecientifico": "Prunus cerasifera var. pisardii", "magnitud": 3, "tipo": "Latifoliada", "follaje": "Caduco", "lon": -71.357922022746379, "lat": -40.153325130498573, "imagen": "PRUNUS CERACIFERA VAR PISARDI.gif", "url_ficha": "https://www.arbolesurbanos.com.ar/prunus-cerasifera-ciruelo-de-flor/", "thumbnail": "/thumbnails/ciruelo-de-flor.jpg" }, "geometry": { "type": "Point", "coordinates": [ -71.357922022746379, -40.153325130498573 ] } },
{ "type": "Feature", "properties": { "nombrevulgar": "Ciruelo de flor", "nombrecientifico": "Prunus cerasifera var. pisardii", "magnitud": 3, "tipo": "Latifoliada", "follaje": "Caduco", "lon": -71.358004116047965, "lat": -40.153344285893503, "imagen": "PRUNUS CERACIFERA VAR PISARDI.gif", "url_ficha": "https://www.arbolesurbanos.com.ar/prunus-cerasifera-ciruelo-de-flor/", "thumbnail": "/thumbnails/ciruelo-de-flor.jpg" }, "geometry": { "type": "Point", "coordinates": [ -71.358004116047965, -40.153344285893503 ] } },
{ "type": "Feature", "properties": { "nombrevulgar": "Ciruelo de flor", "nombrecientifico": "Prunus cerasifera var. pisardii", "magnitud": 3, "tipo": "Latifoliada", "follaje": "Caduco", "lon": -71.357394310559357, "lat": -40.15311935868143, "imagen": "PRUNUS CERACIFERA VAR PISARDI.gif", "url_ficha": "https://www.arbolesurbanos.com.ar/prunus-cerasifera-ciruelo-de-flor/", "thumbnail": "/thumbnails/ciruelo-de-flor.jpg" }, "geometry": { "type": "Point", "coordinates": [ -71.357394310559357, -40.15311935868143 ] } },
{ "type": "Feature", "properties": { "nombrevulgar": "Ciruelo de flor", "nombrecientifico": "Prunus cerasifera var. pisardii", "magnitud": 3, "tipo": "Latifoliada", "follaje": "Caduco", "lon": -71.357115746361231, "lat": -40.153008736187168, "imagen": "PRUNUS CERACIFERA VAR PISARDI.gif", "url_ficha": "https://www.arbolesurbanos.com.ar/prunus-cerasifera-ciruelo-de-flor/", "thumbnail": "/thumbnails/ciruelo-de-flor.jpg" }, "geometry": { "type": "Point", "coordinates": [ -71.357115746361231, -40.153008736187168 ] } },
{ "type": "Feature", "properties": { "nombrevulgar": "Ciruelo de flor", "nombrecientifico": "Prunus cerasifera var. pisardii", "magnitud": 3, "tipo": "Latifoliada", "follaje": "Caduco", "lon": -71.355420070178994, "lat": -40.152729508872405, "imagen": "PRUNUS CERACIFERA VAR PISARDI.gif", "url_ficha": "https://www.arbolesurbanos.com.ar/prunus-cerasifera-ciruelo-de-flor/", "thumbnail": "/thumbnails/ciruelo-de-flor.jpg" }, "geometry": { "type": "Point", "coordinates": [ -71.355420070178994, -40.152729508872405 ] } },
{ "type": "Feature", "properties": { "nombrevulgar": "Ciruelo de flor", "nombrecientifico": "Prunus cerasifera var. pisardii", "magnitud": 3, "tipo": "Latifoliada", "follaje": "Caduco", "lon": -71.355281599073123, "lat": -40.152716920474091, "imagen": "PRUNUS CERACIFERA VAR PISARDI.gif", "url_ficha": "https://www.arbolesurbanos.com.ar/prunus-cerasifera-ciruelo-de-flor/", "thumbnail": "/thumbnails/ciruelo-de-flor.jpg" }, "geometry": { "type": "Point", "coordinates": [ -71.355281599073123, -40.152716920474091 ] } },
{ "type": "Feature", "properties": { "nombrevulgar": "Ciruelo de flor", "nombrecientifico": "Prunus cerasifera var. pisardii", "magnitud": 3, "tipo": "Latifoliada", "follaje": "Caduco", "lon": -71.350771925209742, "lat": -40.150811152441271, "imagen": "PRUNUS CERACIFERA VAR PISARDI.gif", "url_ficha": "https://www.arbolesurbanos.com.ar/prunus-cerasifera-ciruelo-de-flor/", "thumbnail": "/thumbnails/ciruelo-de-flor.jpg" }, "geometry": { "type": "Point", "coordinates": [ -71.350771925209742, -40.150811152441271 ] } },
{ "type": "Feature", "properties": { "nombrevulgar": "Ciruelo de flor", "nombrecientifico": "Prunus cerasifera var. pisardii", "magnitud": 3, "tipo": "Latifoliada", "follaje": "Caduco", "lon": -71.346638948521786, "lat": -40.151638684603149, "imagen": "PRUNUS CERACIFERA VAR PISARDI.gif", "url_ficha": "https://www.arbolesurbanos.com.ar/prunus-cerasifera-ciruelo-de-flor/", "thumbnail": "/thumbnails/ciruelo-de-flor.jpg" }, "geometry": { "type": "Point", "coordinates": [ -71.346638948521786, -40.151638684603149 ] } },
{ "type": "Feature", "properties": { "nombrevulgar": "Ciruelo de flor", "nombrecientifico": "Prunus cerasifera var. pisardii", "magnitud": 3, "tipo": "Latifoliada", "follaje": "Caduco", "lon": -71.346783069433769, "lat": -40.151636964801618, "imagen": "PRUNUS CERACIFERA VAR PISARDI.gif", "url_ficha": "https://www.arbolesurbanos.com.ar/prunus-cerasifera-ciruelo-de-flor/", "thumbnail": "/thumbnails/ciruelo-de-flor.jpg" }, "geometry": { "type": "Point", "coordinates": [ -71.346783069433769, -40.151636964801618 ] } },
{ "type": "Feature", "properties": { "nombrevulgar": "Ciruelo de flor", "nombrecientifico": "Prunus cerasifera var. pisardii", "magnitud": 3, "tipo": "Latifoliada", "follaje": "Caduco", "lon": -71.360144073606548, "lat": -40.158726431629169, "imagen": "PRUNUS CERACIFERA VAR PISARDI.gif", "url_ficha": "https://www.arbolesurbanos.com.ar/prunus-cerasifera-ciruelo-de-flor/", "thumbnail": "/thumbnails/ciruelo-de-flor.jpg" }, "geometry": { "type": "Point", "coordinates": [ -71.360144073606548, -40.158726431629169 ] } },
{ "type": "Feature", "properties": { "nombrevulgar": "Ciruelo de flor", "nombrecientifico": "Prunus cerasifera var. pisardii", "magnitud": 3, "tipo": "Latifoliada", "follaje": "Caduco", "lon": -71.351395912240548, "lat": -40.150664273433378, "imagen": "PRUNUS CERACIFERA VAR PISARDI.gif", "url_ficha": "https://www.arbolesurbanos.com.ar/prunus-cerasifera-ciruelo-de-flor/", "thumbnail": "/thumbnails/ciruelo-de-flor.jpg" }, "geometry": { "type": "Point", "coordinates": [ -71.351395912240548, -40.150664273433378 ] } },
{ "type": "Feature", "properties": { "nombrevulgar": "Ciruelo de flor", "nombrecientifico": "Prunus cerasifera var. pisardii", "magnitud": 3, "tipo": "Latifoliada", "follaje": "Caduco", "lon": -71.351627073470894, "lat": -40.150217587705818, "imagen": "PRUNUS CERACIFERA VAR PISARDI.gif", "url_ficha": "https://www.arbolesurbanos.com.ar/prunus-cerasifera-ciruelo-de-flor/", "thumbnail": "/thumbnails/ciruelo-de-flor.jpg" }, "geometry": { "type": "Point", "coordinates": [ -71.351627073470894, -40.150217587705818 ] } },
{ "type": "Feature", "properties": { "nombrevulgar": "Ciruelo de flor", "nombrecientifico": "Prunus cerasifera var. pisardii", "magnitud": 3, "tipo": "Latifoliada", "follaje": "Caduco", "lon": -71.351530972734693, "lat": -40.150388321264074, "imagen": "PRUNUS CERACIFERA VAR PISARDI.gif", "url_ficha": "https://www.arbolesurbanos.com.ar/prunus-cerasifera-ciruelo-de-flor/", "thumbnail": "/thumbnails/ciruelo-de-flor.jpg" }, "geometry": { "type": "Point", "coordinates": [ -71.351530972734693, -40.150388321264074 ] } },
{ "type": "Feature", "properties": { "nombrevulgar": "Ciruelo de flor", "nombrecientifico": "Prunus cerasifera var. pisardii", "magnitud": 3, "tipo": "Latifoliada", "follaje": "Caduco", "lon": -71.351468637122082, "lat": -40.150533245924478, "imagen": "PRUNUS CERACIFERA VAR PISARDI.gif", "url_ficha": "https://www.arbolesurbanos.com.ar/prunus-cerasifera-ciruelo-de-flor/", "thumbnail": "/thumbnails/ciruelo-de-flor.jpg" }, "geometry": { "type": "Point", "coordinates": [ -71.351468637122082, -40.150533245924478 ] } },
{ "type": "Feature", "properties": { "nombrevulgar": "Ciruelo de flor", "nombrecientifico": "Prunus cerasifera var. pisardii", "magnitud": 3, "tipo": "Latifoliada", "follaje": "Caduco", "lon": -71.351808885674416, "lat": -40.149637884514931, "imagen": "PRUNUS CERACIFERA VAR PISARDI.gif", "url_ficha": "https://www.arbolesurbanos.com.ar/prunus-cerasifera-ciruelo-de-flor/", "thumbnail": "/thumbnails/ciruelo-de-flor.jpg" }, "geometry": { "type": "Point", "coordinates": [ -71.351808885674416, -40.149637884514931 ] } },
{ "type": "Feature", "properties": { "nombrevulgar": "Ciruelo de flor", "nombrecientifico": "Prunus cerasifera var. pisardii", "magnitud": 3, "tipo": "Latifoliada", "follaje": "Caduco", "lon": -71.351847845432431, "lat": -40.149582296277742, "imagen": "PRUNUS CERACIFERA VAR PISARDI.gif", "url_ficha": "https://www.arbolesurbanos.com.ar/prunus-cerasifera-ciruelo-de-flor/", "thumbnail": "/thumbnails/ciruelo-de-flor.jpg" }, "geometry": { "type": "Point", "coordinates": [ -71.351847845432431, -40.149582296277742 ] } },
{ "type": "Feature", "properties": { "nombrevulgar": "Ciruelo de flor", "nombrecientifico": "Prunus cerasifera var. pisardii", "magnitud": 3, "tipo": "Latifoliada", "follaje": "Caduco", "lon": -71.35199134317439, "lat": -40.149540192985206, "imagen": "PRUNUS CERACIFERA VAR PISARDI.gif", "url_ficha": "https://www.arbolesurbanos.com.ar/prunus-cerasifera-ciruelo-de-flor/", "thumbnail": "/thumbnails/ciruelo-de-flor.jpg" }, "geometry": { "type": "Point", "coordinates": [ -71.35199134317439, -40.149540192985206 ] } },
{ "type": "Feature", "properties": { "nombrevulgar": "Ciruelo de flor", "nombrecientifico": "Prunus cerasifera var. pisardii", "magnitud": 3, "tipo": "Latifoliada", "follaje": "Caduco", "lon": -71.351927038968938, "lat": -40.149635219792543, "imagen": "PRUNUS CERACIFERA VAR PISARDI.gif", "url_ficha": "https://www.arbolesurbanos.com.ar/prunus-cerasifera-ciruelo-de-flor/", "thumbnail": "/thumbnails/ciruelo-de-flor.jpg" }, "geometry": { "type": "Point", "coordinates": [ -71.351927038968938, -40.149635219792543 ] } },
{ "type": "Feature", "properties": { "nombrevulgar": "Ciruelo de flor", "nombrecientifico": "Prunus cerasifera var. pisardii", "magnitud": 3, "tipo": "Latifoliada", "follaje": "Caduco", "lon": -71.354665009807491, "lat": -40.153145237820404, "imagen": "PRUNUS CERACIFERA VAR PISARDI.gif", "url_ficha": "https://www.arbolesurbanos.com.ar/prunus-cerasifera-ciruelo-de-flor/", "thumbnail": "/thumbnails/ciruelo-de-flor.jpg" }, "geometry": { "type": "Point", "coordinates": [ -71.354665009807491, -40.153145237820404 ] } },
{ "type": "Feature", "properties": { "nombrevulgar": "Ciruelo de flor", "nombrecientifico": "Prunus cerasifera var. pisardii", "magnitud": 3, "tipo": "Latifoliada", "follaje": "Caduco", "lon": -71.354706168496165, "lat": -40.152781216393997, "imagen": "PRUNUS CERACIFERA VAR PISARDI.gif", "url_ficha": "https://www.arbolesurbanos.com.ar/prunus-cerasifera-ciruelo-de-flor/", "thumbnail": "/thumbnails/ciruelo-de-flor.jpg" }, "geometry": { "type": "Point", "coordinates": [ -71.354706168496165, -40.152781216393997 ] } },
{ "type": "Feature", "properties": { "nombrevulgar": "Ciruelo de flor", "nombrecientifico": "Prunus cerasifera var. pisardii", "magnitud": 3, "tipo": "Latifoliada", "follaje": "Caduco", "lon": -71.355428409757195, "lat": -40.151144224843243, "imagen": "PRUNUS CERACIFERA VAR PISARDI.gif", "url_ficha": "https://www.arbolesurbanos.com.ar/prunus-cerasifera-ciruelo-de-flor/", "thumbnail": "/thumbnails/ciruelo-de-flor.jpg" }, "geometry": { "type": "Point", "coordinates": [ -71.355428409757195, -40.151144224843243 ] } },
{ "type": "Feature", "properties": { "nombrevulgar": "Ciruelo de flor", "nombrecientifico": "Prunus cerasifera var. pisardii", "magnitud": 3, "tipo": "Latifoliada", "follaje": "Caduco", "lon": -71.355994329833024, "lat": -40.150627664434097, "imagen": "PRUNUS CERACIFERA VAR PISARDI.gif", "url_ficha": "https://www.arbolesurbanos.com.ar/prunus-cerasifera-ciruelo-de-flor/", "thumbnail": "/thumbnails/ciruelo-de-flor.jpg" }, "geometry": { "type": "Point", "coordinates": [ -71.355994329833024, -40.150627664434097 ] } },
{ "type": "Feature", "properties": { "nombrevulgar": "Ciruelo de flor", "nombrecientifico": "Prunus cerasifera var. pisardii", "magnitud": 3, "tipo": "Latifoliada", "follaje": "Caduco", "lon": -71.355929623907898, "lat": -40.150533458464707, "imagen": "PRUNUS CERACIFERA VAR PISARDI.gif", "url_ficha": "https://www.arbolesurbanos.com.ar/prunus-cerasifera-ciruelo-de-flor/", "thumbnail": "/thumbnails/ciruelo-de-flor.jpg" }, "geometry": { "type": "Point", "coordinates": [ -71.355929623907898, -40.150533458464707 ] } },
{ "type": "Feature", "properties": { "nombrevulgar": "Ciruelo de flor", "nombrecientifico": "Prunus cerasifera var. pisardii", "magnitud": 3, "tipo": "Latifoliada", "follaje": "Caduco", "lon": -71.355950165471356, "lat": -40.150497346141833, "imagen": "PRUNUS CERACIFERA VAR PISARDI.gif", "url_ficha": "https://www.arbolesurbanos.com.ar/prunus-cerasifera-ciruelo-de-flor/", "thumbnail": "/thumbnails/ciruelo-de-flor.jpg" }, "geometry": { "type": "Point", "coordinates": [ -71.355950165471356, -40.150497346141833 ] } },
{ "type": "Feature", "properties": { "nombrevulgar": "Ciruelo de flor", "nombrecientifico": "Prunus cerasifera var. pisardii", "magnitud": 3, "tipo": "Latifoliada", "follaje": "Caduco", "lon": -71.35311480042057, "lat": -40.149344530085237, "imagen": "PRUNUS CERACIFERA VAR PISARDI.gif", "url_ficha": "https://www.arbolesurbanos.com.ar/prunus-cerasifera-ciruelo-de-flor/", "thumbnail": "/thumbnails/ciruelo-de-flor.jpg" }, "geometry": { "type": "Point", "coordinates": [ -71.35311480042057, -40.149344530085237 ] } },
{ "type": "Feature", "properties": { "nombrevulgar": "Ciruelo de flor", "nombrecientifico": "Prunus cerasifera var. pisardii", "magnitud": 3, "tipo": "Latifoliada", "follaje": "Caduco", "lon": -71.353221169973466, "lat": -40.149390102473134, "imagen": "PRUNUS CERACIFERA VAR PISARDI.gif", "url_ficha": "https://www.arbolesurbanos.com.ar/prunus-cerasifera-ciruelo-de-flor/", "thumbnail": "/thumbnails/ciruelo-de-flor.jpg" }, "geometry": { "type": "Point", "coordinates": [ -71.353221169973466, -40.149390102473134 ] } },
{ "type": "Feature", "properties": { "nombrevulgar": "Ciruelo de flor", "nombrecientifico": "Prunus cerasifera var. pisardii", "magnitud": 3, "tipo": "Latifoliada", "follaje": "Caduco", "lon": -71.353868108685148, "lat": -40.148996098690617, "imagen": "PRUNUS CERACIFERA VAR PISARDI.gif", "url_ficha": "https://www.arbolesurbanos.com.ar/prunus-cerasifera-ciruelo-de-flor/", "thumbnail": "/thumbnails/ciruelo-de-flor.jpg" }, "geometry": { "type": "Point", "coordinates": [ -71.353868108685148, -40.148996098690617 ] } },
{ "type": "Feature", "properties": { "nombrevulgar": "Ciruelo de flor", "nombrecientifico": "Prunus cerasifera var. pisardii", "magnitud": 3, "tipo": "Latifoliada", "follaje": "Caduco", "lon": -71.35389759202566, "lat": -40.148957787157045, "imagen": "PRUNUS CERACIFERA VAR PISARDI.gif", "url_ficha": "https://www.arbolesurbanos.com.ar/prunus-cerasifera-ciruelo-de-flor/", "thumbnail": "/thumbnails/ciruelo-de-flor.jpg" }, "geometry": { "type": "Point", "coordinates": [ -71.35389759202566, -40.148957787157045 ] } },
{ "type": "Feature", "properties": { "nombrevulgar": "Ciruelo de flor", "nombrecientifico": "Prunus cerasifera var. pisardii", "magnitud": 3, "tipo": "Latifoliada", "follaje": "Caduco", "lon": -71.353918230363988, "lat": -40.148892432138076, "imagen": "PRUNUS CERACIFERA VAR PISARDI.gif", "url_ficha": "https://www.arbolesurbanos.com.ar/prunus-cerasifera-ciruelo-de-flor/", "thumbnail": "/thumbnails/ciruelo-de-flor.jpg" }, "geometry": { "type": "Point", "coordinates": [ -71.353918230363988, -40.148892432138076 ] } },
{ "type": "Feature", "properties": { "nombrevulgar": "Ciruelo de flor", "nombrecientifico": "Prunus cerasifera var. pisardii", "magnitud": 3, "tipo": "Latifoliada", "follaje": "Caduco", "lon": -71.353969820146688, "lat": -40.148846611192155, "imagen": "PRUNUS CERACIFERA VAR PISARDI.gif", "url_ficha": "https://www.arbolesurbanos.com.ar/prunus-cerasifera-ciruelo-de-flor/", "thumbnail": "/thumbnails/ciruelo-de-flor.jpg" }, "geometry": { "type": "Point", "coordinates": [ -71.353969820146688, -40.148846611192155 ] } },
{ "type": "Feature", "properties": { "nombrevulgar": "Ciruelo de flor", "nombrecientifico": "Prunus cerasifera var. pisardii", "magnitud": 3, "tipo": "Latifoliada", "follaje": "Caduco", "lon": -71.353987847222143, "lat": -40.148809209976513, "imagen": "PRUNUS CERACIFERA VAR PISARDI.gif", "url_ficha": "https://www.arbolesurbanos.com.ar/prunus-cerasifera-ciruelo-de-flor/", "thumbnail": "/thumbnails/ciruelo-de-flor.jpg" }, "geometry": { "type": "Point", "coordinates": [ -71.353987847222143, -40.148809209976513 ] } },
{ "type": "Feature", "properties": { "nombrevulgar": "Ciruelo de flor", "nombrecientifico": "Prunus cerasifera var. pisardii", "magnitud": 3, "tipo": "Latifoliada", "follaje": "Caduco", "lon": -71.354004586649296, "lat": -40.148774761470136, "imagen": "PRUNUS CERACIFERA VAR PISARDI.gif", "url_ficha": "https://www.arbolesurbanos.com.ar/prunus-cerasifera-ciruelo-de-flor/", "thumbnail": "/thumbnails/ciruelo-de-flor.jpg" }, "geometry": { "type": "Point", "coordinates": [ -71.354004586649296, -40.148774761470136 ] } },
{ "type": "Feature", "properties": { "nombrevulgar": "Ciruelo de flor", "nombrecientifico": "Prunus cerasifera var. pisardii", "magnitud": 3, "tipo": "Latifoliada", "follaje": "Caduco", "lon": -71.35377987582379, "lat": -40.149532357672108, "imagen": "PRUNUS CERACIFERA VAR PISARDI.gif", "url_ficha": "https://www.arbolesurbanos.com.ar/prunus-cerasifera-ciruelo-de-flor/", "thumbnail": "/thumbnails/ciruelo-de-flor.jpg" }, "geometry": { "type": "Point", "coordinates": [ -71.35377987582379, -40.149532357672108 ] } },
{ "type": "Feature", "properties": { "nombrevulgar": "Ciruelo de flor", "nombrecientifico": "Prunus cerasifera var. pisardii", "magnitud": 3, "tipo": "Latifoliada", "follaje": "Caduco", "lon": -71.353895688386231, "lat": -40.149593217196745, "imagen": "PRUNUS CERACIFERA VAR PISARDI.gif", "url_ficha": "https://www.arbolesurbanos.com.ar/prunus-cerasifera-ciruelo-de-flor/", "thumbnail": "/thumbnails/ciruelo-de-flor.jpg" }, "geometry": { "type": "Point", "coordinates": [ -71.353895688386231, -40.149593217196745 ] } },
{ "type": "Feature", "properties": { "nombrevulgar": "Ciruelo de flor", "nombrecientifico": "Prunus cerasifera var. pisardii", "magnitud": 3, "tipo": "Latifoliada", "follaje": "Caduco", "lon": -71.354692870156015, "lat": -40.153293210760538, "imagen": "PRUNUS CERACIFERA VAR PISARDI.gif", "url_ficha": "https://www.arbolesurbanos.com.ar/prunus-cerasifera-ciruelo-de-flor/", "thumbnail": "/thumbnails/ciruelo-de-flor.jpg" }, "geometry": { "type": "Point", "coordinates": [ -71.354692870156015, -40.153293210760538 ] } },
{ "type": "Feature", "properties": { "nombrevulgar": "Ciruelo de flor", "nombrecientifico": "Prunus cerasifera var. pisardii", "magnitud": 3, "tipo": "Latifoliada", "follaje": "Caduco", "lon": -71.354858042829036, "lat": -40.153354778051551, "imagen": "PRUNUS CERACIFERA VAR PISARDI.gif", "url_ficha": "https://www.arbolesurbanos.com.ar/prunus-cerasifera-ciruelo-de-flor/", "thumbnail": "/thumbnails/ciruelo-de-flor.jpg" }, "geometry": { "type": "Point", "coordinates": [ -71.354858042829036, -40.153354778051551 ] } },
{ "type": "Feature", "properties": { "nombrevulgar": "Ciruelo de flor", "nombrecientifico": "Prunus cerasifera var. pisardii", "magnitud": 3, "tipo": "Latifoliada", "follaje": "Caduco", "lon": -71.354918233393505, "lat": -40.153372472252073, "imagen": "PRUNUS CERACIFERA VAR PISARDI.gif", "url_ficha": "https://www.arbolesurbanos.com.ar/prunus-cerasifera-ciruelo-de-flor/", "thumbnail": "/thumbnails/ciruelo-de-flor.jpg" }, "geometry": { "type": "Point", "coordinates": [ -71.354918233393505, -40.153372472252073 ] } },
{ "type": "Feature", "properties": { "nombrevulgar": "Ciruelo de flor", "nombrecientifico": "Prunus cerasifera var. pisardii", "magnitud": 3, "tipo": "Latifoliada", "follaje": "Caduco", "lon": -71.354976108936214, "lat": -40.15339193586739, "imagen": "PRUNUS CERACIFERA VAR PISARDI.gif", "url_ficha": "https://www.arbolesurbanos.com.ar/prunus-cerasifera-ciruelo-de-flor/", "thumbnail": "/thumbnails/ciruelo-de-flor.jpg" }, "geometry": { "type": "Point", "coordinates": [ -71.354976108936214, -40.15339193586739 ] } },
{ "type": "Feature", "properties": { "nombrevulgar": "Ciruelo de flor", "nombrecientifico": "Prunus cerasifera var. pisardii", "magnitud": 3, "tipo": "Latifoliada", "follaje": "Caduco", "lon": -71.356058957990214, "lat": -40.153748119866414, "imagen": "PRUNUS CERACIFERA VAR PISARDI.gif", "url_ficha": "https://www.arbolesurbanos.com.ar/prunus-cerasifera-ciruelo-de-flor/", "thumbnail": "/thumbnails/ciruelo-de-flor.jpg" }, "geometry": { "type": "Point", "coordinates": [ -71.356058957990214, -40.153748119866414 ] } },
{ "type": "Feature", "properties": { "nombrevulgar": "Ciruelo de flor", "nombrecientifico": "Prunus cerasifera var. pisardii", "magnitud": 3, "tipo": "Latifoliada", "follaje": "Caduco", "lon": -71.356212104092478, "lat": -40.15385140629742, "imagen": "PRUNUS CERACIFERA VAR PISARDI.gif", "url_ficha": "https://www.arbolesurbanos.com.ar/prunus-cerasifera-ciruelo-de-flor/", "thumbnail": "/thumbnails/ciruelo-de-flor.jpg" }, "geometry": { "type": "Point", "coordinates": [ -71.356212104092478, -40.15385140629742 ] } },
{ "type": "Feature", "properties": { "nombrevulgar": "Ciruelo de flor", "nombrecientifico": "Prunus cerasifera var. pisardii", "magnitud": 3, "tipo": "Latifoliada", "follaje": "Caduco", "lon": -71.357373969613164, "lat": -40.153110998287943, "imagen": "PRUNUS CERACIFERA VAR PISARDI.gif", "url_ficha": "https://www.arbolesurbanos.com.ar/prunus-cerasifera-ciruelo-de-flor/", "thumbnail": "/thumbnails/ciruelo-de-flor.jpg" }, "geometry": { "type": "Point", "coordinates": [ -71.357373969613164, -40.153110998287943 ] } },
{ "type": "Feature", "properties": { "nombrevulgar": "Ciruelo de flor", "nombrecientifico": "Prunus cerasifera var. pisardii", "magnitud": 3, "tipo": "Latifoliada", "follaje": "Caduco", "lon": -71.357372286802601, "lat": -40.153513581615783, "imagen": "PRUNUS CERACIFERA VAR PISARDI.gif", "url_ficha": "https://www.arbolesurbanos.com.ar/prunus-cerasifera-ciruelo-de-flor/", "thumbnail": "/thumbnails/ciruelo-de-flor.jpg" }, "geometry": { "type": "Point", "coordinates": [ -71.357372286802601, -40.153513581615783 ] } },
{ "type": "Feature", "properties": { "nombrevulgar": "Ciruelo de flor", "nombrecientifico": "Prunus cerasifera var. pisardii", "magnitud": 3, "tipo": "Latifoliada", "follaje": "Caduco", "lon": -71.357321802484265, "lat": -40.153939314104178, "imagen": "PRUNUS CERACIFERA VAR PISARDI.gif", "url_ficha": "https://www.arbolesurbanos.com.ar/prunus-cerasifera-ciruelo-de-flor/", "thumbnail": "/thumbnails/ciruelo-de-flor.jpg" }, "geometry": { "type": "Point", "coordinates": [ -71.357321802484265, -40.153939314104178 ] } },
{ "type": "Feature", "properties": { "nombrevulgar": "Ciruelo de flor", "nombrecientifico": "Prunus cerasifera var. pisardii", "magnitud": 3, "tipo": "Latifoliada", "follaje": "Caduco", "lon": -71.357205688552142, "lat": -40.153887866211036, "imagen": "PRUNUS CERACIFERA VAR PISARDI.gif", "url_ficha": "https://www.arbolesurbanos.com.ar/prunus-cerasifera-ciruelo-de-flor/", "thumbnail": "/thumbnails/ciruelo-de-flor.jpg" }, "geometry": { "type": "Point", "coordinates": [ -71.357205688552142, -40.153887866211036 ] } },
{ "type": "Feature", "properties": { "nombrevulgar": "Ciruelo de flor", "nombrecientifico": "Prunus cerasifera var. pisardii", "magnitud": 3, "tipo": "Latifoliada", "follaje": "Caduco", "lon": -71.357230930711353, "lat": -40.15382870108585, "imagen": "PRUNUS CERACIFERA VAR PISARDI.gif", "url_ficha": "https://www.arbolesurbanos.com.ar/prunus-cerasifera-ciruelo-de-flor/", "thumbnail": "/thumbnails/ciruelo-de-flor.jpg" }, "geometry": { "type": "Point", "coordinates": [ -71.357230930711353, -40.15382870108585 ] } },
{ "type": "Feature", "properties": { "nombrevulgar": "Ciruelo de flor", "nombrecientifico": "Prunus cerasifera var. pisardii", "magnitud": 3, "tipo": "Latifoliada", "follaje": "Caduco", "lon": -71.357197274499143, "lat": -40.154181118679531, "imagen": "PRUNUS CERACIFERA VAR PISARDI.gif", "url_ficha": "https://www.arbolesurbanos.com.ar/prunus-cerasifera-ciruelo-de-flor/", "thumbnail": "/thumbnails/ciruelo-de-flor.jpg" }, "geometry": { "type": "Point", "coordinates": [ -71.357197274499143, -40.154181118679531 ] } },
{ "type": "Feature", "properties": { "nombrevulgar": "Ciruelo de flor", "nombrecientifico": "Prunus cerasifera var. pisardii", "magnitud": 3, "tipo": "Latifoliada", "follaje": "Caduco", "lon": -71.359366176250376, "lat": -40.15680146700975, "imagen": "PRUNUS CERACIFERA VAR PISARDI.gif", "url_ficha": "https://www.arbolesurbanos.com.ar/prunus-cerasifera-ciruelo-de-flor/", "thumbnail": "/thumbnails/ciruelo-de-flor.jpg" }, "geometry": { "type": "Point", "coordinates": [ -71.359366176250376, -40.15680146700975 ] } },
{ "type": "Feature", "properties": { "nombrevulgar": "Ciruelo de flor", "nombrecientifico": "Prunus cerasifera var. pisardii", "magnitud": 3, "tipo": "Latifoliada", "follaje": "Caduco", "lon": -71.359301335789667, "lat": -40.156760759932745, "imagen": "PRUNUS CERACIFERA VAR PISARDI.gif", "url_ficha": "https://www.arbolesurbanos.com.ar/prunus-cerasifera-ciruelo-de-flor/", "thumbnail": "/thumbnails/ciruelo-de-flor.jpg" }, "geometry": { "type": "Point", "coordinates": [ -71.359301335789667, -40.156760759932745 ] } },
{ "type": "Feature", "properties": { "nombrevulgar": "Ciruelo de flor", "nombrecientifico": "Prunus cerasifera var. pisardii", "magnitud": 3, "tipo": "Latifoliada", "follaje": "Caduco", "lon": -71.359252705444106, "lat": -40.156730672077472, "imagen": "PRUNUS CERACIFERA VAR PISARDI.gif", "url_ficha": "https://www.arbolesurbanos.com.ar/prunus-cerasifera-ciruelo-de-flor/", "thumbnail": "/thumbnails/ciruelo-de-flor.jpg" }, "geometry": { "type": "Point", "coordinates": [ -71.359252705444106, -40.156730672077472 ] } },
{ "type": "Feature", "properties": { "nombrevulgar": "Notro", "nombrecientifico": "Embothrium coccineum", "magnitud": 3, "tipo": "Latifoliada", "follaje": "Perenne", "lon": -71.359316040155292, "lat": -40.156360994663032, "imagen": "EMBOTRHIUM COCCINEUM.gif", "url_ficha": " https://www.arbolesurbanos.com.ar/embotrium-coccineum-notro/", "thumbnail": "/thumbnails/notro.jpg" }, "geometry": { "type": "Point", "coordinates": [ -71.359316040155292, -40.156360994663032 ] } },
{ "type": "Feature", "properties": { "nombrevulgar": "Notro", "nombrecientifico": "Embothrium coccineum", "magnitud": 3, "tipo": "Latifoliada", "follaje": "Perenne", "lon": -71.359283525311525, "lat": -40.15643628537773, "imagen": "EMBOTRHIUM COCCINEUM.gif", "url_ficha": " https://www.arbolesurbanos.com.ar/embotrium-coccineum-notro/", "thumbnail": "/thumbnails/notro.jpg" }, "geometry": { "type": "Point", "coordinates": [ -71.359283525311525, -40.15643628537773 ] } },
{ "type": "Feature", "properties": { "nombrevulgar": "Notro", "nombrecientifico": "Embothrium coccineum", "magnitud": 3, "tipo": "Latifoliada", "follaje": "Perenne", "lon": -71.358163996357717, "lat": -40.155213482781171, "imagen": "EMBOTRHIUM COCCINEUM.gif", "url_ficha": " https://www.arbolesurbanos.com.ar/embotrium-coccineum-notro/", "thumbnail": "/thumbnails/notro.jpg" }, "geometry": { "type": "Point", "coordinates": [ -71.358163996357717, -40.155213482781171 ] } },
{ "type": "Feature", "properties": { "nombrevulgar": "Notro", "nombrecientifico": "Embothrium coccineum", "magnitud": 3, "tipo": "Latifoliada", "follaje": "Perenne", "lon": -71.358328740264739, "lat": -40.154983780833213, "imagen": "EMBOTRHIUM COCCINEUM.gif", "url_ficha": " https://www.arbolesurbanos.com.ar/embotrium-coccineum-notro/", "thumbnail": "/thumbnails/notro.jpg" }, "geometry": { "type": "Point", "coordinates": [ -71.358328740264739, -40.154983780833213 ] } },
{ "type": "Feature", "properties": { "nombrevulgar": "Notro", "nombrecientifico": "Embothrium coccineum", "magnitud": 3, "tipo": "Latifoliada", "follaje": "Perenne", "lon": -71.361038959527519, "lat": -40.154181181787116, "imagen": "EMBOTRHIUM COCCINEUM.gif", "url_ficha": " https://www.arbolesurbanos.com.ar/embotrium-coccineum-notro/", "thumbnail": "/thumbnails/notro.jpg" }, "geometry": { "type": "Point", "coordinates": [ -71.361038959527519, -40.154181181787116 ] } },
{ "type": "Feature", "properties": { "nombrevulgar": "Notro", "nombrecientifico": "Embothrium coccineum", "magnitud": 3, "tipo": "Latifoliada", "follaje": "Perenne", "lon": -71.361061154571814, "lat": -40.154748335013529, "imagen": "EMBOTRHIUM COCCINEUM.gif", "url_ficha": " https://www.arbolesurbanos.com.ar/embotrium-coccineum-notro/", "thumbnail": "/thumbnails/notro.jpg" }, "geometry": { "type": "Point", "coordinates": [ -71.361061154571814, -40.154748335013529 ] } },
{ "type": "Feature", "properties": { "nombrevulgar": "Notro", "nombrecientifico": "Embothrium coccineum", "magnitud": 3, "tipo": "Latifoliada", "follaje": "Perenne", "lon": -71.360320957385852, "lat": -40.15444260712993, "imagen": "EMBOTRHIUM COCCINEUM.gif", "url_ficha": " https://www.arbolesurbanos.com.ar/embotrium-coccineum-notro/", "thumbnail": "/thumbnails/notro.jpg" }, "geometry": { "type": "Point", "coordinates": [ -71.360320957385852, -40.15444260712993 ] } },
{ "type": "Feature", "properties": { "nombrevulgar": "Notro", "nombrecientifico": "Embothrium coccineum", "magnitud": 3, "tipo": "Latifoliada", "follaje": "Perenne", "lon": -71.360034104585395, "lat": -40.154683743872631, "imagen": "EMBOTRHIUM COCCINEUM.gif", "url_ficha": " https://www.arbolesurbanos.com.ar/embotrium-coccineum-notro/", "thumbnail": "/thumbnails/notro.jpg" }, "geometry": { "type": "Point", "coordinates": [ -71.360034104585395, -40.154683743872631 ] } },
{ "type": "Feature", "properties": { "nombrevulgar": "Notro", "nombrecientifico": "Embothrium coccineum", "magnitud": 3, "tipo": "Latifoliada", "follaje": "Perenne", "lon": -71.357793179504057, "lat": -40.155892872445669, "imagen": "EMBOTRHIUM COCCINEUM.gif", "url_ficha": " https://www.arbolesurbanos.com.ar/embotrium-coccineum-notro/", "thumbnail": "/thumbnails/notro.jpg" }, "geometry": { "type": "Point", "coordinates": [ -71.357793179504057, -40.155892872445669 ] } },
{ "type": "Feature", "properties": { "nombrevulgar": "Notro", "nombrecientifico": "Embothrium coccineum", "magnitud": 3, "tipo": "Latifoliada", "follaje": "Perenne", "lon": -71.358648260501965, "lat": -40.155694395455988, "imagen": "EMBOTRHIUM COCCINEUM.gif", "url_ficha": " https://www.arbolesurbanos.com.ar/embotrium-coccineum-notro/", "thumbnail": "/thumbnails/notro.jpg" }, "geometry": { "type": "Point", "coordinates": [ -71.358648260501965, -40.155694395455988 ] } },
{ "type": "Feature", "properties": { "nombrevulgar": "Notro", "nombrecientifico": "Embothrium coccineum", "magnitud": 3, "tipo": "Latifoliada", "follaje": "Perenne", "lon": -71.358578514600836, "lat": -40.155383830480105, "imagen": "EMBOTRHIUM COCCINEUM.gif", "url_ficha": " https://www.arbolesurbanos.com.ar/embotrium-coccineum-notro/", "thumbnail": "/thumbnails/notro.jpg" }, "geometry": { "type": "Point", "coordinates": [ -71.358578514600836, -40.155383830480105 ] } },
{ "type": "Feature", "properties": { "nombrevulgar": "Notro", "nombrecientifico": "Embothrium coccineum", "magnitud": 3, "tipo": "Latifoliada", "follaje": "Perenne", "lon": -71.359332675595084, "lat": -40.153746596185016, "imagen": "EMBOTRHIUM COCCINEUM.gif", "url_ficha": " https://www.arbolesurbanos.com.ar/embotrium-coccineum-notro/", "thumbnail": "/thumbnails/notro.jpg" }, "geometry": { "type": "Point", "coordinates": [ -71.359332675595084, -40.153746596185016 ] } },
{ "type": "Feature", "properties": { "nombrevulgar": "Notro", "nombrecientifico": "Embothrium coccineum", "magnitud": 3, "tipo": "Latifoliada", "follaje": "Perenne", "lon": -71.359312476328313, "lat": -40.153729235581508, "imagen": "EMBOTRHIUM COCCINEUM.gif", "url_ficha": " https://www.arbolesurbanos.com.ar/embotrium-coccineum-notro/", "thumbnail": "/thumbnails/notro.jpg" }, "geometry": { "type": "Point", "coordinates": [ -71.359312476328313, -40.153729235581508 ] } },
{ "type": "Feature", "properties": { "nombrevulgar": "Notro", "nombrecientifico": "Embothrium coccineum", "magnitud": 3, "tipo": "Latifoliada", "follaje": "Perenne", "lon": -71.358381979479219, "lat": -40.153835606099207, "imagen": "EMBOTRHIUM COCCINEUM.gif", "url_ficha": " https://www.arbolesurbanos.com.ar/embotrium-coccineum-notro/", "thumbnail": "/thumbnails/notro.jpg" }, "geometry": { "type": "Point", "coordinates": [ -71.358381979479219, -40.153835606099207 ] } },
{ "type": "Feature", "properties": { "nombrevulgar": "Notro", "nombrecientifico": "Embothrium coccineum", "magnitud": 3, "tipo": "Latifoliada", "follaje": "Perenne", "lon": -71.360561765613213, "lat": -40.158292343883495, "imagen": "EMBOTRHIUM COCCINEUM.gif", "url_ficha": " https://www.arbolesurbanos.com.ar/embotrium-coccineum-notro/", "thumbnail": "/thumbnails/notro.jpg" }, "geometry": { "type": "Point", "coordinates": [ -71.360561765613213, -40.158292343883495 ] } },
{ "type": "Feature", "properties": { "nombrevulgar": "Notro", "nombrecientifico": "Embothrium coccineum", "magnitud": 3, "tipo": "Latifoliada", "follaje": "Perenne", "lon": -71.352129069686669, "lat": -40.149350878438121, "imagen": "EMBOTRHIUM COCCINEUM.gif", "url_ficha": " https://www.arbolesurbanos.com.ar/embotrium-coccineum-notro/", "thumbnail": "/thumbnails/notro.jpg" }, "geometry": { "type": "Point", "coordinates": [ -71.352129069686669, -40.149350878438121 ] } },
{ "type": "Feature", "properties": { "nombrevulgar": "Notro", "nombrecientifico": "Embothrium coccineum", "magnitud": 3, "tipo": "Latifoliada", "follaje": "Perenne", "lon": -71.352581371352258, "lat": -40.149179480969877, "imagen": "EMBOTRHIUM COCCINEUM.gif", "url_ficha": " https://www.arbolesurbanos.com.ar/embotrium-coccineum-notro/", "thumbnail": "/thumbnails/notro.jpg" }, "geometry": { "type": "Point", "coordinates": [ -71.352581371352258, -40.149179480969877 ] } },
{ "type": "Feature", "properties": { "nombrevulgar": "Notro", "nombrecientifico": "Embothrium coccineum", "magnitud": 3, "tipo": "Latifoliada", "follaje": "Perenne", "lon": -71.355191021926345, "lat": -40.152569573165586, "imagen": "EMBOTRHIUM COCCINEUM.gif", "url_ficha": " https://www.arbolesurbanos.com.ar/embotrium-coccineum-notro/", "thumbnail": "/thumbnails/notro.jpg" }, "geometry": { "type": "Point", "coordinates": [ -71.355191021926345, -40.152569573165586 ] } },
{ "type": "Feature", "properties": { "nombrevulgar": "Notro", "nombrecientifico": "Embothrium coccineum", "magnitud": 3, "tipo": "Latifoliada", "follaje": "Perenne", "lon": -71.356458979431551, "lat": -40.153973172100279, "imagen": "EMBOTRHIUM COCCINEUM.gif", "url_ficha": " https://www.arbolesurbanos.com.ar/embotrium-coccineum-notro/", "thumbnail": "/thumbnails/notro.jpg" }, "geometry": { "type": "Point", "coordinates": [ -71.356458979431551, -40.153973172100279 ] } },
{ "type": "Feature", "properties": { "nombrevulgar": "Notro", "nombrecientifico": "Embothrium coccineum", "magnitud": 3, "tipo": "Latifoliada", "follaje": "Perenne", "lon": -71.35736387274946, "lat": -40.153972755213758, "imagen": "EMBOTRHIUM COCCINEUM.gif", "url_ficha": " https://www.arbolesurbanos.com.ar/embotrium-coccineum-notro/", "thumbnail": "/thumbnails/notro.jpg" }, "geometry": { "type": "Point", "coordinates": [ -71.35736387274946, -40.153972755213758 ] } },
{ "type": "Feature", "properties": { "nombrevulgar": "Serbal del cazador", "nombrecientifico": "Sorbus aucuparia", "magnitud": 3, "tipo": "Latifoliada", "follaje": "Caduco", "lon": -71.359301060902055, "lat": -40.156396540968224, "imagen": "SORBUS AUCUPARIA.gif", "url_ficha": "https://www.arbolesurbanos.com.ar/sorbus-aucuparia-serbal-del-cazador", "thumbnail": "/thumbnails/serbal-del-cazador.jpg" }, "geometry": { "type": "Point", "coordinates": [ -71.359301060902055, -40.156396540968224 ] } },
{ "type": "Feature", "properties": { "nombrevulgar": "Serbal del cazador", "nombrecientifico": "Sorbus aucuparia", "magnitud": 3, "tipo": "Latifoliada", "follaje": "Caduco", "lon": -71.359546238902311, "lat": -40.15540924753261, "imagen": "SORBUS AUCUPARIA.gif", "url_ficha": "https://www.arbolesurbanos.com.ar/sorbus-aucuparia-serbal-del-cazador", "thumbnail": "/thumbnails/serbal-del-cazador.jpg" }, "geometry": { "type": "Point", "coordinates": [ -71.359546238902311, -40.15540924753261 ] } },
{ "type": "Feature", "properties": { "nombrevulgar": "Serbal del cazador", "nombrecientifico": "Sorbus aucuparia", "magnitud": 3, "tipo": "Latifoliada", "follaje": "Caduco", "lon": -71.359654294895321, "lat": -40.155273603512853, "imagen": "SORBUS AUCUPARIA.gif", "url_ficha": "https://www.arbolesurbanos.com.ar/sorbus-aucuparia-serbal-del-cazador", "thumbnail": "/thumbnails/serbal-del-cazador.jpg" }, "geometry": { "type": "Point", "coordinates": [ -71.359654294895321, -40.155273603512853 ] } },
{ "type": "Feature", "properties": { "nombrevulgar": "Serbal del cazador", "nombrecientifico": "Sorbus aucuparia", "magnitud": 3, "tipo": "Latifoliada", "follaje": "Caduco", "lon": -71.358760532961867, "lat": -40.155961722365149, "imagen": "SORBUS AUCUPARIA.gif", "url_ficha": "https://www.arbolesurbanos.com.ar/sorbus-aucuparia-serbal-del-cazador", "thumbnail": "/thumbnails/serbal-del-cazador.jpg" }, "geometry": { "type": "Point", "coordinates": [ -71.358760532961867, -40.155961722365149 ] } },
{ "type": "Feature", "properties": { "nombrevulgar": "Serbal del cazador", "nombrecientifico": "Sorbus aucuparia", "magnitud": 3, "tipo": "Latifoliada", "follaje": "Caduco", "lon": -71.359435955123573, "lat": -40.155136267437122, "imagen": "SORBUS AUCUPARIA.gif", "url_ficha": "https://www.arbolesurbanos.com.ar/sorbus-aucuparia-serbal-del-cazador", "thumbnail": "/thumbnails/serbal-del-cazador.jpg" }, "geometry": { "type": "Point", "coordinates": [ -71.359435955123573, -40.155136267437122 ] } },
{ "type": "Feature", "properties": { "nombrevulgar": "Serbal del cazador", "nombrecientifico": "Sorbus aucuparia", "magnitud": 3, "tipo": "Latifoliada", "follaje": "Caduco", "lon": -71.359971152952497, "lat": -40.154365073351201, "imagen": "SORBUS AUCUPARIA.gif", "url_ficha": "https://www.arbolesurbanos.com.ar/sorbus-aucuparia-serbal-del-cazador", "thumbnail": "/thumbnails/serbal-del-cazador.jpg" }, "geometry": { "type": "Point", "coordinates": [ -71.359971152952497, -40.154365073351201 ] } },
{ "type": "Feature", "properties": { "nombrevulgar": "Serbal del cazador", "nombrecientifico": "Sorbus aucuparia", "magnitud": 3, "tipo": "Latifoliada", "follaje": "Caduco", "lon": -71.358174136385486, "lat": -40.156455436384761, "imagen": "SORBUS AUCUPARIA.gif", "url_ficha": "https://www.arbolesurbanos.com.ar/sorbus-aucuparia-serbal-del-cazador", "thumbnail": "/thumbnails/serbal-del-cazador.jpg" }, "geometry": { "type": "Point", "coordinates": [ -71.358174136385486, -40.156455436384761 ] } },
{ "type": "Feature", "properties": { "nombrevulgar": "Serbal del cazador", "nombrecientifico": "Sorbus aucuparia", "magnitud": 3, "tipo": "Latifoliada", "follaje": "Caduco", "lon": -71.358142741759139, "lat": -40.156478302683333, "imagen": "SORBUS AUCUPARIA.gif", "url_ficha": "https://www.arbolesurbanos.com.ar/sorbus-aucuparia-serbal-del-cazador", "thumbnail": "/thumbnails/serbal-del-cazador.jpg" }, "geometry": { "type": "Point", "coordinates": [ -71.358142741759139, -40.156478302683333 ] } },
{ "type": "Feature", "properties": { "nombrevulgar": "Serbal del cazador", "nombrecientifico": "Sorbus aucuparia", "magnitud": 3, "tipo": "Latifoliada", "follaje": "Caduco", "lon": -71.35943287012077, "lat": -40.153954859506058, "imagen": "SORBUS AUCUPARIA.gif", "url_ficha": "https://www.arbolesurbanos.com.ar/sorbus-aucuparia-serbal-del-cazador", "thumbnail": "/thumbnails/serbal-del-cazador.jpg" }, "geometry": { "type": "Point", "coordinates": [ -71.35943287012077, -40.153954859506058 ] } },
{ "type": "Feature", "properties": { "nombrevulgar": "Serbal del cazador", "nombrecientifico": "Sorbus aucuparia", "magnitud": 3, "tipo": "Latifoliada", "follaje": "Caduco", "lon": -71.359376810302436, "lat": -40.153937093966334, "imagen": "SORBUS AUCUPARIA.gif", "url_ficha": "https://www.arbolesurbanos.com.ar/sorbus-aucuparia-serbal-del-cazador", "thumbnail": "/thumbnails/serbal-del-cazador.jpg" }, "geometry": { "type": "Point", "coordinates": [ -71.359376810302436, -40.153937093966334 ] } },
{ "type": "Feature", "properties": { "nombrevulgar": "Serbal del cazador", "nombrecientifico": "Sorbus aucuparia", "magnitud": 3, "tipo": "Latifoliada", "follaje": "Caduco", "lon": -71.358424965777246, "lat": -40.153749041692102, "imagen": "SORBUS AUCUPARIA.gif", "url_ficha": "https://www.arbolesurbanos.com.ar/sorbus-aucuparia-serbal-del-cazador", "thumbnail": "/thumbnails/serbal-del-cazador.jpg" }, "geometry": { "type": "Point", "coordinates": [ -71.358424965777246, -40.153749041692102 ] } },
{ "type": "Feature", "properties": { "nombrevulgar": "Serbal del cazador", "nombrecientifico": "Sorbus aucuparia", "magnitud": 3, "tipo": "Latifoliada", "follaje": "Caduco", "lon": -71.356486462586858, "lat": -40.154979369274365, "imagen": "SORBUS AUCUPARIA.gif", "url_ficha": "https://www.arbolesurbanos.com.ar/sorbus-aucuparia-serbal-del-cazador", "thumbnail": "/thumbnails/serbal-del-cazador.jpg" }, "geometry": { "type": "Point", "coordinates": [ -71.356486462586858, -40.154979369274365 ] } },
{ "type": "Feature", "properties": { "nombrevulgar": "Serbal del cazador", "nombrecientifico": "Sorbus aucuparia", "magnitud": 3, "tipo": "Latifoliada", "follaje": "Caduco", "lon": -71.35093750571005, "lat": -40.150656179078744, "imagen": "SORBUS AUCUPARIA.gif", "url_ficha": "https://www.arbolesurbanos.com.ar/sorbus-aucuparia-serbal-del-cazador", "thumbnail": "/thumbnails/serbal-del-cazador.jpg" }, "geometry": { "type": "Point", "coordinates": [ -71.35093750571005, -40.150656179078744 ] } },
{ "type": "Feature", "properties": { "nombrevulgar": "Serbal del cazador", "nombrecientifico": "Sorbus aucuparia", "magnitud": 3, "tipo": "Latifoliada", "follaje": "Caduco", "lon": -71.360309483406922, "lat": -40.158197355859052, "imagen": "SORBUS AUCUPARIA.gif", "url_ficha": "https://www.arbolesurbanos.com.ar/sorbus-aucuparia-serbal-del-cazador", "thumbnail": "/thumbnails/serbal-del-cazador.jpg" }, "geometry": { "type": "Point", "coordinates": [ -71.360309483406922, -40.158197355859052 ] } },
{ "type": "Feature", "properties": { "nombrevulgar": "Serbal del cazador", "nombrecientifico": "Sorbus aucuparia", "magnitud": 3, "tipo": "Latifoliada", "follaje": "Caduco", "lon": -71.352201690342369, "lat": -40.149523278179537, "imagen": "SORBUS AUCUPARIA.gif", "url_ficha": "https://www.arbolesurbanos.com.ar/sorbus-aucuparia-serbal-del-cazador", "thumbnail": "/thumbnails/serbal-del-cazador.jpg" }, "geometry": { "type": "Point", "coordinates": [ -71.352201690342369, -40.149523278179537 ] } },
{ "type": "Feature", "properties": { "nombrevulgar": "Serbal del cazador", "nombrecientifico": "Sorbus aucuparia", "magnitud": 3, "tipo": "Latifoliada", "follaje": "Caduco", "lon": -71.351897030339714, "lat": -40.149763014254887, "imagen": "SORBUS AUCUPARIA.gif", "url_ficha": "https://www.arbolesurbanos.com.ar/sorbus-aucuparia-serbal-del-cazador", "thumbnail": "/thumbnails/serbal-del-cazador.jpg" }, "geometry": { "type": "Point", "coordinates": [ -71.351897030339714, -40.149763014254887 ] } },
{ "type": "Feature", "properties": { "nombrevulgar": "Serbal del cazador", "nombrecientifico": "Sorbus aucuparia", "magnitud": 3, "tipo": "Latifoliada", "follaje": "Caduco", "lon": -71.355317346056125, "lat": -40.151595693793631, "imagen": "SORBUS AUCUPARIA.gif", "url_ficha": "https://www.arbolesurbanos.com.ar/sorbus-aucuparia-serbal-del-cazador", "thumbnail": "/thumbnails/serbal-del-cazador.jpg" }, "geometry": { "type": "Point", "coordinates": [ -71.355317346056125, -40.151595693793631 ] } },
{ "type": "Feature", "properties": { "nombrevulgar": "Serbal del cazador", "nombrecientifico": "Sorbus aucuparia", "magnitud": 3, "tipo": "Latifoliada", "follaje": "Caduco", "lon": -71.35588854078074, "lat": -40.150811365698395, "imagen": "SORBUS AUCUPARIA.gif", "url_ficha": "https://www.arbolesurbanos.com.ar/sorbus-aucuparia-serbal-del-cazador", "thumbnail": "/thumbnails/serbal-del-cazador.jpg" }, "geometry": { "type": "Point", "coordinates": [ -71.35588854078074, -40.150811365698395 ] } },
{ "type": "Feature", "properties": { "nombrevulgar": "Serbal del cazador", "nombrecientifico": "Sorbus aucuparia", "magnitud": 3, "tipo": "Latifoliada", "follaje": "Caduco", "lon": -71.353629293627648, "lat": -40.149149344608965, "imagen": "SORBUS AUCUPARIA.gif", "url_ficha": "https://www.arbolesurbanos.com.ar/sorbus-aucuparia-serbal-del-cazador", "thumbnail": "/thumbnails/serbal-del-cazador.jpg" }, "geometry": { "type": "Point", "coordinates": [ -71.353629293627648, -40.149149344608965 ] } },
{ "type": "Feature", "properties": { "nombrevulgar": "Aromo", "nombrecientifico": "Acacia dealbata", "magnitud": 3, "tipo": "Latifoliada", "follaje": "Perenne", "lon": -71.359336132024737, "lat": -40.156317052142263, "imagen": "Acacia dealbata.gif", "url_ficha": "https://www.arbolesurbanos.com.ar/acacia-dealbata-romo-australiano/", "thumbnail": "/iconos/3/Acacia dealbata.gif" }, "geometry": { "type": "Point", "coordinates": [ -71.359336132024737, -40.156317052142263 ] } },
{ "type": "Feature", "properties": { "nombrevulgar": "Aromo", "nombrecientifico": "Acacia dealbata", "magnitud": 3, "tipo": "Latifoliada", "follaje": "Perenne", "lon": -71.358488621842866, "lat": -40.154663490253128, "imagen": "Acacia dealbata.gif", "url_ficha": "https://www.arbolesurbanos.com.ar/acacia-dealbata-romo-australiano/", "thumbnail": "/iconos/3/Acacia dealbata.gif" }, "geometry": { "type": "Point", "coordinates": [ -71.358488621842866, -40.154663490253128 ] } },
{ "type": "Feature", "properties": { "nombrevulgar": "Aromo", "nombrecientifico": "Acacia dealbata", "magnitud": 3, "tipo": "Latifoliada", "follaje": "Perenne", "lon": -71.360044929717333, "lat": -40.155819328320106, "imagen": "Acacia dealbata.gif", "url_ficha": "https://www.arbolesurbanos.com.ar/acacia-dealbata-romo-australiano/", "thumbnail": "/iconos/3/Acacia dealbata.gif" }, "geometry": { "type": "Point", "coordinates": [ -71.360044929717333, -40.155819328320106 ] } },
{ "type": "Feature", "properties": { "nombrevulgar": "Aromo", "nombrecientifico": "Acacia dealbata", "magnitud": 3, "tipo": "Latifoliada", "follaje": "Perenne", "lon": -71.360146398560104, "lat": -40.155845319548817, "imagen": "Acacia dealbata.gif", "url_ficha": "https://www.arbolesurbanos.com.ar/acacia-dealbata-romo-australiano/", "thumbnail": "/iconos/3/Acacia dealbata.gif" }, "geometry": { "type": "Point", "coordinates": [ -71.360146398560104, -40.155845319548817 ] } },
{ "type": "Feature", "properties": { "nombrevulgar": "Aromo", "nombrecientifico": "Acacia dealbata", "magnitud": 3, "tipo": "Latifoliada", "follaje": "Perenne", "lon": -71.359950987983751, "lat": -40.156010652659127, "imagen": "Acacia dealbata.gif", "url_ficha": "https://www.arbolesurbanos.com.ar/acacia-dealbata-romo-australiano/", "thumbnail": "/iconos/3/Acacia dealbata.gif" }, "geometry": { "type": "Point", "coordinates": [ -71.359950987983751, -40.156010652659127 ] } },
{ "type": "Feature", "properties": { "nombrevulgar": "Aromo", "nombrecientifico": "Acacia dealbata", "magnitud": 3, "tipo": "Latifoliada", "follaje": "Perenne", "lon": -71.359958100737273, "lat": -40.155952048164806, "imagen": "Acacia dealbata.gif", "url_ficha": "https://www.arbolesurbanos.com.ar/acacia-dealbata-romo-australiano/", "thumbnail": "/iconos/3/Acacia dealbata.gif" }, "geometry": { "type": "Point", "coordinates": [ -71.359958100737273, -40.155952048164806 ] } },
{ "type": "Feature", "properties": { "nombrevulgar": "Aromo", "nombrecientifico": "Acacia dealbata", "magnitud": 3, "tipo": "Latifoliada", "follaje": "Perenne", "lon": -71.360005046278317, "lat": -40.155899646510626, "imagen": "Acacia dealbata.gif", "url_ficha": "https://www.arbolesurbanos.com.ar/acacia-dealbata-romo-australiano/", "thumbnail": "/iconos/3/Acacia dealbata.gif" }, "geometry": { "type": "Point", "coordinates": [ -71.360005046278317, -40.155899646510626 ] } },
{ "type": "Feature", "properties": { "nombrevulgar": "Aromo", "nombrecientifico": "Acacia dealbata", "magnitud": 3, "tipo": "Latifoliada", "follaje": "Perenne", "lon": -71.358416454178638, "lat": -40.154663383415517, "imagen": "Acacia dealbata.gif", "url_ficha": "https://www.arbolesurbanos.com.ar/acacia-dealbata-romo-australiano/", "thumbnail": "/iconos/3/Acacia dealbata.gif" }, "geometry": { "type": "Point", "coordinates": [ -71.358416454178638, -40.154663383415517 ] } },
{ "type": "Feature", "properties": { "nombrevulgar": "Acacia blanca", "nombrecientifico": "Robinia pseudoacacia", "magnitud": 2, "tipo": "Latifoliada", "follaje": "Caduco", "lon": -71.359423053340208, "lat": -40.156408564848569, "imagen": "ROBINIA PSEUDOACACIA.gif", "url_ficha": " https://www.arbolesurbanos.com.ar/robinia-pseudoacacia-acacia-blanca", "thumbnail": "/thumbnails/acacia-blanca.jpg" }, "geometry": { "type": "Point", "coordinates": [ -71.359423053340208, -40.156408564848569 ] } },
{ "type": "Feature", "properties": { "nombrevulgar": "Acacia blanca", "nombrecientifico": "Robinia pseudoacacia", "magnitud": 2, "tipo": "Latifoliada", "follaje": "Caduco", "lon": -71.359475210094828, "lat": -40.156432377424387, "imagen": "ROBINIA PSEUDOACACIA.gif", "url_ficha": " https://www.arbolesurbanos.com.ar/robinia-pseudoacacia-acacia-blanca", "thumbnail": "/thumbnails/acacia-blanca.jpg" }, "geometry": { "type": "Point", "coordinates": [ -71.359475210094828, -40.156432377424387 ] } },
{ "type": "Feature", "properties": { "nombrevulgar": "Acacia blanca", "nombrecientifico": "Robinia pseudoacacia", "magnitud": 2, "tipo": "Latifoliada", "follaje": "Caduco", "lon": -71.359543350383831, "lat": -40.156449645105262, "imagen": "ROBINIA PSEUDOACACIA.gif", "url_ficha": " https://www.arbolesurbanos.com.ar/robinia-pseudoacacia-acacia-blanca", "thumbnail": "/thumbnails/acacia-blanca.jpg" }, "geometry": { "type": "Point", "coordinates": [ -71.359543350383831, -40.156449645105262 ] } },
{ "type": "Feature", "properties": { "nombrevulgar": "Acacia blanca", "nombrecientifico": "Robinia pseudoacacia", "magnitud": 2, "tipo": "Latifoliada", "follaje": "Caduco", "lon": -71.359571756701598, "lat": -40.156411752009902, "imagen": "ROBINIA PSEUDOACACIA.gif", "url_ficha": " https://www.arbolesurbanos.com.ar/robinia-pseudoacacia-acacia-blanca", "thumbnail": "/thumbnails/acacia-blanca.jpg" }, "geometry": { "type": "Point", "coordinates": [ -71.359571756701598, -40.156411752009902 ] } },
{ "type": "Feature", "properties": { "nombrevulgar": "Acacia blanca", "nombrecientifico": "Robinia pseudoacacia", "magnitud": 2, "tipo": "Latifoliada", "follaje": "Caduco", "lon": -71.359640069335327, "lat": -40.15541466632704, "imagen": "ROBINIA PSEUDOACACIA.gif", "url_ficha": " https://www.arbolesurbanos.com.ar/robinia-pseudoacacia-acacia-blanca", "thumbnail": "/thumbnails/acacia-blanca.jpg" }, "geometry": { "type": "Point", "coordinates": [ -71.359640069335327, -40.15541466632704 ] } },
{ "type": "Feature", "properties": { "nombrevulgar": "Acacia blanca", "nombrecientifico": "Robinia pseudoacacia", "magnitud": 2, "tipo": "Latifoliada", "follaje": "Caduco", "lon": -71.360083510891101, "lat": -40.155471575124665, "imagen": "ROBINIA PSEUDOACACIA.gif", "url_ficha": " https://www.arbolesurbanos.com.ar/robinia-pseudoacacia-acacia-blanca", "thumbnail": "/thumbnails/acacia-blanca.jpg" }, "geometry": { "type": "Point", "coordinates": [ -71.360083510891101, -40.155471575124665 ] } },
{ "type": "Feature", "properties": { "nombrevulgar": "Acacia blanca", "nombrecientifico": "Robinia pseudoacacia", "magnitud": 2, "tipo": "Latifoliada", "follaje": "Caduco", "lon": -71.361146204820898, "lat": -40.154539901205453, "imagen": "ROBINIA PSEUDOACACIA.gif", "url_ficha": " https://www.arbolesurbanos.com.ar/robinia-pseudoacacia-acacia-blanca", "thumbnail": "/thumbnails/acacia-blanca.jpg" }, "geometry": { "type": "Point", "coordinates": [ -71.361146204820898, -40.154539901205453 ] } },
{ "type": "Feature", "properties": { "nombrevulgar": "Acacia blanca", "nombrecientifico": "Robinia pseudoacacia", "magnitud": 2, "tipo": "Latifoliada", "follaje": "Caduco", "lon": -71.359866503245186, "lat": -40.154912011251596, "imagen": "ROBINIA PSEUDOACACIA.gif", "url_ficha": " https://www.arbolesurbanos.com.ar/robinia-pseudoacacia-acacia-blanca", "thumbnail": "/thumbnails/acacia-blanca.jpg" }, "geometry": { "type": "Point", "coordinates": [ -71.359866503245186, -40.154912011251596 ] } },
{ "type": "Feature", "properties": { "nombrevulgar": "Acacia blanca", "nombrecientifico": "Robinia pseudoacacia", "magnitud": 2, "tipo": "Latifoliada", "follaje": "Caduco", "lon": -71.359858678280204, "lat": -40.155048042512561, "imagen": "ROBINIA PSEUDOACACIA.gif", "url_ficha": " https://www.arbolesurbanos.com.ar/robinia-pseudoacacia-acacia-blanca", "thumbnail": "/thumbnails/acacia-blanca.jpg" }, "geometry": { "type": "Point", "coordinates": [ -71.359858678280204, -40.155048042512561 ] } },
{ "type": "Feature", "properties": { "nombrevulgar": "Acacia blanca", "nombrecientifico": "Robinia pseudoacacia", "magnitud": 2, "tipo": "Latifoliada", "follaje": "Caduco", "lon": -71.357518268297653, "lat": -40.153168944995464, "imagen": "ROBINIA PSEUDOACACIA.gif", "url_ficha": " https://www.arbolesurbanos.com.ar/robinia-pseudoacacia-acacia-blanca", "thumbnail": "/thumbnails/acacia-blanca.jpg" }, "geometry": { "type": "Point", "coordinates": [ -71.357518268297653, -40.153168944995464 ] } },
{ "type": "Feature", "properties": { "nombrevulgar": "Acacia blanca", "nombrecientifico": "Robinia pseudoacacia", "magnitud": 2, "tipo": "Latifoliada", "follaje": "Caduco", "lon": -71.357425570213493, "lat": -40.153139566475005, "imagen": "ROBINIA PSEUDOACACIA.gif", "url_ficha": " https://www.arbolesurbanos.com.ar/robinia-pseudoacacia-acacia-blanca", "thumbnail": "/thumbnails/acacia-blanca.jpg" }, "geometry": { "type": "Point", "coordinates": [ -71.357425570213493, -40.153139566475005 ] } },
{ "type": "Feature", "properties": { "nombrevulgar": "Acacia blanca", "nombrecientifico": "Robinia pseudoacacia", "magnitud": 2, "tipo": "Latifoliada", "follaje": "Caduco", "lon": -71.357346264954018, "lat": -40.15310470393829, "imagen": "ROBINIA PSEUDOACACIA.gif", "url_ficha": " https://www.arbolesurbanos.com.ar/robinia-pseudoacacia-acacia-blanca", "thumbnail": "/thumbnails/acacia-blanca.jpg" }, "geometry": { "type": "Point", "coordinates": [ -71.357346264954018, -40.15310470393829 ] } },
{ "type": "Feature", "properties": { "nombrevulgar": "Acacia blanca", "nombrecientifico": "Robinia pseudoacacia", "magnitud": 2, "tipo": "Latifoliada", "follaje": "Caduco", "lon": -71.356834069357305, "lat": -40.153499779909922, "imagen": "ROBINIA PSEUDOACACIA.gif", "url_ficha": " https://www.arbolesurbanos.com.ar/robinia-pseudoacacia-acacia-blanca", "thumbnail": "/thumbnails/acacia-blanca.jpg" }, "geometry": { "type": "Point", "coordinates": [ -71.356834069357305, -40.153499779909922 ] } },
{ "type": "Feature", "properties": { "nombrevulgar": "Acacia blanca", "nombrecientifico": "Robinia pseudoacacia", "magnitud": 2, "tipo": "Latifoliada", "follaje": "Caduco", "lon": -71.353764655976903, "lat": -40.151906916238758, "imagen": "ROBINIA PSEUDOACACIA.gif", "url_ficha": " https://www.arbolesurbanos.com.ar/robinia-pseudoacacia-acacia-blanca", "thumbnail": "/thumbnails/acacia-blanca.jpg" }, "geometry": { "type": "Point", "coordinates": [ -71.353764655976903, -40.151906916238758 ] } },
{ "type": "Feature", "properties": { "nombrevulgar": "Acacia blanca", "nombrecientifico": "Robinia pseudoacacia", "magnitud": 2, "tipo": "Latifoliada", "follaje": "Caduco", "lon": -71.35357773672213, "lat": -40.15181447906258, "imagen": "ROBINIA PSEUDOACACIA.gif", "url_ficha": " https://www.arbolesurbanos.com.ar/robinia-pseudoacacia-acacia-blanca", "thumbnail": "/thumbnails/acacia-blanca.jpg" }, "geometry": { "type": "Point", "coordinates": [ -71.35357773672213, -40.15181447906258 ] } },
{ "type": "Feature", "properties": { "nombrevulgar": "Acacia blanca", "nombrecientifico": "Robinia pseudoacacia", "magnitud": 2, "tipo": "Latifoliada", "follaje": "Caduco", "lon": -71.356648147302025, "lat": -40.154681087902873, "imagen": "ROBINIA PSEUDOACACIA.gif", "url_ficha": " https://www.arbolesurbanos.com.ar/robinia-pseudoacacia-acacia-blanca", "thumbnail": "/thumbnails/acacia-blanca.jpg" }, "geometry": { "type": "Point", "coordinates": [ -71.356648147302025, -40.154681087902873 ] } },
{ "type": "Feature", "properties": { "nombrevulgar": "Acacia blanca", "nombrecientifico": "Robinia pseudoacacia", "magnitud": 2, "tipo": "Latifoliada", "follaje": "Caduco", "lon": -71.356682827836281, "lat": -40.154647414275153, "imagen": "ROBINIA PSEUDOACACIA.gif", "url_ficha": " https://www.arbolesurbanos.com.ar/robinia-pseudoacacia-acacia-blanca", "thumbnail": "/thumbnails/acacia-blanca.jpg" }, "geometry": { "type": "Point", "coordinates": [ -71.356682827836281, -40.154647414275153 ] } },
{ "type": "Feature", "properties": { "nombrevulgar": "Acacia blanca", "nombrecientifico": "Robinia pseudoacacia", "magnitud": 2, "tipo": "Latifoliada", "follaje": "Caduco", "lon": -71.356719105176595, "lat": -40.154563170968594, "imagen": "ROBINIA PSEUDOACACIA.gif", "url_ficha": " https://www.arbolesurbanos.com.ar/robinia-pseudoacacia-acacia-blanca", "thumbnail": "/thumbnails/acacia-blanca.jpg" }, "geometry": { "type": "Point", "coordinates": [ -71.356719105176595, -40.154563170968594 ] } },
{ "type": "Feature", "properties": { "nombrevulgar": "Acacia blanca", "nombrecientifico": "Robinia pseudoacacia", "magnitud": 2, "tipo": "Latifoliada", "follaje": "Caduco", "lon": -71.35674220304368, "lat": -40.154520559340881, "imagen": "ROBINIA PSEUDOACACIA.gif", "url_ficha": " https://www.arbolesurbanos.com.ar/robinia-pseudoacacia-acacia-blanca", "thumbnail": "/thumbnails/acacia-blanca.jpg" }, "geometry": { "type": "Point", "coordinates": [ -71.35674220304368, -40.154520559340881 ] } },
{ "type": "Feature", "properties": { "nombrevulgar": "Acacia blanca", "nombrecientifico": "Robinia pseudoacacia", "magnitud": 2, "tipo": "Latifoliada", "follaje": "Caduco", "lon": -71.356775219288664, "lat": -40.154476967765319, "imagen": "ROBINIA PSEUDOACACIA.gif", "url_ficha": " https://www.arbolesurbanos.com.ar/robinia-pseudoacacia-acacia-blanca", "thumbnail": "/thumbnails/acacia-blanca.jpg" }, "geometry": { "type": "Point", "coordinates": [ -71.356775219288664, -40.154476967765319 ] } },
{ "type": "Feature", "properties": { "nombrevulgar": "Acacia blanca", "nombrecientifico": "Robinia pseudoacacia", "magnitud": 2, "tipo": "Latifoliada", "follaje": "Caduco", "lon": -71.356788398800461, "lat": -40.154435336083935, "imagen": "ROBINIA PSEUDOACACIA.gif", "url_ficha": " https://www.arbolesurbanos.com.ar/robinia-pseudoacacia-acacia-blanca", "thumbnail": "/thumbnails/acacia-blanca.jpg" }, "geometry": { "type": "Point", "coordinates": [ -71.356788398800461, -40.154435336083935 ] } },
{ "type": "Feature", "properties": { "nombrevulgar": "Acacia blanca", "nombrecientifico": "Robinia pseudoacacia", "magnitud": 2, "tipo": "Latifoliada", "follaje": "Caduco", "lon": -71.35681149669017, "lat": -40.154392724454816, "imagen": "ROBINIA PSEUDOACACIA.gif", "url_ficha": " https://www.arbolesurbanos.com.ar/robinia-pseudoacacia-acacia-blanca", "thumbnail": "/thumbnails/acacia-blanca.jpg" }, "geometry": { "type": "Point", "coordinates": [ -71.35681149669017, -40.154392724454816 ] } },
{ "type": "Feature", "properties": { "nombrevulgar": "Acacia blanca", "nombrecientifico": "Robinia pseudoacacia", "magnitud": 2, "tipo": "Latifoliada", "follaje": "Caduco", "lon": -71.356258991884332, "lat": -40.154104511630614, "imagen": "ROBINIA PSEUDOACACIA.gif", "url_ficha": " https://www.arbolesurbanos.com.ar/robinia-pseudoacacia-acacia-blanca", "thumbnail": "/thumbnails/acacia-blanca.jpg" }, "geometry": { "type": "Point", "coordinates": [ -71.356258991884332, -40.154104511630614 ] } },
{ "type": "Feature", "properties": { "nombrevulgar": "Acacia blanca", "nombrecientifico": "Robinia pseudoacacia", "magnitud": 2, "tipo": "Latifoliada", "follaje": "Caduco", "lon": -71.356311912354826, "lat": -40.154119447786115, "imagen": "ROBINIA PSEUDOACACIA.gif", "url_ficha": " https://www.arbolesurbanos.com.ar/robinia-pseudoacacia-acacia-blanca", "thumbnail": "/thumbnails/acacia-blanca.jpg" }, "geometry": { "type": "Point", "coordinates": [ -71.356311912354826, -40.154119447786115 ] } },
{ "type": "Feature", "properties": { "nombrevulgar": "Acacia blanca", "nombrecientifico": "Robinia pseudoacacia", "magnitud": 2, "tipo": "Latifoliada", "follaje": "Caduco", "lon": -71.356364832822905, "lat": -40.154134383941866, "imagen": "ROBINIA PSEUDOACACIA.gif", "url_ficha": " https://www.arbolesurbanos.com.ar/robinia-pseudoacacia-acacia-blanca", "thumbnail": "/thumbnails/acacia-blanca.jpg" }, "geometry": { "type": "Point", "coordinates": [ -71.356364832822905, -40.154134383941866 ] } },
{ "type": "Feature", "properties": { "nombrevulgar": "Acacia blanca", "nombrecientifico": "Robinia pseudoacacia", "magnitud": 2, "tipo": "Latifoliada", "follaje": "Caduco", "lon": -71.35641941758081, "lat": -40.154159238045359, "imagen": "ROBINIA PSEUDOACACIA.gif", "url_ficha": " https://www.arbolesurbanos.com.ar/robinia-pseudoacacia-acacia-blanca", "thumbnail": "/thumbnails/acacia-blanca.jpg" }, "geometry": { "type": "Point", "coordinates": [ -71.35641941758081, -40.154159238045359 ] } },
{ "type": "Feature", "properties": { "nombrevulgar": "Acacia blanca", "nombrecientifico": "Robinia pseudoacacia", "magnitud": 2, "tipo": "Latifoliada", "follaje": "Caduco", "lon": -71.356472338044753, "lat": -40.154174174201508, "imagen": "ROBINIA PSEUDOACACIA.gif", "url_ficha": " https://www.arbolesurbanos.com.ar/robinia-pseudoacacia-acacia-blanca", "thumbnail": "/thumbnails/acacia-blanca.jpg" }, "geometry": { "type": "Point", "coordinates": [ -71.356472338044753, -40.154174174201508 ] } },
{ "type": "Feature", "properties": { "nombrevulgar": "Acacia blanca", "nombrecientifico": "Robinia pseudoacacia", "magnitud": 2, "tipo": "Latifoliada", "follaje": "Caduco", "lon": -71.356525258506409, "lat": -40.154189110357912, "imagen": "ROBINIA PSEUDOACACIA.gif", "url_ficha": " https://www.arbolesurbanos.com.ar/robinia-pseudoacacia-acacia-blanca", "thumbnail": "/thumbnails/acacia-blanca.jpg" }, "geometry": { "type": "Point", "coordinates": [ -71.356525258506409, -40.154189110357912 ] } },
{ "type": "Feature", "properties": { "nombrevulgar": "Acacia blanca", "nombrecientifico": "Robinia pseudoacacia", "magnitud": 2, "tipo": "Latifoliada", "follaje": "Caduco", "lon": -71.356588097339127, "lat": -40.154203066566907, "imagen": "ROBINIA PSEUDOACACIA.gif", "url_ficha": " https://www.arbolesurbanos.com.ar/robinia-pseudoacacia-acacia-blanca", "thumbnail": "/thumbnails/acacia-blanca.jpg" }, "geometry": { "type": "Point", "coordinates": [ -71.356588097339127, -40.154203066566907 ] } },
{ "type": "Feature", "properties": { "nombrevulgar": "Acacia blanca", "nombrecientifico": "Robinia pseudoacacia", "magnitud": 2, "tipo": "Latifoliada", "follaje": "Caduco", "lon": -71.35670718521375, "lat": -40.154251794827985, "imagen": "ROBINIA PSEUDOACACIA.gif", "url_ficha": " https://www.arbolesurbanos.com.ar/robinia-pseudoacacia-acacia-blanca", "thumbnail": "/thumbnails/acacia-blanca.jpg" }, "geometry": { "type": "Point", "coordinates": [ -71.35670718521375, -40.154251794827985 ] } },
{ "type": "Feature", "properties": { "nombrevulgar": "Acacia blanca", "nombrecientifico": "Robinia pseudoacacia", "magnitud": 2, "tipo": "Latifoliada", "follaje": "Caduco", "lon": -71.360666594207757, "lat": -40.158344225085528, "imagen": "ROBINIA PSEUDOACACIA.gif", "url_ficha": " https://www.arbolesurbanos.com.ar/robinia-pseudoacacia-acacia-blanca", "thumbnail": "/thumbnails/acacia-blanca.jpg" }, "geometry": { "type": "Point", "coordinates": [ -71.360666594207757, -40.158344225085528 ] } },
{ "type": "Feature", "properties": { "nombrevulgar": "Acacia blanca", "nombrecientifico": "Robinia pseudoacacia", "magnitud": 2, "tipo": "Latifoliada", "follaje": "Caduco", "lon": -71.352680502478933, "lat": -40.148265109867985, "imagen": "ROBINIA PSEUDOACACIA.gif", "url_ficha": " https://www.arbolesurbanos.com.ar/robinia-pseudoacacia-acacia-blanca", "thumbnail": "/thumbnails/acacia-blanca.jpg" }, "geometry": { "type": "Point", "coordinates": [ -71.352680502478933, -40.148265109867985 ] } },
{ "type": "Feature", "properties": { "nombrevulgar": "Acacia blanca", "nombrecientifico": "Robinia pseudoacacia", "magnitud": 2, "tipo": "Latifoliada", "follaje": "Caduco", "lon": -71.356028554623421, "lat": -40.153780652785414, "imagen": "ROBINIA PSEUDOACACIA.gif", "url_ficha": " https://www.arbolesurbanos.com.ar/robinia-pseudoacacia-acacia-blanca", "thumbnail": "/thumbnails/acacia-blanca.jpg" }, "geometry": { "type": "Point", "coordinates": [ -71.356028554623421, -40.153780652785414 ] } },
{ "type": "Feature", "properties": { "nombrevulgar": "Acacia blanca", "nombrecientifico": "Robinia pseudoacacia", "magnitud": 2, "tipo": "Latifoliada", "follaje": "Caduco", "lon": -71.356124629262681, "lat": -40.153832705423248, "imagen": "ROBINIA PSEUDOACACIA.gif", "url_ficha": " https://www.arbolesurbanos.com.ar/robinia-pseudoacacia-acacia-blanca", "thumbnail": "/thumbnails/acacia-blanca.jpg" }, "geometry": { "type": "Point", "coordinates": [ -71.356124629262681, -40.153832705423248 ] } },
{ "type": "Feature", "properties": { "nombrevulgar": "Acacia blanca", "nombrecientifico": "Robinia pseudoacacia", "magnitud": 2, "tipo": "Latifoliada", "follaje": "Caduco", "lon": -71.357299925946307, "lat": -40.153096849948632, "imagen": "ROBINIA PSEUDOACACIA.gif", "url_ficha": " https://www.arbolesurbanos.com.ar/robinia-pseudoacacia-acacia-blanca", "thumbnail": "/thumbnails/acacia-blanca.jpg" }, "geometry": { "type": "Point", "coordinates": [ -71.357299925946307, -40.153096849948632 ] } },
{ "type": "Feature", "properties": { "nombrevulgar": "Acacia blanca", "nombrecientifico": "Robinia pseudoacacia", "magnitud": 2, "tipo": "Latifoliada", "follaje": "Caduco", "lon": -71.35744296484819, "lat": -40.153134150109452, "imagen": "ROBINIA PSEUDOACACIA.gif", "url_ficha": " https://www.arbolesurbanos.com.ar/robinia-pseudoacacia-acacia-blanca", "thumbnail": "/thumbnails/acacia-blanca.jpg" }, "geometry": { "type": "Point", "coordinates": [ -71.35744296484819, -40.153134150109452 ] } },
{ "type": "Feature", "properties": { "nombrevulgar": "Acacia blanca", "nombrecientifico": "Robinia pseudoacacia", "magnitud": 2, "tipo": "Latifoliada", "follaje": "Caduco", "lon": -71.357560761590904, "lat": -40.153158588134772, "imagen": "ROBINIA PSEUDOACACIA.gif", "url_ficha": " https://www.arbolesurbanos.com.ar/robinia-pseudoacacia-acacia-blanca", "thumbnail": "/thumbnails/acacia-blanca.jpg" }, "geometry": { "type": "Point", "coordinates": [ -71.357560761590904, -40.153158588134772 ] } },
{ "type": "Feature", "properties": { "nombrevulgar": "Acacia blanca", "nombrecientifico": "Robinia pseudoacacia", "magnitud": 2, "tipo": "Latifoliada", "follaje": "Caduco", "lon": -71.356956632581799, "lat": -40.153634484768986, "imagen": "ROBINIA PSEUDOACACIA.gif", "url_ficha": " https://www.arbolesurbanos.com.ar/robinia-pseudoacacia-acacia-blanca", "thumbnail": "/thumbnails/acacia-blanca.jpg" }, "geometry": { "type": "Point", "coordinates": [ -71.356956632581799, -40.153634484768986 ] } },
{ "type": "Feature", "properties": { "nombrevulgar": "Alamo plateado", "nombrecientifico": "Populus alba", "magnitud": 1, "tipo": "Latifoliada", "follaje": "Caduco", "lon": -71.359547719280897, "lat": -40.156341760256716, "imagen": "Populus alba.gif", "url_ficha": "https://www.arbolesurbanos.com.ar/populus-alba-alamo-blanco/", "thumbnail": "/thumbnails/populus-alba.jpg" }, "geometry": { "type": "Point", "coordinates": [ -71.359547719280897, -40.156341760256716 ] } },
{ "type": "Feature", "properties": { "nombrevulgar": "Alamo plateado", "nombrecientifico": "Populus alba", "magnitud": 1, "tipo": "Latifoliada", "follaje": "Caduco", "lon": -71.359141748386293, "lat": -40.155061500180224, "imagen": "Populus alba.gif", "url_ficha": "https://www.arbolesurbanos.com.ar/populus-alba-alamo-blanco/", "thumbnail": "/thumbnails/populus-alba.jpg" }, "geometry": { "type": "Point", "coordinates": [ -71.359141748386293, -40.155061500180224 ] } },
{ "type": "Feature", "properties": { "nombrevulgar": "Alamo plateado", "nombrecientifico": "Populus alba", "magnitud": 1, "tipo": "Latifoliada", "follaje": "Caduco", "lon": -71.359211817177197, "lat": -40.155079203056417, "imagen": "Populus alba.gif", "url_ficha": "https://www.arbolesurbanos.com.ar/populus-alba-alamo-blanco/", "thumbnail": "/thumbnails/populus-alba.jpg" }, "geometry": { "type": "Point", "coordinates": [ -71.359211817177197, -40.155079203056417 ] } },
{ "type": "Feature", "properties": { "nombrevulgar": "Alamo plateado", "nombrecientifico": "Populus alba", "magnitud": 1, "tipo": "Latifoliada", "follaje": "Caduco", "lon": -71.359832239256676, "lat": -40.154575479655456, "imagen": "Populus alba.gif", "url_ficha": "https://www.arbolesurbanos.com.ar/populus-alba-alamo-blanco/", "thumbnail": "/thumbnails/populus-alba.jpg" }, "geometry": { "type": "Point", "coordinates": [ -71.359832239256676, -40.154575479655456 ] } },
{ "type": "Feature", "properties": { "nombrevulgar": "Alamo plateado", "nombrecientifico": "Populus alba", "magnitud": 1, "tipo": "Latifoliada", "follaje": "Caduco", "lon": -71.360712484557837, "lat": -40.154219879556138, "imagen": "Populus alba.gif", "url_ficha": "https://www.arbolesurbanos.com.ar/populus-alba-alamo-blanco/", "thumbnail": "/thumbnails/populus-alba.jpg" }, "geometry": { "type": "Point", "coordinates": [ -71.360712484557837, -40.154219879556138 ] } },
{ "type": "Feature", "properties": { "nombrevulgar": "Alamo plateado", "nombrecientifico": "Populus alba", "magnitud": 1, "tipo": "Latifoliada", "follaje": "Caduco", "lon": -71.360759525750836, "lat": -40.154240033650709, "imagen": "Populus alba.gif", "url_ficha": "https://www.arbolesurbanos.com.ar/populus-alba-alamo-blanco/", "thumbnail": "/thumbnails/populus-alba.jpg" }, "geometry": { "type": "Point", "coordinates": [ -71.360759525750836, -40.154240033650709 ] } },
{ "type": "Feature", "properties": { "nombrevulgar": "Alamo plateado", "nombrecientifico": "Populus alba", "magnitud": 1, "tipo": "Latifoliada", "follaje": "Caduco", "lon": -71.360844501825994, "lat": -40.154268303838748, "imagen": "Populus alba.gif", "url_ficha": "https://www.arbolesurbanos.com.ar/populus-alba-alamo-blanco/", "thumbnail": "/thumbnails/populus-alba.jpg" }, "geometry": { "type": "Point", "coordinates": [ -71.360844501825994, -40.154268303838748 ] } },
{ "type": "Feature", "properties": { "nombrevulgar": "Alamo plateado", "nombrecientifico": "Populus alba", "magnitud": 1, "tipo": "Latifoliada", "follaje": "Caduco", "lon": -71.360241327409142, "lat": -40.155237433447667, "imagen": "Populus alba.gif", "url_ficha": "https://www.arbolesurbanos.com.ar/populus-alba-alamo-blanco/", "thumbnail": "/thumbnails/populus-alba.jpg" }, "geometry": { "type": "Point", "coordinates": [ -71.360241327409142, -40.155237433447667 ] } },
{ "type": "Feature", "properties": { "nombrevulgar": "Alamo plateado", "nombrecientifico": "Populus alba", "magnitud": 1, "tipo": "Latifoliada", "follaje": "Caduco", "lon": -71.360160887381582, "lat": -40.155358111997963, "imagen": "Populus alba.gif", "url_ficha": "https://www.arbolesurbanos.com.ar/populus-alba-alamo-blanco/", "thumbnail": "/thumbnails/populus-alba.jpg" }, "geometry": { "type": "Point", "coordinates": [ -71.360160887381582, -40.155358111997963 ] } },
{ "type": "Feature", "properties": { "nombrevulgar": "Alamo plateado", "nombrecientifico": "Populus alba", "magnitud": 1, "tipo": "Latifoliada", "follaje": "Caduco", "lon": -71.358093646631261, "lat": -40.155890114767544, "imagen": "Populus alba.gif", "url_ficha": "https://www.arbolesurbanos.com.ar/populus-alba-alamo-blanco/", "thumbnail": "/thumbnails/populus-alba.jpg" }, "geometry": { "type": "Point", "coordinates": [ -71.358093646631261, -40.155890114767544 ] } },
{ "type": "Feature", "properties": { "nombrevulgar": "Pehuen", "nombrecientifico": "Araucaria araucana", "magnitud": 1, "tipo": "Conífera", "follaje": "Perenne", "lon": -71.359568526810378, "lat": -40.156068522373651, "imagen": "ARAUCARIA ARAUCANA.gif", "url_ficha": "https://www.arbolesurbanos.com.ar/araucaria-araucana-pehuen/ ‎", "thumbnail": "/thumbnails/pehuen.jpg" }, "geometry": { "type": "Point", "coordinates": [ -71.359568526810378, -40.156068522373651 ] } },
{ "type": "Feature", "properties": { "nombrevulgar": "Pehuen", "nombrecientifico": "Araucaria araucana", "magnitud": 1, "tipo": "Conífera", "follaje": "Perenne", "lon": -71.359114583059011, "lat": -40.155857962523484, "imagen": "ARAUCARIA ARAUCANA.gif", "url_ficha": "https://www.arbolesurbanos.com.ar/araucaria-araucana-pehuen/ ‎", "thumbnail": "/thumbnails/pehuen.jpg" }, "geometry": { "type": "Point", "coordinates": [ -71.359114583059011, -40.155857962523484 ] } },
{ "type": "Feature", "properties": { "nombrevulgar": "Pehuen", "nombrecientifico": "Araucaria araucana", "magnitud": 1, "tipo": "Conífera", "follaje": "Perenne", "lon": -71.359764381239202, "lat": -40.156842148087954, "imagen": "ARAUCARIA ARAUCANA.gif", "url_ficha": "https://www.arbolesurbanos.com.ar/araucaria-araucana-pehuen/ ‎", "thumbnail": "/thumbnails/pehuen.jpg" }, "geometry": { "type": "Point", "coordinates": [ -71.359764381239202, -40.156842148087954 ] } },
{ "type": "Feature", "properties": { "nombrevulgar": "Pehuen", "nombrecientifico": "Araucaria araucana", "magnitud": 1, "tipo": "Conífera", "follaje": "Perenne", "lon": -71.357869623021685, "lat": -40.156238980474768, "imagen": "ARAUCARIA ARAUCANA.gif", "url_ficha": "https://www.arbolesurbanos.com.ar/araucaria-araucana-pehuen/ ‎", "thumbnail": "/thumbnails/pehuen.jpg" }, "geometry": { "type": "Point", "coordinates": [ -71.357869623021685, -40.156238980474768 ] } },
{ "type": "Feature", "properties": { "nombrevulgar": "Pehuen", "nombrecientifico": "Araucaria araucana", "magnitud": 1, "tipo": "Conífera", "follaje": "Perenne", "lon": -71.357865444441146, "lat": -40.155287546854666, "imagen": "ARAUCARIA ARAUCANA.gif", "url_ficha": "https://www.arbolesurbanos.com.ar/araucaria-araucana-pehuen/ ‎", "thumbnail": "/thumbnails/pehuen.jpg" }, "geometry": { "type": "Point", "coordinates": [ -71.357865444441146, -40.155287546854666 ] } },
{ "type": "Feature", "properties": { "nombrevulgar": "Pehuen", "nombrecientifico": "Araucaria araucana", "magnitud": 1, "tipo": "Conífera", "follaje": "Perenne", "lon": -71.358326429409956, "lat": -40.155456901399425, "imagen": "ARAUCARIA ARAUCANA.gif", "url_ficha": "https://www.arbolesurbanos.com.ar/araucaria-araucana-pehuen/ ‎", "thumbnail": "/thumbnails/pehuen.jpg" }, "geometry": { "type": "Point", "coordinates": [ -71.358326429409956, -40.155456901399425 ] } },
{ "type": "Feature", "properties": { "nombrevulgar": "Pehuen", "nombrecientifico": "Araucaria araucana", "magnitud": 1, "tipo": "Conífera", "follaje": "Perenne", "lon": -71.359547346636617, "lat": -40.154989632393303, "imagen": "ARAUCARIA ARAUCANA.gif", "url_ficha": "https://www.arbolesurbanos.com.ar/araucaria-araucana-pehuen/ ‎", "thumbnail": "/thumbnails/pehuen.jpg" }, "geometry": { "type": "Point", "coordinates": [ -71.359547346636617, -40.154989632393303 ] } },
{ "type": "Feature", "properties": { "nombrevulgar": "Pehuen", "nombrecientifico": "Araucaria araucana", "magnitud": 1, "tipo": "Conífera", "follaje": "Perenne", "lon": -71.359647250484443, "lat": -40.154873479161068, "imagen": "ARAUCARIA ARAUCANA.gif", "url_ficha": "https://www.arbolesurbanos.com.ar/araucaria-araucana-pehuen/ ‎", "thumbnail": "/thumbnails/pehuen.jpg" }, "geometry": { "type": "Point", "coordinates": [ -71.359647250484443, -40.154873479161068 ] } },
{ "type": "Feature", "properties": { "nombrevulgar": "Pehuen", "nombrecientifico": "Araucaria araucana", "magnitud": 1, "tipo": "Conífera", "follaje": "Perenne", "lon": -71.360989652726062, "lat": -40.154204274934429, "imagen": "ARAUCARIA ARAUCANA.gif", "url_ficha": "https://www.arbolesurbanos.com.ar/araucaria-araucana-pehuen/ ‎", "thumbnail": "/thumbnails/pehuen.jpg" }, "geometry": { "type": "Point", "coordinates": [ -71.360989652726062, -40.154204274934429 ] } },
{ "type": "Feature", "properties": { "nombrevulgar": "Pehuen", "nombrecientifico": "Araucaria araucana", "magnitud": 1, "tipo": "Conífera", "follaje": "Perenne", "lon": -71.358969103633768, "lat": -40.153826416669226, "imagen": "ARAUCARIA ARAUCANA.gif", "url_ficha": "https://www.arbolesurbanos.com.ar/araucaria-araucana-pehuen/ ‎", "thumbnail": "/thumbnails/pehuen.jpg" }, "geometry": { "type": "Point", "coordinates": [ -71.358969103633768, -40.153826416669226 ] } },
{ "type": "Feature", "properties": { "nombrevulgar": "Pehuen", "nombrecientifico": "Araucaria araucana", "magnitud": 1, "tipo": "Conífera", "follaje": "Perenne", "lon": -71.356517071827739, "lat": -40.154260495884728, "imagen": "ARAUCARIA ARAUCANA.gif", "url_ficha": "https://www.arbolesurbanos.com.ar/araucaria-araucana-pehuen/ ‎", "thumbnail": "/thumbnails/pehuen.jpg" }, "geometry": { "type": "Point", "coordinates": [ -71.356517071827739, -40.154260495884728 ] } },
{ "type": "Feature", "properties": { "nombrevulgar": "Pehuen", "nombrecientifico": "Araucaria araucana", "magnitud": 1, "tipo": "Conífera", "follaje": "Perenne", "lon": -71.35963495866865, "lat": -40.157245716819709, "imagen": "ARAUCARIA ARAUCANA.gif", "url_ficha": "https://www.arbolesurbanos.com.ar/araucaria-araucana-pehuen/ ‎", "thumbnail": "/thumbnails/pehuen.jpg" }, "geometry": { "type": "Point", "coordinates": [ -71.35963495866865, -40.157245716819709 ] } },
{ "type": "Feature", "properties": { "nombrevulgar": "Pehuen", "nombrecientifico": "Araucaria araucana", "magnitud": 1, "tipo": "Conífera", "follaje": "Perenne", "lon": -71.359358501035985, "lat": -40.158084949746502, "imagen": "ARAUCARIA ARAUCANA.gif", "url_ficha": "https://www.arbolesurbanos.com.ar/araucaria-araucana-pehuen/ ‎", "thumbnail": "/thumbnails/pehuen.jpg" }, "geometry": { "type": "Point", "coordinates": [ -71.359358501035985, -40.158084949746502 ] } },
{ "type": "Feature", "properties": { "nombrevulgar": "Pehuen", "nombrecientifico": "Araucaria araucana", "magnitud": 1, "tipo": "Conífera", "follaje": "Perenne", "lon": -71.352601067418689, "lat": -40.148565817633042, "imagen": "ARAUCARIA ARAUCANA.gif", "url_ficha": "https://www.arbolesurbanos.com.ar/araucaria-araucana-pehuen/ ‎", "thumbnail": "/thumbnails/pehuen.jpg" }, "geometry": { "type": "Point", "coordinates": [ -71.352601067418689, -40.148565817633042 ] } },
{ "type": "Feature", "properties": { "nombrevulgar": "Pehuen", "nombrecientifico": "Araucaria araucana", "magnitud": 1, "tipo": "Conífera", "follaje": "Perenne", "lon": -71.355130172996851, "lat": -40.151600584872199, "imagen": "ARAUCARIA ARAUCANA.gif", "url_ficha": "https://www.arbolesurbanos.com.ar/araucaria-araucana-pehuen/ ‎", "thumbnail": "/thumbnails/pehuen.jpg" }, "geometry": { "type": "Point", "coordinates": [ -71.355130172996851, -40.151600584872199 ] } },
{ "type": "Feature", "properties": { "nombrevulgar": "Pehuen", "nombrecientifico": "Araucaria araucana", "magnitud": 1, "tipo": "Conífera", "follaje": "Perenne", "lon": -71.35668418400904, "lat": -40.149348620327714, "imagen": "ARAUCARIA ARAUCANA.gif", "url_ficha": "https://www.arbolesurbanos.com.ar/araucaria-araucana-pehuen/ ‎", "thumbnail": "/thumbnails/pehuen.jpg" }, "geometry": { "type": "Point", "coordinates": [ -71.35668418400904, -40.149348620327714 ] } },
{ "type": "Feature", "properties": { "nombrevulgar": "Pehuen", "nombrecientifico": "Araucaria araucana", "magnitud": 1, "tipo": "Conífera", "follaje": "Perenne", "lon": -71.353275493542327, "lat": -40.149545979497866, "imagen": "ARAUCARIA ARAUCANA.gif", "url_ficha": "https://www.arbolesurbanos.com.ar/araucaria-araucana-pehuen/ ‎", "thumbnail": "/thumbnails/pehuen.jpg" }, "geometry": { "type": "Point", "coordinates": [ -71.353275493542327, -40.149545979497866 ] } },
{ "type": "Feature", "properties": { "nombrevulgar": "Pehuen", "nombrecientifico": "Araucaria araucana", "magnitud": 1, "tipo": "Conífera", "follaje": "Perenne", "lon": -71.357135010506468, "lat": -40.154557971966057, "imagen": "ARAUCARIA ARAUCANA.gif", "url_ficha": "https://www.arbolesurbanos.com.ar/araucaria-araucana-pehuen/ ‎", "thumbnail": "/thumbnails/pehuen.jpg" }, "geometry": { "type": "Point", "coordinates": [ -71.357135010506468, -40.154557971966057 ] } },
{ "type": "Feature", "properties": { "nombrevulgar": "Pehuen", "nombrecientifico": "Araucaria araucana", "magnitud": 1, "tipo": "Conífera", "follaje": "Perenne", "lon": -71.356912879505884, "lat": -40.154975980844455, "imagen": "ARAUCARIA ARAUCANA.gif", "url_ficha": "https://www.arbolesurbanos.com.ar/araucaria-araucana-pehuen/ ‎", "thumbnail": "/thumbnails/pehuen.jpg" }, "geometry": { "type": "Point", "coordinates": [ -71.356912879505884, -40.154975980844455 ] } },
{ "type": "Feature", "properties": { "nombrevulgar": "Maitén", "nombrecientifico": "Maytenus boaria", "magnitud": 2, "tipo": "Latifoliada", "follaje": "Perenne", "lon": -71.35968836534677, "lat": -40.155985878597242, "imagen": "MAYTENUS BOARIA.gif", "url_ficha": "https://www.arbolesurbanos.com.ar/maytenus-boaria-maiten/", "thumbnail": "/thumbnails/maiten.jpg" }, "geometry": { "type": "Point", "coordinates": [ -71.35968836534677, -40.155985878597242 ] } },
{ "type": "Feature", "properties": { "nombrevulgar": "Maitén", "nombrecientifico": "Maytenus boaria", "magnitud": 2, "tipo": "Latifoliada", "follaje": "Perenne", "lon": -71.358933757790581, "lat": -40.154763739264695, "imagen": "MAYTENUS BOARIA.gif", "url_ficha": "https://www.arbolesurbanos.com.ar/maytenus-boaria-maiten/", "thumbnail": "/thumbnails/maiten.jpg" }, "geometry": { "type": "Point", "coordinates": [ -71.358933757790581, -40.154763739264695 ] } },
{ "type": "Feature", "properties": { "nombrevulgar": "Maitén", "nombrecientifico": "Maytenus boaria", "magnitud": 2, "tipo": "Latifoliada", "follaje": "Perenne", "lon": -71.3592301487122, "lat": -40.154425633377485, "imagen": "MAYTENUS BOARIA.gif", "url_ficha": "https://www.arbolesurbanos.com.ar/maytenus-boaria-maiten/", "thumbnail": "/thumbnails/maiten.jpg" }, "geometry": { "type": "Point", "coordinates": [ -71.3592301487122, -40.154425633377485 ] } },
{ "type": "Feature", "properties": { "nombrevulgar": "Maitén", "nombrecientifico": "Maytenus boaria", "magnitud": 2, "tipo": "Latifoliada", "follaje": "Perenne", "lon": -71.359453285512771, "lat": -40.154964052237055, "imagen": "MAYTENUS BOARIA.gif", "url_ficha": "https://www.arbolesurbanos.com.ar/maytenus-boaria-maiten/", "thumbnail": "/thumbnails/maiten.jpg" }, "geometry": { "type": "Point", "coordinates": [ -71.359453285512771, -40.154964052237055 ] } },
{ "type": "Feature", "properties": { "nombrevulgar": "Maitén", "nombrecientifico": "Maytenus boaria", "magnitud": 2, "tipo": "Latifoliada", "follaje": "Perenne", "lon": -71.360563943936114, "lat": -40.154405153902687, "imagen": "MAYTENUS BOARIA.gif", "url_ficha": "https://www.arbolesurbanos.com.ar/maytenus-boaria-maiten/", "thumbnail": "/thumbnails/maiten.jpg" }, "geometry": { "type": "Point", "coordinates": [ -71.360563943936114, -40.154405153902687 ] } },
{ "type": "Feature", "properties": { "nombrevulgar": "Maitén", "nombrecientifico": "Maytenus boaria", "magnitud": 2, "tipo": "Latifoliada", "follaje": "Perenne", "lon": -71.360789627594031, "lat": -40.154478203646775, "imagen": "MAYTENUS BOARIA.gif", "url_ficha": "https://www.arbolesurbanos.com.ar/maytenus-boaria-maiten/", "thumbnail": "/thumbnails/maiten.jpg" }, "geometry": { "type": "Point", "coordinates": [ -71.360789627594031, -40.154478203646775 ] } },
{ "type": "Feature", "properties": { "nombrevulgar": "Maitén", "nombrecientifico": "Maytenus boaria", "magnitud": 2, "tipo": "Latifoliada", "follaje": "Perenne", "lon": -71.36075344738795, "lat": -40.154123032310387, "imagen": "MAYTENUS BOARIA.gif", "url_ficha": "https://www.arbolesurbanos.com.ar/maytenus-boaria-maiten/", "thumbnail": "/thumbnails/maiten.jpg" }, "geometry": { "type": "Point", "coordinates": [ -71.36075344738795, -40.154123032310387 ] } },
{ "type": "Feature", "properties": { "nombrevulgar": "Maitén", "nombrecientifico": "Maytenus boaria", "magnitud": 2, "tipo": "Latifoliada", "follaje": "Perenne", "lon": -71.359987016004268, "lat": -40.156610881062548, "imagen": "MAYTENUS BOARIA.gif", "url_ficha": "https://www.arbolesurbanos.com.ar/maytenus-boaria-maiten/", "thumbnail": "/thumbnails/maiten.jpg" }, "geometry": { "type": "Point", "coordinates": [ -71.359987016004268, -40.156610881062548 ] } },
{ "type": "Feature", "properties": { "nombrevulgar": "Maitén", "nombrecientifico": "Maytenus boaria", "magnitud": 2, "tipo": "Latifoliada", "follaje": "Perenne", "lon": -71.358494763466396, "lat": -40.156031167154154, "imagen": "MAYTENUS BOARIA.gif", "url_ficha": "https://www.arbolesurbanos.com.ar/maytenus-boaria-maiten/", "thumbnail": "/thumbnails/maiten.jpg" }, "geometry": { "type": "Point", "coordinates": [ -71.358494763466396, -40.156031167154154 ] } },
{ "type": "Feature", "properties": { "nombrevulgar": "Maitén", "nombrecientifico": "Maytenus boaria", "magnitud": 2, "tipo": "Latifoliada", "follaje": "Perenne", "lon": -71.358482060513992, "lat": -40.155499041806586, "imagen": "MAYTENUS BOARIA.gif", "url_ficha": "https://www.arbolesurbanos.com.ar/maytenus-boaria-maiten/", "thumbnail": "/thumbnails/maiten.jpg" }, "geometry": { "type": "Point", "coordinates": [ -71.358482060513992, -40.155499041806586 ] } },
{ "type": "Feature", "properties": { "nombrevulgar": "Maitén", "nombrecientifico": "Maytenus boaria", "magnitud": 2, "tipo": "Latifoliada", "follaje": "Perenne", "lon": -71.359474387143635, "lat": -40.154086372208852, "imagen": "MAYTENUS BOARIA.gif", "url_ficha": "https://www.arbolesurbanos.com.ar/maytenus-boaria-maiten/", "thumbnail": "/thumbnails/maiten.jpg" }, "geometry": { "type": "Point", "coordinates": [ -71.359474387143635, -40.154086372208852 ] } },
{ "type": "Feature", "properties": { "nombrevulgar": "Maitén", "nombrecientifico": "Maytenus boaria", "magnitud": 2, "tipo": "Latifoliada", "follaje": "Perenne", "lon": -71.358401225287793, "lat": -40.153695760218568, "imagen": "MAYTENUS BOARIA.gif", "url_ficha": "https://www.arbolesurbanos.com.ar/maytenus-boaria-maiten/", "thumbnail": "/thumbnails/maiten.jpg" }, "geometry": { "type": "Point", "coordinates": [ -71.358401225287793, -40.153695760218568 ] } },
{ "type": "Feature", "properties": { "nombrevulgar": "Maitén", "nombrecientifico": "Maytenus boaria", "magnitud": 2, "tipo": "Latifoliada", "follaje": "Perenne", "lon": -71.358438829622827, "lat": -40.153706755042215, "imagen": "MAYTENUS BOARIA.gif", "url_ficha": "https://www.arbolesurbanos.com.ar/maytenus-boaria-maiten/", "thumbnail": "/thumbnails/maiten.jpg" }, "geometry": { "type": "Point", "coordinates": [ -71.358438829622827, -40.153706755042215 ] } },
{ "type": "Feature", "properties": { "nombrevulgar": "Maitén", "nombrecientifico": "Maytenus boaria", "magnitud": 2, "tipo": "Latifoliada", "follaje": "Perenne", "lon": -71.357743464569566, "lat": -40.153557876682903, "imagen": "MAYTENUS BOARIA.gif", "url_ficha": "https://www.arbolesurbanos.com.ar/maytenus-boaria-maiten/", "thumbnail": "/thumbnails/maiten.jpg" }, "geometry": { "type": "Point", "coordinates": [ -71.357743464569566, -40.153557876682903 ] } },
{ "type": "Feature", "properties": { "nombrevulgar": "Maitén", "nombrecientifico": "Maytenus boaria", "magnitud": 2, "tipo": "Latifoliada", "follaje": "Perenne", "lon": -71.35677668067261, "lat": -40.152928979603196, "imagen": "MAYTENUS BOARIA.gif", "url_ficha": "https://www.arbolesurbanos.com.ar/maytenus-boaria-maiten/", "thumbnail": "/thumbnails/maiten.jpg" }, "geometry": { "type": "Point", "coordinates": [ -71.35677668067261, -40.152928979603196 ] } },
{ "type": "Feature", "properties": { "nombrevulgar": "Maitén", "nombrecientifico": "Maytenus boaria", "magnitud": 2, "tipo": "Latifoliada", "follaje": "Perenne", "lon": -71.361322388976859, "lat": -40.157645720142249, "imagen": "MAYTENUS BOARIA.gif", "url_ficha": "https://www.arbolesurbanos.com.ar/maytenus-boaria-maiten/", "thumbnail": "/thumbnails/maiten.jpg" }, "geometry": { "type": "Point", "coordinates": [ -71.361322388976859, -40.157645720142249 ] } },
{ "type": "Feature", "properties": { "nombrevulgar": "Maitén", "nombrecientifico": "Maytenus boaria", "magnitud": 2, "tipo": "Latifoliada", "follaje": "Perenne", "lon": -71.351977711292022, "lat": -40.148887439474343, "imagen": "MAYTENUS BOARIA.gif", "url_ficha": "https://www.arbolesurbanos.com.ar/maytenus-boaria-maiten/", "thumbnail": "/thumbnails/maiten.jpg" }, "geometry": { "type": "Point", "coordinates": [ -71.351977711292022, -40.148887439474343 ] } },
{ "type": "Feature", "properties": { "nombrevulgar": "Maitén", "nombrecientifico": "Maytenus boaria", "magnitud": 2, "tipo": "Latifoliada", "follaje": "Perenne", "lon": -71.352354322285194, "lat": -40.148577729580225, "imagen": "MAYTENUS BOARIA.gif", "url_ficha": "https://www.arbolesurbanos.com.ar/maytenus-boaria-maiten/", "thumbnail": "/thumbnails/maiten.jpg" }, "geometry": { "type": "Point", "coordinates": [ -71.352354322285194, -40.148577729580225 ] } },
{ "type": "Feature", "properties": { "nombrevulgar": "Maitén", "nombrecientifico": "Maytenus boaria", "magnitud": 2, "tipo": "Latifoliada", "follaje": "Perenne", "lon": -71.352534786968363, "lat": -40.148545985150321, "imagen": "MAYTENUS BOARIA.gif", "url_ficha": "https://www.arbolesurbanos.com.ar/maytenus-boaria-maiten/", "thumbnail": "/thumbnails/maiten.jpg" }, "geometry": { "type": "Point", "coordinates": [ -71.352534786968363, -40.148545985150321 ] } },
{ "type": "Feature", "properties": { "nombrevulgar": "Maitén", "nombrecientifico": "Maytenus boaria", "magnitud": 2, "tipo": "Latifoliada", "follaje": "Perenne", "lon": -71.354826704655963, "lat": -40.152378992919161, "imagen": "MAYTENUS BOARIA.gif", "url_ficha": "https://www.arbolesurbanos.com.ar/maytenus-boaria-maiten/", "thumbnail": "/thumbnails/maiten.jpg" }, "geometry": { "type": "Point", "coordinates": [ -71.354826704655963, -40.152378992919161 ] } },
{ "type": "Feature", "properties": { "nombrevulgar": "Maitén", "nombrecientifico": "Maytenus boaria", "magnitud": 2, "tipo": "Latifoliada", "follaje": "Perenne", "lon": -71.356258288924749, "lat": -40.150284597067227, "imagen": "MAYTENUS BOARIA.gif", "url_ficha": "https://www.arbolesurbanos.com.ar/maytenus-boaria-maiten/", "thumbnail": "/thumbnails/maiten.jpg" }, "geometry": { "type": "Point", "coordinates": [ -71.356258288924749, -40.150284597067227 ] } },
{ "type": "Feature", "properties": { "nombrevulgar": "Maitén", "nombrecientifico": "Maytenus boaria", "magnitud": 2, "tipo": "Latifoliada", "follaje": "Perenne", "lon": -71.356319913615394, "lat": -40.150183325133405, "imagen": "MAYTENUS BOARIA.gif", "url_ficha": "https://www.arbolesurbanos.com.ar/maytenus-boaria-maiten/", "thumbnail": "/thumbnails/maiten.jpg" }, "geometry": { "type": "Point", "coordinates": [ -71.356319913615394, -40.150183325133405 ] } },
{ "type": "Feature", "properties": { "nombrevulgar": "Maitén", "nombrecientifico": "Maytenus boaria", "magnitud": 2, "tipo": "Latifoliada", "follaje": "Perenne", "lon": -71.356283623519701, "lat": -40.150080296019581, "imagen": "MAYTENUS BOARIA.gif", "url_ficha": "https://www.arbolesurbanos.com.ar/maytenus-boaria-maiten/", "thumbnail": "/thumbnails/maiten.jpg" }, "geometry": { "type": "Point", "coordinates": [ -71.356283623519701, -40.150080296019581 ] } },
{ "type": "Feature", "properties": { "nombrevulgar": "Maitén", "nombrecientifico": "Maytenus boaria", "magnitud": 2, "tipo": "Latifoliada", "follaje": "Perenne", "lon": -71.352644394618579, "lat": -40.14901401704369, "imagen": "MAYTENUS BOARIA.gif", "url_ficha": "https://www.arbolesurbanos.com.ar/maytenus-boaria-maiten/", "thumbnail": "/thumbnails/maiten.jpg" }, "geometry": { "type": "Point", "coordinates": [ -71.352644394618579, -40.14901401704369 ] } },
{ "type": "Feature", "properties": { "nombrevulgar": "Maitén", "nombrecientifico": "Maytenus boaria", "magnitud": 2, "tipo": "Latifoliada", "follaje": "Perenne", "lon": -71.353293183546512, "lat": -40.149074975309418, "imagen": "MAYTENUS BOARIA.gif", "url_ficha": "https://www.arbolesurbanos.com.ar/maytenus-boaria-maiten/", "thumbnail": "/thumbnails/maiten.jpg" }, "geometry": { "type": "Point", "coordinates": [ -71.353293183546512, -40.149074975309418 ] } },
{ "type": "Feature", "properties": { "nombrevulgar": "Maitén", "nombrecientifico": "Maytenus boaria", "magnitud": 2, "tipo": "Latifoliada", "follaje": "Perenne", "lon": -71.356928024801405, "lat": -40.152974659623226, "imagen": "MAYTENUS BOARIA.gif", "url_ficha": "https://www.arbolesurbanos.com.ar/maytenus-boaria-maiten/", "thumbnail": "/thumbnails/maiten.jpg" }, "geometry": { "type": "Point", "coordinates": [ -71.356928024801405, -40.152974659623226 ] } },
{ "type": "Feature", "properties": { "nombrevulgar": "Maitén", "nombrecientifico": "Maytenus boaria", "magnitud": 2, "tipo": "Latifoliada", "follaje": "Perenne", "lon": -71.357609563098649, "lat": -40.153657636412113, "imagen": "MAYTENUS BOARIA.gif", "url_ficha": "https://www.arbolesurbanos.com.ar/maytenus-boaria-maiten/", "thumbnail": "/thumbnails/maiten.jpg" }, "geometry": { "type": "Point", "coordinates": [ -71.357609563098649, -40.153657636412113 ] } },
{ "type": "Feature", "properties": { "nombrevulgar": "Ciprés de Monterrey", "nombrecientifico": "Cupressus macrocarpa", "magnitud": 2, "tipo": "Conífera", "follaje": "Perenne", "lon": -71.359475487122111, "lat": -40.155739159820534, "imagen": "CUPRESSUS MACROCARPA.gif", "url_ficha": "https://www.arbolesurbanos.com.ar/cupressus-macrocarpa-cipres-de-monterrey/", "thumbnail": "/thumbnails/cipres-de-monterrey.jpg" }, "geometry": { "type": "Point", "coordinates": [ -71.359475487122111, -40.155739159820534 ] } },
{ "type": "Feature", "properties": { "nombrevulgar": "Ciprés de Monterrey", "nombrecientifico": "Cupressus macrocarpa", "magnitud": 2, "tipo": "Conífera", "follaje": "Perenne", "lon": -71.359545450559935, "lat": -40.15560722529883, "imagen": "CUPRESSUS MACROCARPA.gif", "url_ficha": "https://www.arbolesurbanos.com.ar/cupressus-macrocarpa-cipres-de-monterrey/", "thumbnail": "/thumbnails/cipres-de-monterrey.jpg" }, "geometry": { "type": "Point", "coordinates": [ -71.359545450559935, -40.15560722529883 ] } },
{ "type": "Feature", "properties": { "nombrevulgar": "Ciprés de Monterrey", "nombrecientifico": "Cupressus macrocarpa", "magnitud": 2, "tipo": "Conífera", "follaje": "Perenne", "lon": -71.359841653782013, "lat": -40.155856844258743, "imagen": "CUPRESSUS MACROCARPA.gif", "url_ficha": "https://www.arbolesurbanos.com.ar/cupressus-macrocarpa-cipres-de-monterrey/", "thumbnail": "/thumbnails/cipres-de-monterrey.jpg" }, "geometry": { "type": "Point", "coordinates": [ -71.359841653782013, -40.155856844258743 ] } },
{ "type": "Feature", "properties": { "nombrevulgar": "Ciprés de Monterrey", "nombrecientifico": "Cupressus macrocarpa", "magnitud": 2, "tipo": "Conífera", "follaje": "Perenne", "lon": -71.360342311817448, "lat": -40.155575502710683, "imagen": "CUPRESSUS MACROCARPA.gif", "url_ficha": "https://www.arbolesurbanos.com.ar/cupressus-macrocarpa-cipres-de-monterrey/", "thumbnail": "/thumbnails/cipres-de-monterrey.jpg" }, "geometry": { "type": "Point", "coordinates": [ -71.360342311817448, -40.155575502710683 ] } },
{ "type": "Feature", "properties": { "nombrevulgar": "Ciprés de Monterrey", "nombrecientifico": "Cupressus macrocarpa", "magnitud": 2, "tipo": "Conífera", "follaje": "Perenne", "lon": -71.360090124772384, "lat": -40.155804376377112, "imagen": "CUPRESSUS MACROCARPA.gif", "url_ficha": "https://www.arbolesurbanos.com.ar/cupressus-macrocarpa-cipres-de-monterrey/", "thumbnail": "/thumbnails/cipres-de-monterrey.jpg" }, "geometry": { "type": "Point", "coordinates": [ -71.360090124772384, -40.155804376377112 ] } },
{ "type": "Feature", "properties": { "nombrevulgar": "Ciprés de Monterrey", "nombrecientifico": "Cupressus macrocarpa", "magnitud": 2, "tipo": "Conífera", "follaje": "Perenne", "lon": -71.359119844292564, "lat": -40.155449732622301, "imagen": "CUPRESSUS MACROCARPA.gif", "url_ficha": "https://www.arbolesurbanos.com.ar/cupressus-macrocarpa-cipres-de-monterrey/", "thumbnail": "/thumbnails/cipres-de-monterrey.jpg" }, "geometry": { "type": "Point", "coordinates": [ -71.359119844292564, -40.155449732622301 ] } },
{ "type": "Feature", "properties": { "nombrevulgar": "Ciprés de la cordillera", "nombrecientifico": "Austrocedrus chilensis", "magnitud": 2, "tipo": "Conífera", "follaje": "Perenne", "lon": -71.359506176606274, "lat": -40.155687210714255, "imagen": "AUTROCEDRUS CHILENSIS.gif", "url_ficha": "https://www.arbolesurbanos.com.ar/austrocedrus-chilensis-cipres-de-la-cordillera/", "thumbnail": "/thumbnails/cipres.jpg" }, "geometry": { "type": "Point", "coordinates": [ -71.359506176606274, -40.155687210714255 ] } },
{ "type": "Feature", "properties": { "nombrevulgar": "Ciprés de la cordillera", "nombrecientifico": "Austrocedrus chilensis", "magnitud": 2, "tipo": "Conífera", "follaje": "Perenne", "lon": -71.361150692232798, "lat": -40.153988200504813, "imagen": "AUTROCEDRUS CHILENSIS.gif", "url_ficha": "https://www.arbolesurbanos.com.ar/austrocedrus-chilensis-cipres-de-la-cordillera/", "thumbnail": "/thumbnails/cipres.jpg" }, "geometry": { "type": "Point", "coordinates": [ -71.361150692232798, -40.153988200504813 ] } },
{ "type": "Feature", "properties": { "nombrevulgar": "Ciprés de la cordillera", "nombrecientifico": "Austrocedrus chilensis", "magnitud": 2, "tipo": "Conífera", "follaje": "Perenne", "lon": -71.361132808853952, "lat": -40.153912460218947, "imagen": "AUTROCEDRUS CHILENSIS.gif", "url_ficha": "https://www.arbolesurbanos.com.ar/austrocedrus-chilensis-cipres-de-la-cordillera/", "thumbnail": "/thumbnails/cipres.jpg" }, "geometry": { "type": "Point", "coordinates": [ -71.361132808853952, -40.153912460218947 ] } },
{ "type": "Feature", "properties": { "nombrevulgar": "Ciprés de la cordillera", "nombrecientifico": "Austrocedrus chilensis", "magnitud": 2, "tipo": "Conífera", "follaje": "Perenne", "lon": -71.361154167987621, "lat": -40.153794939596679, "imagen": "AUTROCEDRUS CHILENSIS.gif", "url_ficha": "https://www.arbolesurbanos.com.ar/austrocedrus-chilensis-cipres-de-la-cordillera/", "thumbnail": "/thumbnails/cipres.jpg" }, "geometry": { "type": "Point", "coordinates": [ -71.361154167987621, -40.153794939596679 ] } },
{ "type": "Feature", "properties": { "nombrevulgar": "Ciprés de la cordillera", "nombrecientifico": "Austrocedrus chilensis", "magnitud": 2, "tipo": "Conífera", "follaje": "Perenne", "lon": -71.360382260915173, "lat": -40.156319876589137, "imagen": "AUTROCEDRUS CHILENSIS.gif", "url_ficha": "https://www.arbolesurbanos.com.ar/austrocedrus-chilensis-cipres-de-la-cordillera/", "thumbnail": "/thumbnails/cipres.jpg" }, "geometry": { "type": "Point", "coordinates": [ -71.360382260915173, -40.156319876589137 ] } },
{ "type": "Feature", "properties": { "nombrevulgar": "Ciprés de la cordillera", "nombrecientifico": "Austrocedrus chilensis", "magnitud": 2, "tipo": "Conífera", "follaje": "Perenne", "lon": -71.360600956524934, "lat": -40.156738662196865, "imagen": "AUTROCEDRUS CHILENSIS.gif", "url_ficha": "https://www.arbolesurbanos.com.ar/austrocedrus-chilensis-cipres-de-la-cordillera/", "thumbnail": "/thumbnails/cipres.jpg" }, "geometry": { "type": "Point", "coordinates": [ -71.360600956524934, -40.156738662196865 ] } },
{ "type": "Feature", "properties": { "nombrevulgar": "Ciprés de la cordillera", "nombrecientifico": "Austrocedrus chilensis", "magnitud": 2, "tipo": "Conífera", "follaje": "Perenne", "lon": -71.360522585187155, "lat": -40.156763644564066, "imagen": "AUTROCEDRUS CHILENSIS.gif", "url_ficha": "https://www.arbolesurbanos.com.ar/austrocedrus-chilensis-cipres-de-la-cordillera/", "thumbnail": "/thumbnails/cipres.jpg" }, "geometry": { "type": "Point", "coordinates": [ -71.360522585187155, -40.156763644564066 ] } },
{ "type": "Feature", "properties": { "nombrevulgar": "Ciprés de la cordillera", "nombrecientifico": "Austrocedrus chilensis", "magnitud": 2, "tipo": "Conífera", "follaje": "Perenne", "lon": -71.360472998850469, "lat": -40.156827792175299, "imagen": "AUTROCEDRUS CHILENSIS.gif", "url_ficha": "https://www.arbolesurbanos.com.ar/austrocedrus-chilensis-cipres-de-la-cordillera/", "thumbnail": "/thumbnails/cipres.jpg" }, "geometry": { "type": "Point", "coordinates": [ -71.360472998850469, -40.156827792175299 ] } },
{ "type": "Feature", "properties": { "nombrevulgar": "Ciprés de la cordillera", "nombrecientifico": "Austrocedrus chilensis", "magnitud": 2, "tipo": "Conífera", "follaje": "Perenne", "lon": -71.358186059032505, "lat": -40.15637233418353, "imagen": "AUTROCEDRUS CHILENSIS.gif", "url_ficha": "https://www.arbolesurbanos.com.ar/austrocedrus-chilensis-cipres-de-la-cordillera/", "thumbnail": "/thumbnails/cipres.jpg" }, "geometry": { "type": "Point", "coordinates": [ -71.358186059032505, -40.15637233418353 ] } },
{ "type": "Feature", "properties": { "nombrevulgar": "Ciprés de la cordillera", "nombrecientifico": "Austrocedrus chilensis", "magnitud": 2, "tipo": "Conífera", "follaje": "Perenne", "lon": -71.361544842029687, "lat": -40.157672802104898, "imagen": "AUTROCEDRUS CHILENSIS.gif", "url_ficha": "https://www.arbolesurbanos.com.ar/austrocedrus-chilensis-cipres-de-la-cordillera/", "thumbnail": "/thumbnails/cipres.jpg" }, "geometry": { "type": "Point", "coordinates": [ -71.361544842029687, -40.157672802104898 ] } },
{ "type": "Feature", "properties": { "nombrevulgar": "Ciprés de la cordillera", "nombrecientifico": "Austrocedrus chilensis", "magnitud": 2, "tipo": "Conífera", "follaje": "Perenne", "lon": -71.361442624342217, "lat": -40.157597152524957, "imagen": "AUTROCEDRUS CHILENSIS.gif", "url_ficha": "https://www.arbolesurbanos.com.ar/austrocedrus-chilensis-cipres-de-la-cordillera/", "thumbnail": "/thumbnails/cipres.jpg" }, "geometry": { "type": "Point", "coordinates": [ -71.361442624342217, -40.157597152524957 ] } },
{ "type": "Feature", "properties": { "nombrevulgar": "Ciprés de la cordillera", "nombrecientifico": "Austrocedrus chilensis", "magnitud": 2, "tipo": "Conífera", "follaje": "Perenne", "lon": -71.361436226201761, "lat": -40.157511642366558, "imagen": "AUTROCEDRUS CHILENSIS.gif", "url_ficha": "https://www.arbolesurbanos.com.ar/austrocedrus-chilensis-cipres-de-la-cordillera/", "thumbnail": "/thumbnails/cipres.jpg" }, "geometry": { "type": "Point", "coordinates": [ -71.361436226201761, -40.157511642366558 ] } },
{ "type": "Feature", "properties": { "nombrevulgar": "Ciprés de la cordillera", "nombrecientifico": "Austrocedrus chilensis", "magnitud": 2, "tipo": "Conífera", "follaje": "Perenne", "lon": -71.357251124438548, "lat": -40.154627425927167, "imagen": "AUTROCEDRUS CHILENSIS.gif", "url_ficha": "https://www.arbolesurbanos.com.ar/austrocedrus-chilensis-cipres-de-la-cordillera/", "thumbnail": "/thumbnails/cipres.jpg" }, "geometry": { "type": "Point", "coordinates": [ -71.357251124438548, -40.154627425927167 ] } },
{ "type": "Feature", "properties": { "nombrevulgar": "Guindo", "nombrecientifico": "Prunus cerasus", "magnitud": 2, "tipo": "Latifoliada", "follaje": "Caduco", "lon": -71.359272612231322, "lat": -40.155620119719437, "imagen": "PRUNUS CERASUS.png", "url_ficha": null, "thumbnail": "/iconos/3/PRUNUS CERASUS.png" }, "geometry": { "type": "Point", "coordinates": [ -71.359272612231322, -40.155620119719437 ] } },
{ "type": "Feature", "properties": { "nombrevulgar": "Guindo", "nombrecientifico": "Prunus cerasus", "magnitud": 2, "tipo": "Latifoliada", "follaje": "Caduco", "lon": -71.359282548453379, "lat": -40.1555759256673, "imagen": "PRUNUS CERASUS.png", "url_ficha": null, "thumbnail": "/iconos/3/PRUNUS CERASUS.png" }, "geometry": { "type": "Point", "coordinates": [ -71.359282548453379, -40.1555759256673 ] } },
{ "type": "Feature", "properties": { "nombrevulgar": "Guindo", "nombrecientifico": "Prunus cerasus", "magnitud": 2, "tipo": "Latifoliada", "follaje": "Caduco", "lon": -71.358812257329433, "lat": -40.155269590377671, "imagen": "PRUNUS CERASUS.png", "url_ficha": null, "thumbnail": "/iconos/3/PRUNUS CERASUS.png" }, "geometry": { "type": "Point", "coordinates": [ -71.358812257329433, -40.155269590377671 ] } },
{ "type": "Feature", "properties": { "nombrevulgar": "Guindo", "nombrecientifico": "Prunus cerasus", "magnitud": 2, "tipo": "Latifoliada", "follaje": "Caduco", "lon": -71.358826640003201, "lat": -40.155235889994934, "imagen": "PRUNUS CERASUS.png", "url_ficha": null, "thumbnail": "/iconos/3/PRUNUS CERASUS.png" }, "geometry": { "type": "Point", "coordinates": [ -71.358826640003201, -40.155235889994934 ] } },
{ "type": "Feature", "properties": { "nombrevulgar": "Guindo", "nombrecientifico": "Prunus cerasus", "magnitud": 2, "tipo": "Latifoliada", "follaje": "Caduco", "lon": -71.35884636722426, "lat": -40.155206853135837, "imagen": "PRUNUS CERASUS.png", "url_ficha": null, "thumbnail": "/iconos/3/PRUNUS CERASUS.png" }, "geometry": { "type": "Point", "coordinates": [ -71.35884636722426, -40.155206853135837 ] } },
{ "type": "Feature", "properties": { "nombrevulgar": "Guindo", "nombrecientifico": "Prunus cerasus", "magnitud": 2, "tipo": "Latifoliada", "follaje": "Caduco", "lon": -71.358506731062178, "lat": -40.155441916230657, "imagen": "PRUNUS CERASUS.png", "url_ficha": null, "thumbnail": "/iconos/3/PRUNUS CERASUS.png" }, "geometry": { "type": "Point", "coordinates": [ -71.358506731062178, -40.155441916230657 ] } },
{ "type": "Feature", "properties": { "nombrevulgar": "Guindo", "nombrecientifico": "Prunus cerasus", "magnitud": 2, "tipo": "Latifoliada", "follaje": "Caduco", "lon": -71.359518769153638, "lat": -40.154063407486156, "imagen": "PRUNUS CERASUS.png", "url_ficha": null, "thumbnail": "/iconos/3/PRUNUS CERASUS.png" }, "geometry": { "type": "Point", "coordinates": [ -71.359518769153638, -40.154063407486156 ] } },
{ "type": "Feature", "properties": { "nombrevulgar": "Guindo", "nombrecientifico": "Prunus cerasus", "magnitud": 2, "tipo": "Latifoliada", "follaje": "Caduco", "lon": -71.359094721000062, "lat": -40.153923702589452, "imagen": "PRUNUS CERASUS.png", "url_ficha": null, "thumbnail": "/iconos/3/PRUNUS CERASUS.png" }, "geometry": { "type": "Point", "coordinates": [ -71.359094721000062, -40.153923702589452 ] } },
{ "type": "Feature", "properties": { "nombrevulgar": "Guindo", "nombrecientifico": "Prunus cerasus", "magnitud": 2, "tipo": "Latifoliada", "follaje": "Caduco", "lon": -71.356678448689578, "lat": -40.152846243847648, "imagen": "PRUNUS CERASUS.png", "url_ficha": null, "thumbnail": "/iconos/3/PRUNUS CERASUS.png" }, "geometry": { "type": "Point", "coordinates": [ -71.356678448689578, -40.152846243847648 ] } },
{ "type": "Feature", "properties": { "nombrevulgar": "Guindo", "nombrecientifico": "Prunus cerasus", "magnitud": 2, "tipo": "Latifoliada", "follaje": "Caduco", "lon": -71.355145976993541, "lat": -40.152464133666754, "imagen": "PRUNUS CERASUS.png", "url_ficha": null, "thumbnail": "/iconos/3/PRUNUS CERASUS.png" }, "geometry": { "type": "Point", "coordinates": [ -71.355145976993541, -40.152464133666754 ] } },
{ "type": "Feature", "properties": { "nombrevulgar": "Picea común", "nombrecientifico": "Picea abies", "magnitud": 2, "tipo": "Conífera", "follaje": "Perenne", "lon": -71.359390028625484, "lat": -40.155368440865196, "imagen": "PICEA ABIES.gif\n", "url_ficha": "https://www.arbolesurbanos.com.ar/picea-abies-picea-comun/", "thumbnail": "/thumbnails/picea-noruega.jpg" }, "geometry": { "type": "Point", "coordinates": [ -71.359390028625484, -40.155368440865196 ] } },
{ "type": "Feature", "properties": { "nombrevulgar": "Picea común", "nombrecientifico": "Picea abies", "magnitud": 2, "tipo": "Conífera", "follaje": "Perenne", "lon": -71.359066275419806, "lat": -40.157880670817512, "imagen": "PICEA ABIES.gif\n", "url_ficha": "https://www.arbolesurbanos.com.ar/picea-abies-picea-comun/", "thumbnail": "/thumbnails/picea-noruega.jpg" }, "geometry": { "type": "Point", "coordinates": [ -71.359066275419806, -40.157880670817512 ] } },
{ "type": "Feature", "properties": { "nombrevulgar": "Picea común", "nombrecientifico": "Picea abies", "magnitud": 2, "tipo": "Conífera", "follaje": "Perenne", "lon": -71.356815187643519, "lat": -40.155590583629404, "imagen": "PICEA ABIES.gif\n", "url_ficha": "https://www.arbolesurbanos.com.ar/picea-abies-picea-comun/", "thumbnail": "/thumbnails/picea-noruega.jpg" }, "geometry": { "type": "Point", "coordinates": [ -71.356815187643519, -40.155590583629404 ] } },
{ "type": "Feature", "properties": { "nombrevulgar": "Picea común", "nombrecientifico": "Picea abies", "magnitud": 2, "tipo": "Conífera", "follaje": "Perenne", "lon": -71.356763343922125, "lat": -40.155547256003757, "imagen": "PICEA ABIES.gif\n", "url_ficha": "https://www.arbolesurbanos.com.ar/picea-abies-picea-comun/", "thumbnail": "/thumbnails/picea-noruega.jpg" }, "geometry": { "type": "Point", "coordinates": [ -71.356763343922125, -40.155547256003757 ] } },
{ "type": "Feature", "properties": { "nombrevulgar": "Picea común", "nombrecientifico": "Picea abies", "magnitud": 2, "tipo": "Conífera", "follaje": "Perenne", "lon": -71.356595630605071, "lat": -40.155467657875619, "imagen": "PICEA ABIES.gif\n", "url_ficha": "https://www.arbolesurbanos.com.ar/picea-abies-picea-comun/", "thumbnail": "/thumbnails/picea-noruega.jpg" }, "geometry": { "type": "Point", "coordinates": [ -71.356595630605071, -40.155467657875619 ] } },
{ "type": "Feature", "properties": { "nombrevulgar": "Picea común", "nombrecientifico": "Picea abies", "magnitud": 2, "tipo": "Conífera", "follaje": "Perenne", "lon": -71.356943117827171, "lat": -40.155449074590535, "imagen": "PICEA ABIES.gif\n", "url_ficha": "https://www.arbolesurbanos.com.ar/picea-abies-picea-comun/", "thumbnail": "/thumbnails/picea-noruega.jpg" }, "geometry": { "type": "Point", "coordinates": [ -71.356943117827171, -40.155449074590535 ] } },
{ "type": "Feature", "properties": { "nombrevulgar": "Picea común", "nombrecientifico": "Picea abies", "magnitud": 2, "tipo": "Conífera", "follaje": "Perenne", "lon": -71.357071225514304, "lat": -40.155622355285487, "imagen": "PICEA ABIES.gif\n", "url_ficha": "https://www.arbolesurbanos.com.ar/picea-abies-picea-comun/", "thumbnail": "/thumbnails/picea-noruega.jpg" }, "geometry": { "type": "Point", "coordinates": [ -71.357071225514304, -40.155622355285487 ] } },
{ "type": "Feature", "properties": { "nombrevulgar": "Picea común", "nombrecientifico": "Picea abies", "magnitud": 2, "tipo": "Conífera", "follaje": "Perenne", "lon": -71.357104826956217, "lat": -40.155324137638758, "imagen": "PICEA ABIES.gif\n", "url_ficha": "https://www.arbolesurbanos.com.ar/picea-abies-picea-comun/", "thumbnail": "/thumbnails/picea-noruega.jpg" }, "geometry": { "type": "Point", "coordinates": [ -71.357104826956217, -40.155324137638758 ] } },
{ "type": "Feature", "properties": { "nombrevulgar": "Picea común", "nombrecientifico": "Picea abies", "magnitud": 2, "tipo": "Conífera", "follaje": "Perenne", "lon": -71.357249588418597, "lat": -40.155328586342634, "imagen": "PICEA ABIES.gif\n", "url_ficha": "https://www.arbolesurbanos.com.ar/picea-abies-picea-comun/", "thumbnail": "/thumbnails/picea-noruega.jpg" }, "geometry": { "type": "Point", "coordinates": [ -71.357249588418597, -40.155328586342634 ] } },
{ "type": "Feature", "properties": { "nombrevulgar": "Picea común", "nombrecientifico": "Picea abies", "magnitud": 2, "tipo": "Conífera", "follaje": "Perenne", "lon": -71.357524447601051, "lat": -40.155099426546393, "imagen": "PICEA ABIES.gif\n", "url_ficha": "https://www.arbolesurbanos.com.ar/picea-abies-picea-comun/", "thumbnail": "/thumbnails/picea-noruega.jpg" }, "geometry": { "type": "Point", "coordinates": [ -71.357524447601051, -40.155099426546393 ] } },
{ "type": "Feature", "properties": { "nombrevulgar": "Picea común", "nombrecientifico": "Picea abies", "magnitud": 2, "tipo": "Conífera", "follaje": "Perenne", "lon": -71.35745958771291, "lat": -40.155651655386038, "imagen": "PICEA ABIES.gif\n", "url_ficha": "https://www.arbolesurbanos.com.ar/picea-abies-picea-comun/", "thumbnail": "/thumbnails/picea-noruega.jpg" }, "geometry": { "type": "Point", "coordinates": [ -71.35745958771291, -40.155651655386038 ] } },
{ "type": "Feature", "properties": { "nombrevulgar": "Picea común", "nombrecientifico": "Picea abies", "magnitud": 2, "tipo": "Conífera", "follaje": "Perenne", "lon": -71.357760666629119, "lat": -40.155438637949175, "imagen": "PICEA ABIES.gif\n", "url_ficha": "https://www.arbolesurbanos.com.ar/picea-abies-picea-comun/", "thumbnail": "/thumbnails/picea-noruega.jpg" }, "geometry": { "type": "Point", "coordinates": [ -71.357760666629119, -40.155438637949175 ] } },
{ "type": "Feature", "properties": { "nombrevulgar": "Picea común", "nombrecientifico": "Picea abies", "magnitud": 2, "tipo": "Conífera", "follaje": "Perenne", "lon": -71.357819455069745, "lat": -40.155329860613193, "imagen": "PICEA ABIES.gif\n", "url_ficha": "https://www.arbolesurbanos.com.ar/picea-abies-picea-comun/", "thumbnail": "/thumbnails/picea-noruega.jpg" }, "geometry": { "type": "Point", "coordinates": [ -71.357819455069745, -40.155329860613193 ] } },
{ "type": "Feature", "properties": { "nombrevulgar": "Picea común", "nombrecientifico": "Picea abies", "magnitud": 2, "tipo": "Conífera", "follaje": "Perenne", "lon": -71.359085525310832, "lat": -40.158144331271437, "imagen": "PICEA ABIES.gif\n", "url_ficha": "https://www.arbolesurbanos.com.ar/picea-abies-picea-comun/", "thumbnail": "/thumbnails/picea-noruega.jpg" }, "geometry": { "type": "Point", "coordinates": [ -71.359085525310832, -40.158144331271437 ] } },
{ "type": "Feature", "properties": { "nombrevulgar": "Picea común", "nombrecientifico": "Picea abies", "magnitud": 2, "tipo": "Conífera", "follaje": "Perenne", "lon": -71.359057027113494, "lat": -40.157784680611911, "imagen": "PICEA ABIES.gif\n", "url_ficha": "https://www.arbolesurbanos.com.ar/picea-abies-picea-comun/", "thumbnail": "/thumbnails/picea-noruega.jpg" }, "geometry": { "type": "Point", "coordinates": [ -71.359057027113494, -40.157784680611911 ] } },
{ "type": "Feature", "properties": { "nombrevulgar": "Picea común", "nombrecientifico": "Picea abies", "magnitud": 2, "tipo": "Conífera", "follaje": "Perenne", "lon": -71.352502578605979, "lat": -40.148976971137813, "imagen": "PICEA ABIES.gif\n", "url_ficha": "https://www.arbolesurbanos.com.ar/picea-abies-picea-comun/", "thumbnail": "/thumbnails/picea-noruega.jpg" }, "geometry": { "type": "Point", "coordinates": [ -71.352502578605979, -40.148976971137813 ] } },
{ "type": "Feature", "properties": { "nombrevulgar": "Pino de Monterrey", "nombrecientifico": "Pinus radiata", "magnitud": 1, "tipo": "Conífera", "follaje": "Perenne", "lon": -71.360452911876109, "lat": -40.155934755404822, "imagen": "PINUS RADIATA.gif", "url_ficha": "https://www.arbolesurbanos.com.ar/pinus-radiata-pino-de-monterrey/", "thumbnail": "/thumbnails/pinus-radiata.jpg" }, "geometry": { "type": "Point", "coordinates": [ -71.360452911876109, -40.155934755404822 ] } },
{ "type": "Feature", "properties": { "nombrevulgar": "Pino de Monterrey", "nombrecientifico": "Pinus radiata", "magnitud": 1, "tipo": "Conífera", "follaje": "Perenne", "lon": -71.361836322317316, "lat": -40.153604075859086, "imagen": "PINUS RADIATA.gif", "url_ficha": "https://www.arbolesurbanos.com.ar/pinus-radiata-pino-de-monterrey/", "thumbnail": "/thumbnails/pinus-radiata.jpg" }, "geometry": { "type": "Point", "coordinates": [ -71.361836322317316, -40.153604075859086 ] } },
{ "type": "Feature", "properties": { "nombrevulgar": "Pino de Monterrey", "nombrecientifico": "Pinus radiata", "magnitud": 1, "tipo": "Conífera", "follaje": "Perenne", "lon": -71.361986942589965, "lat": -40.153748174649991, "imagen": "PINUS RADIATA.gif", "url_ficha": "https://www.arbolesurbanos.com.ar/pinus-radiata-pino-de-monterrey/", "thumbnail": "/thumbnails/pinus-radiata.jpg" }, "geometry": { "type": "Point", "coordinates": [ -71.361986942589965, -40.153748174649991 ] } },
{ "type": "Feature", "properties": { "nombrevulgar": "Pino de Monterrey", "nombrecientifico": "Pinus radiata", "magnitud": 1, "tipo": "Conífera", "follaje": "Perenne", "lon": -71.361474665562156, "lat": -40.154724505580745, "imagen": "PINUS RADIATA.gif", "url_ficha": "https://www.arbolesurbanos.com.ar/pinus-radiata-pino-de-monterrey/", "thumbnail": "/thumbnails/pinus-radiata.jpg" }, "geometry": { "type": "Point", "coordinates": [ -71.361474665562156, -40.154724505580745 ] } },
{ "type": "Feature", "properties": { "nombrevulgar": "Pino de Monterrey", "nombrecientifico": "Pinus radiata", "magnitud": 1, "tipo": "Conífera", "follaje": "Perenne", "lon": -71.361443857122353, "lat": -40.155403955798491, "imagen": "PINUS RADIATA.gif", "url_ficha": "https://www.arbolesurbanos.com.ar/pinus-radiata-pino-de-monterrey/", "thumbnail": "/thumbnails/pinus-radiata.jpg" }, "geometry": { "type": "Point", "coordinates": [ -71.361443857122353, -40.155403955798491 ] } },
{ "type": "Feature", "properties": { "nombrevulgar": "Pino de Monterrey", "nombrecientifico": "Pinus radiata", "magnitud": 1, "tipo": "Conífera", "follaje": "Perenne", "lon": -71.361225195241857, "lat": -40.155819036913613, "imagen": "PINUS RADIATA.gif", "url_ficha": "https://www.arbolesurbanos.com.ar/pinus-radiata-pino-de-monterrey/", "thumbnail": "/thumbnails/pinus-radiata.jpg" }, "geometry": { "type": "Point", "coordinates": [ -71.361225195241857, -40.155819036913613 ] } },
{ "type": "Feature", "properties": { "nombrevulgar": "Pino de Monterrey", "nombrecientifico": "Pinus radiata", "magnitud": 1, "tipo": "Conífera", "follaje": "Perenne", "lon": -71.361877410347702, "lat": -40.154216232900609, "imagen": "PINUS RADIATA.gif", "url_ficha": "https://www.arbolesurbanos.com.ar/pinus-radiata-pino-de-monterrey/", "thumbnail": "/thumbnails/pinus-radiata.jpg" }, "geometry": { "type": "Point", "coordinates": [ -71.361877410347702, -40.154216232900609 ] } },
{ "type": "Feature", "properties": { "nombrevulgar": "Pino de Monterrey", "nombrecientifico": "Pinus radiata", "magnitud": 1, "tipo": "Conífera", "follaje": "Perenne", "lon": -71.359890706985837, "lat": -40.156205967278922, "imagen": "PINUS RADIATA.gif", "url_ficha": "https://www.arbolesurbanos.com.ar/pinus-radiata-pino-de-monterrey/", "thumbnail": "/thumbnails/pinus-radiata.jpg" }, "geometry": { "type": "Point", "coordinates": [ -71.359890706985837, -40.156205967278922 ] } },
{ "type": "Feature", "properties": { "nombrevulgar": "Pino de Monterrey", "nombrecientifico": "Pinus radiata", "magnitud": 1, "tipo": "Conífera", "follaje": "Perenne", "lon": -71.360102427835471, "lat": -40.156159558916599, "imagen": "PINUS RADIATA.gif", "url_ficha": "https://www.arbolesurbanos.com.ar/pinus-radiata-pino-de-monterrey/", "thumbnail": "/thumbnails/pinus-radiata.jpg" }, "geometry": { "type": "Point", "coordinates": [ -71.360102427835471, -40.156159558916599 ] } },
{ "type": "Feature", "properties": { "nombrevulgar": "Pino de Monterrey", "nombrecientifico": "Pinus radiata", "magnitud": 1, "tipo": "Conífera", "follaje": "Perenne", "lon": -71.360212193402759, "lat": -40.156073138745548, "imagen": "PINUS RADIATA.gif", "url_ficha": "https://www.arbolesurbanos.com.ar/pinus-radiata-pino-de-monterrey/", "thumbnail": "/thumbnails/pinus-radiata.jpg" }, "geometry": { "type": "Point", "coordinates": [ -71.360212193402759, -40.156073138745548 ] } },
{ "type": "Feature", "properties": { "nombrevulgar": "Pino de Monterrey", "nombrecientifico": "Pinus radiata", "magnitud": 1, "tipo": "Conífera", "follaje": "Perenne", "lon": -71.360157356360716, "lat": -40.156249635447175, "imagen": "PINUS RADIATA.gif", "url_ficha": "https://www.arbolesurbanos.com.ar/pinus-radiata-pino-de-monterrey/", "thumbnail": "/thumbnails/pinus-radiata.jpg" }, "geometry": { "type": "Point", "coordinates": [ -71.360157356360716, -40.156249635447175 ] } },
{ "type": "Feature", "properties": { "nombrevulgar": "Pino de Monterrey", "nombrecientifico": "Pinus radiata", "magnitud": 1, "tipo": "Conífera", "follaje": "Perenne", "lon": -71.360283381630921, "lat": -40.156368660849076, "imagen": "PINUS RADIATA.gif", "url_ficha": "https://www.arbolesurbanos.com.ar/pinus-radiata-pino-de-monterrey/", "thumbnail": "/thumbnails/pinus-radiata.jpg" }, "geometry": { "type": "Point", "coordinates": [ -71.360283381630921, -40.156368660849076 ] } },
{ "type": "Feature", "properties": { "nombrevulgar": "Pino de Monterrey", "nombrecientifico": "Pinus radiata", "magnitud": 1, "tipo": "Conífera", "follaje": "Perenne", "lon": -71.360345766323206, "lat": -40.156234100952737, "imagen": "PINUS RADIATA.gif", "url_ficha": "https://www.arbolesurbanos.com.ar/pinus-radiata-pino-de-monterrey/", "thumbnail": "/thumbnails/pinus-radiata.jpg" }, "geometry": { "type": "Point", "coordinates": [ -71.360345766323206, -40.156234100952737 ] } },
{ "type": "Feature", "properties": { "nombrevulgar": "Pino de Monterrey", "nombrecientifico": "Pinus radiata", "magnitud": 1, "tipo": "Conífera", "follaje": "Perenne", "lon": -71.360630881463678, "lat": -40.156370926506256, "imagen": "PINUS RADIATA.gif", "url_ficha": "https://www.arbolesurbanos.com.ar/pinus-radiata-pino-de-monterrey/", "thumbnail": "/thumbnails/pinus-radiata.jpg" }, "geometry": { "type": "Point", "coordinates": [ -71.360630881463678, -40.156370926506256 ] } },
{ "type": "Feature", "properties": { "nombrevulgar": "Pino de Monterrey", "nombrecientifico": "Pinus radiata", "magnitud": 1, "tipo": "Conífera", "follaje": "Perenne", "lon": -71.360747983181867, "lat": -40.156408290200076, "imagen": "PINUS RADIATA.gif", "url_ficha": "https://www.arbolesurbanos.com.ar/pinus-radiata-pino-de-monterrey/", "thumbnail": "/thumbnails/pinus-radiata.jpg" }, "geometry": { "type": "Point", "coordinates": [ -71.360747983181867, -40.156408290200076 ] } },
{ "type": "Feature", "properties": { "nombrevulgar": "Pino de Monterrey", "nombrecientifico": "Pinus radiata", "magnitud": 1, "tipo": "Conífera", "follaje": "Perenne", "lon": -71.360830924709688, "lat": -40.156163406956566, "imagen": "PINUS RADIATA.gif", "url_ficha": "https://www.arbolesurbanos.com.ar/pinus-radiata-pino-de-monterrey/", "thumbnail": "/thumbnails/pinus-radiata.jpg" }, "geometry": { "type": "Point", "coordinates": [ -71.360830924709688, -40.156163406956566 ] } },
{ "type": "Feature", "properties": { "nombrevulgar": "Pino de Monterrey", "nombrecientifico": "Pinus radiata", "magnitud": 1, "tipo": "Conífera", "follaje": "Perenne", "lon": -71.360941692462958, "lat": -40.156193884536698, "imagen": "PINUS RADIATA.gif", "url_ficha": "https://www.arbolesurbanos.com.ar/pinus-radiata-pino-de-monterrey/", "thumbnail": "/thumbnails/pinus-radiata.jpg" }, "geometry": { "type": "Point", "coordinates": [ -71.360941692462958, -40.156193884536698 ] } },
{ "type": "Feature", "properties": { "nombrevulgar": "Pino de Monterrey", "nombrecientifico": "Pinus radiata", "magnitud": 1, "tipo": "Conífera", "follaje": "Perenne", "lon": -71.356750485111675, "lat": -40.153405190998193, "imagen": "PINUS RADIATA.gif", "url_ficha": "https://www.arbolesurbanos.com.ar/pinus-radiata-pino-de-monterrey/", "thumbnail": "/thumbnails/pinus-radiata.jpg" }, "geometry": { "type": "Point", "coordinates": [ -71.356750485111675, -40.153405190998193 ] } },
{ "type": "Feature", "properties": { "nombrevulgar": "Pino de Monterrey", "nombrecientifico": "Pinus radiata", "magnitud": 1, "tipo": "Conífera", "follaje": "Perenne", "lon": -71.360963189155513, "lat": -40.15872685159438, "imagen": "PINUS RADIATA.gif", "url_ficha": "https://www.arbolesurbanos.com.ar/pinus-radiata-pino-de-monterrey/", "thumbnail": "/thumbnails/pinus-radiata.jpg" }, "geometry": { "type": "Point", "coordinates": [ -71.360963189155513, -40.15872685159438 ] } },
{ "type": "Feature", "properties": { "nombrevulgar": "Pino de Monterrey", "nombrecientifico": "Pinus radiata", "magnitud": 1, "tipo": "Conífera", "follaje": "Perenne", "lon": -71.356473665936733, "lat": -40.15331293335457, "imagen": "PINUS RADIATA.gif", "url_ficha": "https://www.arbolesurbanos.com.ar/pinus-radiata-pino-de-monterrey/", "thumbnail": "/thumbnails/pinus-radiata.jpg" }, "geometry": { "type": "Point", "coordinates": [ -71.356473665936733, -40.15331293335457 ] } },
{ "type": "Feature", "properties": { "nombrevulgar": "Manzano común", "nombrecientifico": "Malus sylvestris", "magnitud": 3, "tipo": "Latifoliada", "follaje": "Caduco", "lon": -71.358891359968354, "lat": -40.156192538092462, "imagen": "MALUS SYLVESTRIS.gif", "url_ficha": "https://www.arbolesurbanos.com.ar/malus-sylvestris-manzano-silvestre/", "thumbnail": "/thumbnails/malus-sylvestris.jpg" }, "geometry": { "type": "Point", "coordinates": [ -71.358891359968354, -40.156192538092462 ] } },
{ "type": "Feature", "properties": { "nombrevulgar": "Manzano común", "nombrecientifico": "Malus sylvestris", "magnitud": 3, "tipo": "Latifoliada", "follaje": "Caduco", "lon": -71.358730154688985, "lat": -40.156128830448672, "imagen": "MALUS SYLVESTRIS.gif", "url_ficha": "https://www.arbolesurbanos.com.ar/malus-sylvestris-manzano-silvestre/", "thumbnail": "/thumbnails/malus-sylvestris.jpg" }, "geometry": { "type": "Point", "coordinates": [ -71.358730154688985, -40.156128830448672 ] } },
{ "type": "Feature", "properties": { "nombrevulgar": "Manzano común", "nombrecientifico": "Malus sylvestris", "magnitud": 3, "tipo": "Latifoliada", "follaje": "Caduco", "lon": -71.358689219550683, "lat": -40.15612157155963, "imagen": "MALUS SYLVESTRIS.gif", "url_ficha": "https://www.arbolesurbanos.com.ar/malus-sylvestris-manzano-silvestre/", "thumbnail": "/thumbnails/malus-sylvestris.jpg" }, "geometry": { "type": "Point", "coordinates": [ -71.358689219550683, -40.15612157155963 ] } },
{ "type": "Feature", "properties": { "nombrevulgar": "Manzano común", "nombrecientifico": "Malus sylvestris", "magnitud": 3, "tipo": "Latifoliada", "follaje": "Caduco", "lon": -71.358633132884322, "lat": -40.156068374536858, "imagen": "MALUS SYLVESTRIS.gif", "url_ficha": "https://www.arbolesurbanos.com.ar/malus-sylvestris-manzano-silvestre/", "thumbnail": "/thumbnails/malus-sylvestris.jpg" }, "geometry": { "type": "Point", "coordinates": [ -71.358633132884322, -40.156068374536858 ] } },
{ "type": "Feature", "properties": { "nombrevulgar": "Manzano común", "nombrecientifico": "Malus sylvestris", "magnitud": 3, "tipo": "Latifoliada", "follaje": "Caduco", "lon": -71.358756338186694, "lat": -40.156101704800825, "imagen": "MALUS SYLVESTRIS.gif", "url_ficha": "https://www.arbolesurbanos.com.ar/malus-sylvestris-manzano-silvestre/", "thumbnail": "/thumbnails/malus-sylvestris.jpg" }, "geometry": { "type": "Point", "coordinates": [ -71.358756338186694, -40.156101704800825 ] } },
{ "type": "Feature", "properties": { "nombrevulgar": "Manzano común", "nombrecientifico": "Malus sylvestris", "magnitud": 3, "tipo": "Latifoliada", "follaje": "Caduco", "lon": -71.360921285962689, "lat": -40.154231687842568, "imagen": "MALUS SYLVESTRIS.gif", "url_ficha": "https://www.arbolesurbanos.com.ar/malus-sylvestris-manzano-silvestre/", "thumbnail": "/thumbnails/malus-sylvestris.jpg" }, "geometry": { "type": "Point", "coordinates": [ -71.360921285962689, -40.154231687842568 ] } },
{ "type": "Feature", "properties": { "nombrevulgar": "Manzano común", "nombrecientifico": "Malus sylvestris", "magnitud": 3, "tipo": "Latifoliada", "follaje": "Caduco", "lon": -71.360868555001545, "lat": -40.154211268888673, "imagen": "MALUS SYLVESTRIS.gif", "url_ficha": "https://www.arbolesurbanos.com.ar/malus-sylvestris-manzano-silvestre/", "thumbnail": "/thumbnails/malus-sylvestris.jpg" }, "geometry": { "type": "Point", "coordinates": [ -71.360868555001545, -40.154211268888673 ] } },
{ "type": "Feature", "properties": { "nombrevulgar": "Manzano común", "nombrecientifico": "Malus sylvestris", "magnitud": 3, "tipo": "Latifoliada", "follaje": "Caduco", "lon": -71.360922753855334, "lat": -40.154216304555312, "imagen": "MALUS SYLVESTRIS.gif", "url_ficha": "https://www.arbolesurbanos.com.ar/malus-sylvestris-manzano-silvestre/", "thumbnail": "/thumbnails/malus-sylvestris.jpg" }, "geometry": { "type": "Point", "coordinates": [ -71.360922753855334, -40.154216304555312 ] } },
{ "type": "Feature", "properties": { "nombrevulgar": "Manzano común", "nombrecientifico": "Malus sylvestris", "magnitud": 3, "tipo": "Latifoliada", "follaje": "Caduco", "lon": -71.358400443214535, "lat": -40.155984276985002, "imagen": "MALUS SYLVESTRIS.gif", "url_ficha": "https://www.arbolesurbanos.com.ar/malus-sylvestris-manzano-silvestre/", "thumbnail": "/thumbnails/malus-sylvestris.jpg" }, "geometry": { "type": "Point", "coordinates": [ -71.358400443214535, -40.155984276985002 ] } },
{ "type": "Feature", "properties": { "nombrevulgar": "Manzano común", "nombrecientifico": "Malus sylvestris", "magnitud": 3, "tipo": "Latifoliada", "follaje": "Caduco", "lon": -71.358647061119015, "lat": -40.155458933562336, "imagen": "MALUS SYLVESTRIS.gif", "url_ficha": "https://www.arbolesurbanos.com.ar/malus-sylvestris-manzano-silvestre/", "thumbnail": "/thumbnails/malus-sylvestris.jpg" }, "geometry": { "type": "Point", "coordinates": [ -71.358647061119015, -40.155458933562336 ] } },
{ "type": "Feature", "properties": { "nombrevulgar": "Manzano común", "nombrecientifico": "Malus sylvestris", "magnitud": 3, "tipo": "Latifoliada", "follaje": "Caduco", "lon": -71.358544981373043, "lat": -40.155540226591505, "imagen": "MALUS SYLVESTRIS.gif", "url_ficha": "https://www.arbolesurbanos.com.ar/malus-sylvestris-manzano-silvestre/", "thumbnail": "/thumbnails/malus-sylvestris.jpg" }, "geometry": { "type": "Point", "coordinates": [ -71.358544981373043, -40.155540226591505 ] } },
{ "type": "Feature", "properties": { "nombrevulgar": "Manzano común", "nombrecientifico": "Malus sylvestris", "magnitud": 3, "tipo": "Latifoliada", "follaje": "Caduco", "lon": -71.358499718023694, "lat": -40.155594626140427, "imagen": "MALUS SYLVESTRIS.gif", "url_ficha": "https://www.arbolesurbanos.com.ar/malus-sylvestris-manzano-silvestre/", "thumbnail": "/thumbnails/malus-sylvestris.jpg" }, "geometry": { "type": "Point", "coordinates": [ -71.358499718023694, -40.155594626140427 ] } },
{ "type": "Feature", "properties": { "nombrevulgar": "Manzano común", "nombrecientifico": "Malus sylvestris", "magnitud": 3, "tipo": "Latifoliada", "follaje": "Caduco", "lon": -71.358653006320267, "lat": -40.156229817919552, "imagen": "MALUS SYLVESTRIS.gif", "url_ficha": "https://www.arbolesurbanos.com.ar/malus-sylvestris-manzano-silvestre/", "thumbnail": "/thumbnails/malus-sylvestris.jpg" }, "geometry": { "type": "Point", "coordinates": [ -71.358653006320267, -40.156229817919552 ] } },
{ "type": "Feature", "properties": { "nombrevulgar": "Manzano común", "nombrecientifico": "Malus sylvestris", "magnitud": 3, "tipo": "Latifoliada", "follaje": "Caduco", "lon": -71.359188589099887, "lat": -40.153955793905467, "imagen": "MALUS SYLVESTRIS.gif", "url_ficha": "https://www.arbolesurbanos.com.ar/malus-sylvestris-manzano-silvestre/", "thumbnail": "/thumbnails/malus-sylvestris.jpg" }, "geometry": { "type": "Point", "coordinates": [ -71.359188589099887, -40.153955793905467 ] } },
{ "type": "Feature", "properties": { "nombrevulgar": "Manzano común", "nombrecientifico": "Malus sylvestris", "magnitud": 3, "tipo": "Latifoliada", "follaje": "Caduco", "lon": -71.357160593783618, "lat": -40.153034165750306, "imagen": "MALUS SYLVESTRIS.gif", "url_ficha": "https://www.arbolesurbanos.com.ar/malus-sylvestris-manzano-silvestre/", "thumbnail": "/thumbnails/malus-sylvestris.jpg" }, "geometry": { "type": "Point", "coordinates": [ -71.357160593783618, -40.153034165750306 ] } },
{ "type": "Feature", "properties": { "nombrevulgar": "Manzano común", "nombrecientifico": "Malus sylvestris", "magnitud": 3, "tipo": "Latifoliada", "follaje": "Caduco", "lon": -71.356062358765698, "lat": -40.152650956834805, "imagen": "MALUS SYLVESTRIS.gif", "url_ficha": "https://www.arbolesurbanos.com.ar/malus-sylvestris-manzano-silvestre/", "thumbnail": "/thumbnails/malus-sylvestris.jpg" }, "geometry": { "type": "Point", "coordinates": [ -71.356062358765698, -40.152650956834805 ] } },
{ "type": "Feature", "properties": { "nombrevulgar": "Manzano común", "nombrecientifico": "Malus sylvestris", "magnitud": 3, "tipo": "Latifoliada", "follaje": "Caduco", "lon": -71.357602831856198, "lat": -40.153801690902817, "imagen": "MALUS SYLVESTRIS.gif", "url_ficha": "https://www.arbolesurbanos.com.ar/malus-sylvestris-manzano-silvestre/", "thumbnail": "/thumbnails/malus-sylvestris.jpg" }, "geometry": { "type": "Point", "coordinates": [ -71.357602831856198, -40.153801690902817 ] } },
{ "type": "Feature", "properties": { "nombrevulgar": "Coihue", "nombrecientifico": "Nothofagus dombeyi", "magnitud": 1, "tipo": "Latifoliada", "follaje": "Perenne", "lon": -71.359209297800234, "lat": -40.158117557513364, "imagen": "NOTHOFAGUS DOMBEYI.gif", "url_ficha": "https://www.arbolesurbanos.com.ar/nothofagus-dombeyi-coihue", "thumbnail": "/thumbnails/coihue.jpg" }, "geometry": { "type": "Point", "coordinates": [ -71.359209297800234, -40.158117557513364 ] } },
{ "type": "Feature", "properties": { "nombrevulgar": "Coihue", "nombrecientifico": "Nothofagus dombeyi", "magnitud": 1, "tipo": "Latifoliada", "follaje": "Perenne", "lon": -71.359072171628668, "lat": -40.158168940292072, "imagen": "NOTHOFAGUS DOMBEYI.gif", "url_ficha": "https://www.arbolesurbanos.com.ar/nothofagus-dombeyi-coihue", "thumbnail": "/thumbnails/coihue.jpg" }, "geometry": { "type": "Point", "coordinates": [ -71.359072171628668, -40.158168940292072 ] } },
{ "type": "Feature", "properties": { "nombrevulgar": "Coihue", "nombrecientifico": "Nothofagus dombeyi", "magnitud": 1, "tipo": "Latifoliada", "follaje": "Perenne", "lon": -71.35759248554524, "lat": -40.15637628283686, "imagen": "NOTHOFAGUS DOMBEYI.gif", "url_ficha": "https://www.arbolesurbanos.com.ar/nothofagus-dombeyi-coihue", "thumbnail": "/thumbnails/coihue.jpg" }, "geometry": { "type": "Point", "coordinates": [ -71.35759248554524, -40.15637628283686 ] } },
{ "type": "Feature", "properties": { "nombrevulgar": "Coihue", "nombrecientifico": "Nothofagus dombeyi", "magnitud": 1, "tipo": "Latifoliada", "follaje": "Perenne", "lon": -71.356998648639987, "lat": -40.155196437592778, "imagen": "NOTHOFAGUS DOMBEYI.gif", "url_ficha": "https://www.arbolesurbanos.com.ar/nothofagus-dombeyi-coihue", "thumbnail": "/thumbnails/coihue.jpg" }, "geometry": { "type": "Point", "coordinates": [ -71.356998648639987, -40.155196437592778 ] } },
{ "type": "Feature", "properties": { "nombrevulgar": "Coihue", "nombrecientifico": "Nothofagus dombeyi", "magnitud": 1, "tipo": "Latifoliada", "follaje": "Perenne", "lon": -71.360969193517406, "lat": -40.154301007044786, "imagen": "NOTHOFAGUS DOMBEYI.gif", "url_ficha": "https://www.arbolesurbanos.com.ar/nothofagus-dombeyi-coihue", "thumbnail": "/thumbnails/coihue.jpg" }, "geometry": { "type": "Point", "coordinates": [ -71.360969193517406, -40.154301007044786 ] } },
{ "type": "Feature", "properties": { "nombrevulgar": "Coihue", "nombrecientifico": "Nothofagus dombeyi", "magnitud": 1, "tipo": "Latifoliada", "follaje": "Perenne", "lon": -71.361242285328686, "lat": -40.154462149225452, "imagen": "NOTHOFAGUS DOMBEYI.gif", "url_ficha": "https://www.arbolesurbanos.com.ar/nothofagus-dombeyi-coihue", "thumbnail": "/thumbnails/coihue.jpg" }, "geometry": { "type": "Point", "coordinates": [ -71.361242285328686, -40.154462149225452 ] } },
{ "type": "Feature", "properties": { "nombrevulgar": "Coihue", "nombrecientifico": "Nothofagus dombeyi", "magnitud": 1, "tipo": "Latifoliada", "follaje": "Perenne", "lon": -71.358169924523807, "lat": -40.156519732316099, "imagen": "NOTHOFAGUS DOMBEYI.gif", "url_ficha": "https://www.arbolesurbanos.com.ar/nothofagus-dombeyi-coihue", "thumbnail": "/thumbnails/coihue.jpg" }, "geometry": { "type": "Point", "coordinates": [ -71.358169924523807, -40.156519732316099 ] } },
{ "type": "Feature", "properties": { "nombrevulgar": "Coihue", "nombrecientifico": "Nothofagus dombeyi", "magnitud": 1, "tipo": "Latifoliada", "follaje": "Perenne", "lon": -71.356223997847934, "lat": -40.155338019767569, "imagen": "NOTHOFAGUS DOMBEYI.gif", "url_ficha": "https://www.arbolesurbanos.com.ar/nothofagus-dombeyi-coihue", "thumbnail": "/thumbnails/coihue.jpg" }, "geometry": { "type": "Point", "coordinates": [ -71.356223997847934, -40.155338019767569 ] } },
{ "type": "Feature", "properties": { "nombrevulgar": "Coihue", "nombrecientifico": "Nothofagus dombeyi", "magnitud": 1, "tipo": "Latifoliada", "follaje": "Perenne", "lon": -71.359669365305606, "lat": -40.157555376552658, "imagen": "NOTHOFAGUS DOMBEYI.gif", "url_ficha": "https://www.arbolesurbanos.com.ar/nothofagus-dombeyi-coihue", "thumbnail": "/thumbnails/coihue.jpg" }, "geometry": { "type": "Point", "coordinates": [ -71.359669365305606, -40.157555376552658 ] } },
{ "type": "Feature", "properties": { "nombrevulgar": "Coihue", "nombrecientifico": "Nothofagus dombeyi", "magnitud": 1, "tipo": "Latifoliada", "follaje": "Perenne", "lon": -71.361009425104115, "lat": -40.158078991569951, "imagen": "NOTHOFAGUS DOMBEYI.gif", "url_ficha": "https://www.arbolesurbanos.com.ar/nothofagus-dombeyi-coihue", "thumbnail": "/thumbnails/coihue.jpg" }, "geometry": { "type": "Point", "coordinates": [ -71.361009425104115, -40.158078991569951 ] } },
{ "type": "Feature", "properties": { "nombrevulgar": "Coihue", "nombrecientifico": "Nothofagus dombeyi", "magnitud": 1, "tipo": "Latifoliada", "follaje": "Perenne", "lon": -71.361086032356766, "lat": -40.158010233606525, "imagen": "NOTHOFAGUS DOMBEYI.gif", "url_ficha": "https://www.arbolesurbanos.com.ar/nothofagus-dombeyi-coihue", "thumbnail": "/thumbnails/coihue.jpg" }, "geometry": { "type": "Point", "coordinates": [ -71.361086032356766, -40.158010233606525 ] } },
{ "type": "Feature", "properties": { "nombrevulgar": "Coihue", "nombrecientifico": "Nothofagus dombeyi", "magnitud": 1, "tipo": "Latifoliada", "follaje": "Perenne", "lon": -71.361200080788564, "lat": -40.157832672620835, "imagen": "NOTHOFAGUS DOMBEYI.gif", "url_ficha": "https://www.arbolesurbanos.com.ar/nothofagus-dombeyi-coihue", "thumbnail": "/thumbnails/coihue.jpg" }, "geometry": { "type": "Point", "coordinates": [ -71.361200080788564, -40.157832672620835 ] } },
{ "type": "Feature", "properties": { "nombrevulgar": "Thuja gigante", "nombrecientifico": "Thuja plicata", "magnitud": 2, "tipo": "Conífera", "follaje": "Perenne", "lon": -71.35915210256934, "lat": -40.157999606018421, "imagen": "Thuja plicata.gif", "url_ficha": "https://www.arbolesurbanos.com.ar/thuja-plicata-tuya-gigante/", "thumbnail": "/thumbnails/thuja-plicata.jpg" }, "geometry": { "type": "Point", "coordinates": [ -71.35915210256934, -40.157999606018421 ] } },
{ "type": "Feature", "properties": { "nombrevulgar": "Thuja gigante", "nombrecientifico": "Thuja plicata", "magnitud": 2, "tipo": "Conífera", "follaje": "Perenne", "lon": -71.359125186273531, "lat": -40.15798918337449, "imagen": "Thuja plicata.gif", "url_ficha": "https://www.arbolesurbanos.com.ar/thuja-plicata-tuya-gigante/", "thumbnail": "/thumbnails/thuja-plicata.jpg" }, "geometry": { "type": "Point", "coordinates": [ -71.359125186273531, -40.15798918337449 ] } },
{ "type": "Feature", "properties": { "nombrevulgar": "Thuja gigante", "nombrecientifico": "Thuja plicata", "magnitud": 2, "tipo": "Conífera", "follaje": "Perenne", "lon": -71.359095469443218, "lat": -40.157956875121229, "imagen": "Thuja plicata.gif", "url_ficha": "https://www.arbolesurbanos.com.ar/thuja-plicata-tuya-gigante/", "thumbnail": "/thumbnails/thuja-plicata.jpg" }, "geometry": { "type": "Point", "coordinates": [ -71.359095469443218, -40.157956875121229 ] } },
{ "type": "Feature", "properties": { "nombrevulgar": "Thuja gigante", "nombrecientifico": "Thuja plicata", "magnitud": 2, "tipo": "Conífera", "follaje": "Perenne", "lon": -71.359050290115903, "lat": -40.15794995942256, "imagen": "Thuja plicata.gif", "url_ficha": "https://www.arbolesurbanos.com.ar/thuja-plicata-tuya-gigante/", "thumbnail": "/thumbnails/thuja-plicata.jpg" }, "geometry": { "type": "Point", "coordinates": [ -71.359050290115903, -40.15794995942256 ] } },
{ "type": "Feature", "properties": { "nombrevulgar": "Thuja gigante", "nombrecientifico": "Thuja plicata", "magnitud": 2, "tipo": "Conífera", "follaje": "Perenne", "lon": -71.359181168624957, "lat": -40.158013119501575, "imagen": "Thuja plicata.gif", "url_ficha": "https://www.arbolesurbanos.com.ar/thuja-plicata-tuya-gigante/", "thumbnail": "/thumbnails/thuja-plicata.jpg" }, "geometry": { "type": "Point", "coordinates": [ -71.359181168624957, -40.158013119501575 ] } },
{ "type": "Feature", "properties": { "nombrevulgar": "Thuja gigante", "nombrecientifico": "Thuja plicata", "magnitud": 2, "tipo": "Conífera", "follaje": "Perenne", "lon": -71.35775966677744, "lat": -40.156027440526294, "imagen": "Thuja plicata.gif", "url_ficha": "https://www.arbolesurbanos.com.ar/thuja-plicata-tuya-gigante/", "thumbnail": "/thumbnails/thuja-plicata.jpg" }, "geometry": { "type": "Point", "coordinates": [ -71.35775966677744, -40.156027440526294 ] } },
{ "type": "Feature", "properties": { "nombrevulgar": "Maqui", "nombrecientifico": "Aristotelia chilensis", "magnitud": 3, "tipo": "Latifoliada", "follaje": "Perenne", "lon": -71.358983090559107, "lat": -40.15795603125332, "imagen": "ARISTOTELIA CHILENSIS.gif", "url_ficha": "https://www.arbolesurbanos.com.ar/aristotelia-chilensis-maqui/", "thumbnail": "/iconos/3/ARISTOTELIA CHILENSIS.gif" }, "geometry": { "type": "Point", "coordinates": [ -71.358983090559107, -40.15795603125332 ] } },
{ "type": "Feature", "properties": { "nombrevulgar": "Maqui", "nombrecientifico": "Aristotelia chilensis", "magnitud": 3, "tipo": "Latifoliada", "follaje": "Perenne", "lon": -71.358820632653973, "lat": -40.157747752447797, "imagen": "ARISTOTELIA CHILENSIS.gif", "url_ficha": "https://www.arbolesurbanos.com.ar/aristotelia-chilensis-maqui/", "thumbnail": "/iconos/3/ARISTOTELIA CHILENSIS.gif" }, "geometry": { "type": "Point", "coordinates": [ -71.358820632653973, -40.157747752447797 ] } },
{ "type": "Feature", "properties": { "nombrevulgar": "Maqui", "nombrecientifico": "Aristotelia chilensis", "magnitud": 3, "tipo": "Latifoliada", "follaje": "Perenne", "lon": -71.359645442445341, "lat": -40.154821270016882, "imagen": "ARISTOTELIA CHILENSIS.gif", "url_ficha": "https://www.arbolesurbanos.com.ar/aristotelia-chilensis-maqui/", "thumbnail": "/iconos/3/ARISTOTELIA CHILENSIS.gif" }, "geometry": { "type": "Point", "coordinates": [ -71.359645442445341, -40.154821270016882 ] } },
{ "type": "Feature", "properties": { "nombrevulgar": "Maqui", "nombrecientifico": "Aristotelia chilensis", "magnitud": 3, "tipo": "Latifoliada", "follaje": "Perenne", "lon": -71.361087252427907, "lat": -40.154065599961754, "imagen": "ARISTOTELIA CHILENSIS.gif", "url_ficha": "https://www.arbolesurbanos.com.ar/aristotelia-chilensis-maqui/", "thumbnail": "/iconos/3/ARISTOTELIA CHILENSIS.gif" }, "geometry": { "type": "Point", "coordinates": [ -71.361087252427907, -40.154065599961754 ] } },
{ "type": "Feature", "properties": { "nombrevulgar": "Maqui", "nombrecientifico": "Aristotelia chilensis", "magnitud": 3, "tipo": "Latifoliada", "follaje": "Perenne", "lon": -71.361125969364551, "lat": -40.154471740647246, "imagen": "ARISTOTELIA CHILENSIS.gif", "url_ficha": "https://www.arbolesurbanos.com.ar/aristotelia-chilensis-maqui/", "thumbnail": "/iconos/3/ARISTOTELIA CHILENSIS.gif" }, "geometry": { "type": "Point", "coordinates": [ -71.361125969364551, -40.154471740647246 ] } },
{ "type": "Feature", "properties": { "nombrevulgar": "Maqui", "nombrecientifico": "Aristotelia chilensis", "magnitud": 3, "tipo": "Latifoliada", "follaje": "Perenne", "lon": -71.358301913049743, "lat": -40.156892424861148, "imagen": "ARISTOTELIA CHILENSIS.gif", "url_ficha": "https://www.arbolesurbanos.com.ar/aristotelia-chilensis-maqui/", "thumbnail": "/iconos/3/ARISTOTELIA CHILENSIS.gif" }, "geometry": { "type": "Point", "coordinates": [ -71.358301913049743, -40.156892424861148 ] } },
{ "type": "Feature", "properties": { "nombrevulgar": "Maqui", "nombrecientifico": "Aristotelia chilensis", "magnitud": 3, "tipo": "Latifoliada", "follaje": "Perenne", "lon": -71.361390086872078, "lat": -40.157666737131628, "imagen": "ARISTOTELIA CHILENSIS.gif", "url_ficha": "https://www.arbolesurbanos.com.ar/aristotelia-chilensis-maqui/", "thumbnail": "/iconos/3/ARISTOTELIA CHILENSIS.gif" }, "geometry": { "type": "Point", "coordinates": [ -71.361390086872078, -40.157666737131628 ] } },
{ "type": "Feature", "properties": { "nombrevulgar": "Maqui", "nombrecientifico": "Aristotelia chilensis", "magnitud": 3, "tipo": "Latifoliada", "follaje": "Perenne", "lon": -71.36147304584135, "lat": -40.157682172471944, "imagen": "ARISTOTELIA CHILENSIS.gif", "url_ficha": "https://www.arbolesurbanos.com.ar/aristotelia-chilensis-maqui/", "thumbnail": "/iconos/3/ARISTOTELIA CHILENSIS.gif" }, "geometry": { "type": "Point", "coordinates": [ -71.36147304584135, -40.157682172471944 ] } },
{ "type": "Feature", "properties": { "nombrevulgar": "Maqui", "nombrecientifico": "Aristotelia chilensis", "magnitud": 3, "tipo": "Latifoliada", "follaje": "Perenne", "lon": -71.361567167669691, "lat": -40.157722413397074, "imagen": "ARISTOTELIA CHILENSIS.gif", "url_ficha": "https://www.arbolesurbanos.com.ar/aristotelia-chilensis-maqui/", "thumbnail": "/iconos/3/ARISTOTELIA CHILENSIS.gif" }, "geometry": { "type": "Point", "coordinates": [ -71.361567167669691, -40.157722413397074 ] } },
{ "type": "Feature", "properties": { "nombrevulgar": "Maqui", "nombrecientifico": "Aristotelia chilensis", "magnitud": 3, "tipo": "Latifoliada", "follaje": "Perenne", "lon": -71.361621913930435, "lat": -40.157766092885318, "imagen": "ARISTOTELIA CHILENSIS.gif", "url_ficha": "https://www.arbolesurbanos.com.ar/aristotelia-chilensis-maqui/", "thumbnail": "/iconos/3/ARISTOTELIA CHILENSIS.gif" }, "geometry": { "type": "Point", "coordinates": [ -71.361621913930435, -40.157766092885318 ] } },
{ "type": "Feature", "properties": { "nombrevulgar": "Maqui", "nombrecientifico": "Aristotelia chilensis", "magnitud": 3, "tipo": "Latifoliada", "follaje": "Perenne", "lon": -71.351689409083534, "lat": -40.149665678616429, "imagen": "ARISTOTELIA CHILENSIS.gif", "url_ficha": "https://www.arbolesurbanos.com.ar/aristotelia-chilensis-maqui/", "thumbnail": "/iconos/3/ARISTOTELIA CHILENSIS.gif" }, "geometry": { "type": "Point", "coordinates": [ -71.351689409083534, -40.149665678616429 ] } },
{ "type": "Feature", "properties": { "nombrevulgar": "Maqui", "nombrecientifico": "Aristotelia chilensis", "magnitud": 3, "tipo": "Latifoliada", "follaje": "Perenne", "lon": -71.352104979834607, "lat": -40.148923175140446, "imagen": "ARISTOTELIA CHILENSIS.gif", "url_ficha": "https://www.arbolesurbanos.com.ar/aristotelia-chilensis-maqui/", "thumbnail": "/iconos/3/ARISTOTELIA CHILENSIS.gif" }, "geometry": { "type": "Point", "coordinates": [ -71.352104979834607, -40.148923175140446 ] } },
{ "type": "Feature", "properties": { "nombrevulgar": "Pañil", "nombrecientifico": "Budleja globosa", "magnitud": 3, "tipo": "Latifoliada", "follaje": "Perenne", "lon": -71.358103051788135, "lat": -40.15684548520138, "imagen": "BUDDLEJA GLOBOSA.gif", "url_ficha": "https://www.arbolesurbanos.com.ar/budleja-globosa-panil", "thumbnail": "/thumbnails/budleja-globosa.jpg" }, "geometry": { "type": "Point", "coordinates": [ -71.358103051788135, -40.15684548520138 ] } },
{ "type": "Feature", "properties": { "nombrevulgar": "Pañil", "nombrecientifico": "Budleja globosa", "magnitud": 3, "tipo": "Latifoliada", "follaje": "Perenne", "lon": -71.358000898024898, "lat": -40.156726881838409, "imagen": "BUDDLEJA GLOBOSA.gif", "url_ficha": "https://www.arbolesurbanos.com.ar/budleja-globosa-panil", "thumbnail": "/thumbnails/budleja-globosa.jpg" }, "geometry": { "type": "Point", "coordinates": [ -71.358000898024898, -40.156726881838409 ] } },
{ "type": "Feature", "properties": { "nombrevulgar": "Pañil", "nombrecientifico": "Budleja globosa", "magnitud": 3, "tipo": "Latifoliada", "follaje": "Perenne", "lon": -71.357975481601358, "lat": -40.156700755001893, "imagen": "BUDDLEJA GLOBOSA.gif", "url_ficha": "https://www.arbolesurbanos.com.ar/budleja-globosa-panil", "thumbnail": "/thumbnails/budleja-globosa.jpg" }, "geometry": { "type": "Point", "coordinates": [ -71.357975481601358, -40.156700755001893 ] } },
{ "type": "Feature", "properties": { "nombrevulgar": "Pañil", "nombrecientifico": "Budleja globosa", "magnitud": 3, "tipo": "Latifoliada", "follaje": "Perenne", "lon": -71.35975406413057, "lat": -40.158051562884317, "imagen": "BUDDLEJA GLOBOSA.gif", "url_ficha": "https://www.arbolesurbanos.com.ar/budleja-globosa-panil", "thumbnail": "/thumbnails/budleja-globosa.jpg" }, "geometry": { "type": "Point", "coordinates": [ -71.35975406413057, -40.158051562884317 ] } },
{ "type": "Feature", "properties": { "nombrevulgar": "Pañil", "nombrecientifico": "Budleja globosa", "magnitud": 3, "tipo": "Latifoliada", "follaje": "Perenne", "lon": -71.356500328010497, "lat": -40.153988044244429, "imagen": "BUDDLEJA GLOBOSA.gif", "url_ficha": "https://www.arbolesurbanos.com.ar/budleja-globosa-panil", "thumbnail": "/thumbnails/budleja-globosa.jpg" }, "geometry": { "type": "Point", "coordinates": [ -71.356500328010497, -40.153988044244429 ] } },
{ "type": "Feature", "properties": { "nombrevulgar": "Olmo siberiano", "nombrecientifico": "Ulmus pumila", "magnitud": 2, "tipo": "Latifoliada", "follaje": "Caduco", "lon": -71.357072912306123, "lat": -40.155516293881753, "imagen": "ULMUS PUMILA.gif\n", "url_ficha": "https://www.arbolesurbanos.com.ar/ulmus-pumila-olmo-siberiano/", "thumbnail": "/thumbnails/ulmus-pumilia.jpg" }, "geometry": { "type": "Point", "coordinates": [ -71.357072912306123, -40.155516293881753 ] } },
{ "type": "Feature", "properties": { "nombrevulgar": "Picea del colorado", "nombrecientifico": "Picea pungens", "magnitud": 2, "tipo": "Conífera", "follaje": "Perenne", "lon": -71.35728244897733, "lat": -40.155380519573399, "imagen": "PICEA PUNGENS.gif\n", "url_ficha": "https://www.arbolesurbanos.com.ar/picea-pungens-picea-del-colorado/", "thumbnail": "/thumbnails/picea-pungens.jpg" }, "geometry": { "type": "Point", "coordinates": [ -71.35728244897733, -40.155380519573399 ] } },
{ "type": "Feature", "properties": { "nombrevulgar": "Picea del colorado", "nombrecientifico": "Picea pungens", "magnitud": 2, "tipo": "Conífera", "follaje": "Perenne", "lon": -71.357561409869376, "lat": -40.155477453779341, "imagen": "PICEA PUNGENS.gif\n", "url_ficha": "https://www.arbolesurbanos.com.ar/picea-pungens-picea-del-colorado/", "thumbnail": "/thumbnails/picea-pungens.jpg" }, "geometry": { "type": "Point", "coordinates": [ -71.357561409869376, -40.155477453779341 ] } },
{ "type": "Feature", "properties": { "nombrevulgar": "Picea del colorado", "nombrecientifico": "Picea pungens", "magnitud": 2, "tipo": "Conífera", "follaje": "Perenne", "lon": -71.35972909561967, "lat": -40.154442843107567, "imagen": "PICEA PUNGENS.gif\n", "url_ficha": "https://www.arbolesurbanos.com.ar/picea-pungens-picea-del-colorado/", "thumbnail": "/thumbnails/picea-pungens.jpg" }, "geometry": { "type": "Point", "coordinates": [ -71.35972909561967, -40.154442843107567 ] } },
{ "type": "Feature", "properties": { "nombrevulgar": "Picea del colorado", "nombrecientifico": "Picea pungens", "magnitud": 2, "tipo": "Conífera", "follaje": "Perenne", "lon": -71.358698338873012, "lat": -40.155675407245781, "imagen": "PICEA PUNGENS.gif\n", "url_ficha": "https://www.arbolesurbanos.com.ar/picea-pungens-picea-del-colorado/", "thumbnail": "/thumbnails/picea-pungens.jpg" }, "geometry": { "type": "Point", "coordinates": [ -71.358698338873012, -40.155675407245781 ] } },
{ "type": "Feature", "properties": { "nombrevulgar": "Picea del colorado", "nombrecientifico": "Picea pungens", "magnitud": 2, "tipo": "Conífera", "follaje": "Perenne", "lon": -71.353046734076457, "lat": -40.151534227506033, "imagen": "PICEA PUNGENS.gif\n", "url_ficha": "https://www.arbolesurbanos.com.ar/picea-pungens-picea-del-colorado/", "thumbnail": "/thumbnails/picea-pungens.jpg" }, "geometry": { "type": "Point", "coordinates": [ -71.353046734076457, -40.151534227506033 ] } },
{ "type": "Feature", "properties": { "nombrevulgar": "Picea del colorado", "nombrecientifico": "Picea pungens", "magnitud": 2, "tipo": "Conífera", "follaje": "Perenne", "lon": -71.359396010903424, "lat": -40.158028684945251, "imagen": "PICEA PUNGENS.gif\n", "url_ficha": "https://www.arbolesurbanos.com.ar/picea-pungens-picea-del-colorado/", "thumbnail": "/thumbnails/picea-pungens.jpg" }, "geometry": { "type": "Point", "coordinates": [ -71.359396010903424, -40.158028684945251 ] } },
{ "type": "Feature", "properties": { "nombrevulgar": "Picea del colorado", "nombrecientifico": "Picea pungens", "magnitud": 2, "tipo": "Conífera", "follaje": "Perenne", "lon": -71.359466702576853, "lat": -40.157914712655518, "imagen": "PICEA PUNGENS.gif\n", "url_ficha": "https://www.arbolesurbanos.com.ar/picea-pungens-picea-del-colorado/", "thumbnail": "/thumbnails/picea-pungens.jpg" }, "geometry": { "type": "Point", "coordinates": [ -71.359466702576853, -40.157914712655518 ] } },
{ "type": "Feature", "properties": { "nombrevulgar": "Picea del colorado", "nombrecientifico": "Picea pungens", "magnitud": 2, "tipo": "Conífera", "follaje": "Perenne", "lon": -71.359709742261089, "lat": -40.158183948289974, "imagen": "PICEA PUNGENS.gif\n", "url_ficha": "https://www.arbolesurbanos.com.ar/picea-pungens-picea-del-colorado/", "thumbnail": "/thumbnails/picea-pungens.jpg" }, "geometry": { "type": "Point", "coordinates": [ -71.359709742261089, -40.158183948289974 ] } },
{ "type": "Feature", "properties": { "nombrevulgar": "Picea del colorado", "nombrecientifico": "Picea pungens", "magnitud": 2, "tipo": "Conífera", "follaje": "Perenne", "lon": -71.359803898583067, "lat": -40.158214497431835, "imagen": "PICEA PUNGENS.gif\n", "url_ficha": "https://www.arbolesurbanos.com.ar/picea-pungens-picea-del-colorado/", "thumbnail": "/thumbnails/picea-pungens.jpg" }, "geometry": { "type": "Point", "coordinates": [ -71.359803898583067, -40.158214497431835 ] } },
{ "type": "Feature", "properties": { "nombrevulgar": "Picea del colorado", "nombrecientifico": "Picea pungens", "magnitud": 2, "tipo": "Conífera", "follaje": "Perenne", "lon": -71.35231304597383, "lat": -40.148434603711777, "imagen": "PICEA PUNGENS.gif\n", "url_ficha": "https://www.arbolesurbanos.com.ar/picea-pungens-picea-del-colorado/", "thumbnail": "/thumbnails/picea-pungens.jpg" }, "geometry": { "type": "Point", "coordinates": [ -71.35231304597383, -40.148434603711777 ] } },
{ "type": "Feature", "properties": { "nombrevulgar": "Picea del colorado", "nombrecientifico": "Picea pungens", "magnitud": 2, "tipo": "Conífera", "follaje": "Perenne", "lon": -71.352166985938922, "lat": -40.149461382262658, "imagen": "PICEA PUNGENS.gif\n", "url_ficha": "https://www.arbolesurbanos.com.ar/picea-pungens-picea-del-colorado/", "thumbnail": "/thumbnails/picea-pungens.jpg" }, "geometry": { "type": "Point", "coordinates": [ -71.352166985938922, -40.149461382262658 ] } },
{ "type": "Feature", "properties": { "nombrevulgar": "Picea del colorado", "nombrecientifico": "Picea pungens", "magnitud": 2, "tipo": "Conífera", "follaje": "Perenne", "lon": -71.356310327552436, "lat": -40.150019846717129, "imagen": "PICEA PUNGENS.gif\n", "url_ficha": "https://www.arbolesurbanos.com.ar/picea-pungens-picea-del-colorado/", "thumbnail": "/thumbnails/picea-pungens.jpg" }, "geometry": { "type": "Point", "coordinates": [ -71.356310327552436, -40.150019846717129 ] } },
{ "type": "Feature", "properties": { "nombrevulgar": "Picea del colorado", "nombrecientifico": "Picea pungens", "magnitud": 2, "tipo": "Conífera", "follaje": "Perenne", "lon": -71.357493449166483, "lat": -40.154726462008121, "imagen": "PICEA PUNGENS.gif\n", "url_ficha": "https://www.arbolesurbanos.com.ar/picea-pungens-picea-del-colorado/", "thumbnail": "/thumbnails/picea-pungens.jpg" }, "geometry": { "type": "Point", "coordinates": [ -71.357493449166483, -40.154726462008121 ] } },
{ "type": "Feature", "properties": { "nombrevulgar": "Laurel", "nombrecientifico": "Laurus nobilis", "magnitud": 3, "tipo": "Latifoliada", "follaje": "Perenne", "lon": -71.357351713484292, "lat": -40.155277191222154, "imagen": "laurel.gif", "url_ficha": "https://www.arbolesurbanos.com.ar/laurus-nobilis-laurel/", "thumbnail": "/iconos/3/laurel.gif" }, "geometry": { "type": "Point", "coordinates": [ -71.357351713484292, -40.155277191222154 ] } },
{ "type": "Feature", "properties": { "nombrevulgar": "Laurel", "nombrecientifico": "Laurus nobilis", "magnitud": 3, "tipo": "Latifoliada", "follaje": "Perenne", "lon": -71.358357545704777, "lat": -40.154992759460661, "imagen": "laurel.gif", "url_ficha": "https://www.arbolesurbanos.com.ar/laurus-nobilis-laurel/", "thumbnail": "/iconos/3/laurel.gif" }, "geometry": { "type": "Point", "coordinates": [ -71.358357545704777, -40.154992759460661 ] } },
{ "type": "Feature", "properties": { "nombrevulgar": "Laurel", "nombrecientifico": "Laurus nobilis", "magnitud": 3, "tipo": "Latifoliada", "follaje": "Perenne", "lon": -71.361128480991539, "lat": -40.154154523859212, "imagen": "laurel.gif", "url_ficha": "https://www.arbolesurbanos.com.ar/laurus-nobilis-laurel/", "thumbnail": "/iconos/3/laurel.gif" }, "geometry": { "type": "Point", "coordinates": [ -71.361128480991539, -40.154154523859212 ] } },
{ "type": "Feature", "properties": { "nombrevulgar": "Laurel", "nombrecientifico": "Laurus nobilis", "magnitud": 3, "tipo": "Latifoliada", "follaje": "Perenne", "lon": -71.35804823893848, "lat": -40.15589103999519, "imagen": "laurel.gif", "url_ficha": "https://www.arbolesurbanos.com.ar/laurus-nobilis-laurel/", "thumbnail": "/iconos/3/laurel.gif" }, "geometry": { "type": "Point", "coordinates": [ -71.35804823893848, -40.15589103999519 ] } },
{ "type": "Feature", "properties": { "nombrevulgar": "Laurel", "nombrecientifico": "Laurus nobilis", "magnitud": 3, "tipo": "Latifoliada", "follaje": "Perenne", "lon": -71.358523550661232, "lat": -40.156203252170975, "imagen": "laurel.gif", "url_ficha": "https://www.arbolesurbanos.com.ar/laurus-nobilis-laurel/", "thumbnail": "/iconos/3/laurel.gif" }, "geometry": { "type": "Point", "coordinates": [ -71.358523550661232, -40.156203252170975 ] } },
{ "type": "Feature", "properties": { "nombrevulgar": "Laurel", "nombrecientifico": "Laurus nobilis", "magnitud": 3, "tipo": "Latifoliada", "follaje": "Perenne", "lon": -71.358854506604175, "lat": -40.155673622736721, "imagen": "laurel.gif", "url_ficha": "https://www.arbolesurbanos.com.ar/laurus-nobilis-laurel/", "thumbnail": "/iconos/3/laurel.gif" }, "geometry": { "type": "Point", "coordinates": [ -71.358854506604175, -40.155673622736721 ] } },
{ "type": "Feature", "properties": { "nombrevulgar": "Laurel", "nombrecientifico": "Laurus nobilis", "magnitud": 3, "tipo": "Latifoliada", "follaje": "Perenne", "lon": -71.358362552733055, "lat": -40.153400839287869, "imagen": "laurel.gif", "url_ficha": "https://www.arbolesurbanos.com.ar/laurus-nobilis-laurel/", "thumbnail": "/iconos/3/laurel.gif" }, "geometry": { "type": "Point", "coordinates": [ -71.358362552733055, -40.153400839287869 ] } },
{ "type": "Feature", "properties": { "nombrevulgar": "Laurel", "nombrecientifico": "Laurus nobilis", "magnitud": 3, "tipo": "Latifoliada", "follaje": "Perenne", "lon": -71.358274506488911, "lat": -40.153387511997259, "imagen": "laurel.gif", "url_ficha": "https://www.arbolesurbanos.com.ar/laurus-nobilis-laurel/", "thumbnail": "/iconos/3/laurel.gif" }, "geometry": { "type": "Point", "coordinates": [ -71.358274506488911, -40.153387511997259 ] } },
{ "type": "Feature", "properties": { "nombrevulgar": "Laurel", "nombrecientifico": "Laurus nobilis", "magnitud": 3, "tipo": "Latifoliada", "follaje": "Perenne", "lon": -71.355016838952864, "lat": -40.151707229579955, "imagen": "laurel.gif", "url_ficha": "https://www.arbolesurbanos.com.ar/laurus-nobilis-laurel/", "thumbnail": "/iconos/3/laurel.gif" }, "geometry": { "type": "Point", "coordinates": [ -71.355016838952864, -40.151707229579955 ] } },
{ "type": "Feature", "properties": { "nombrevulgar": "Laurel", "nombrecientifico": "Laurus nobilis", "magnitud": 3, "tipo": "Latifoliada", "follaje": "Perenne", "lon": -71.356220287032087, "lat": -40.150345046134056, "imagen": "laurel.gif", "url_ficha": "https://www.arbolesurbanos.com.ar/laurus-nobilis-laurel/", "thumbnail": "/iconos/3/laurel.gif" }, "geometry": { "type": "Point", "coordinates": [ -71.356220287032087, -40.150345046134056 ] } },
{ "type": "Feature", "properties": { "nombrevulgar": "Laurel", "nombrecientifico": "Laurus nobilis", "magnitud": 3, "tipo": "Latifoliada", "follaje": "Perenne", "lon": -71.353499566929642, "lat": -40.149183148809037, "imagen": "laurel.gif", "url_ficha": "https://www.arbolesurbanos.com.ar/laurus-nobilis-laurel/", "thumbnail": "/iconos/3/laurel.gif" }, "geometry": { "type": "Point", "coordinates": [ -71.353499566929642, -40.149183148809037 ] } },
{ "type": "Feature", "properties": { "nombrevulgar": "Acebo", "nombrecientifico": "Ilex aquifolium", "magnitud": 3, "tipo": "Latifoliada", "follaje": "Perenne", "lon": -71.358326580666599, "lat": -40.154818476055226, "imagen": "ILEX AQUIFOLIUM.gif\n", "url_ficha": "https://www.arbolesurbanos.com.ar/ilex-aquifolium-acebo", "thumbnail": "/thumbnails/acebo.jpg" }, "geometry": { "type": "Point", "coordinates": [ -71.358326580666599, -40.154818476055226 ] } },
{ "type": "Feature", "properties": { "nombrevulgar": "Acebo", "nombrecientifico": "Ilex aquifolium", "magnitud": 3, "tipo": "Latifoliada", "follaje": "Perenne", "lon": -71.358607657853554, "lat": -40.154912503772657, "imagen": "ILEX AQUIFOLIUM.gif\n", "url_ficha": "https://www.arbolesurbanos.com.ar/ilex-aquifolium-acebo", "thumbnail": "/thumbnails/acebo.jpg" }, "geometry": { "type": "Point", "coordinates": [ -71.358607657853554, -40.154912503772657 ] } },
{ "type": "Feature", "properties": { "nombrevulgar": "Acebo", "nombrecientifico": "Ilex aquifolium", "magnitud": 3, "tipo": "Latifoliada", "follaje": "Perenne", "lon": -71.359474962642011, "lat": -40.154969109864702, "imagen": "ILEX AQUIFOLIUM.gif\n", "url_ficha": "https://www.arbolesurbanos.com.ar/ilex-aquifolium-acebo", "thumbnail": "/thumbnails/acebo.jpg" }, "geometry": { "type": "Point", "coordinates": [ -71.359474962642011, -40.154969109864702 ] } },
{ "type": "Feature", "properties": { "nombrevulgar": "Acebo", "nombrecientifico": "Ilex aquifolium", "magnitud": 3, "tipo": "Latifoliada", "follaje": "Perenne", "lon": -71.361071156909716, "lat": -40.154632233373633, "imagen": "ILEX AQUIFOLIUM.gif\n", "url_ficha": "https://www.arbolesurbanos.com.ar/ilex-aquifolium-acebo", "thumbnail": "/thumbnails/acebo.jpg" }, "geometry": { "type": "Point", "coordinates": [ -71.361071156909716, -40.154632233373633 ] } },
{ "type": "Feature", "properties": { "nombrevulgar": "Acebo", "nombrecientifico": "Ilex aquifolium", "magnitud": 3, "tipo": "Latifoliada", "follaje": "Perenne", "lon": -71.360187542383741, "lat": -40.154436310058884, "imagen": "ILEX AQUIFOLIUM.gif\n", "url_ficha": "https://www.arbolesurbanos.com.ar/ilex-aquifolium-acebo", "thumbnail": "/thumbnails/acebo.jpg" }, "geometry": { "type": "Point", "coordinates": [ -71.360187542383741, -40.154436310058884 ] } },
{ "type": "Feature", "properties": { "nombrevulgar": "Acebo", "nombrecientifico": "Ilex aquifolium", "magnitud": 3, "tipo": "Latifoliada", "follaje": "Perenne", "lon": -71.357827496446717, "lat": -40.15588659472602, "imagen": "ILEX AQUIFOLIUM.gif\n", "url_ficha": "https://www.arbolesurbanos.com.ar/ilex-aquifolium-acebo", "thumbnail": "/thumbnails/acebo.jpg" }, "geometry": { "type": "Point", "coordinates": [ -71.357827496446717, -40.15588659472602 ] } },
{ "type": "Feature", "properties": { "nombrevulgar": "Acebo", "nombrecientifico": "Ilex aquifolium", "magnitud": 3, "tipo": "Latifoliada", "follaje": "Perenne", "lon": -71.359007881234433, "lat": -40.155354476706655, "imagen": "ILEX AQUIFOLIUM.gif\n", "url_ficha": "https://www.arbolesurbanos.com.ar/ilex-aquifolium-acebo", "thumbnail": "/thumbnails/acebo.jpg" }, "geometry": { "type": "Point", "coordinates": [ -71.359007881234433, -40.155354476706655 ] } },
{ "type": "Feature", "properties": { "nombrevulgar": "Acebo", "nombrecientifico": "Ilex aquifolium", "magnitud": 3, "tipo": "Latifoliada", "follaje": "Perenne", "lon": -71.359324983370954, "lat": -40.153982270269168, "imagen": "ILEX AQUIFOLIUM.gif\n", "url_ficha": "https://www.arbolesurbanos.com.ar/ilex-aquifolium-acebo", "thumbnail": "/thumbnails/acebo.jpg" }, "geometry": { "type": "Point", "coordinates": [ -71.359324983370954, -40.153982270269168 ] } },
{ "type": "Feature", "properties": { "nombrevulgar": "Acebo", "nombrecientifico": "Ilex aquifolium", "magnitud": 3, "tipo": "Latifoliada", "follaje": "Perenne", "lon": -71.359224643079784, "lat": -40.15394260763653, "imagen": "ILEX AQUIFOLIUM.gif\n", "url_ficha": "https://www.arbolesurbanos.com.ar/ilex-aquifolium-acebo", "thumbnail": "/thumbnails/acebo.jpg" }, "geometry": { "type": "Point", "coordinates": [ -71.359224643079784, -40.15394260763653 ] } },
{ "type": "Feature", "properties": { "nombrevulgar": "Acebo", "nombrecientifico": "Ilex aquifolium", "magnitud": 3, "tipo": "Latifoliada", "follaje": "Perenne", "lon": -71.357275288859697, "lat": -40.15324752259103, "imagen": "ILEX AQUIFOLIUM.gif\n", "url_ficha": "https://www.arbolesurbanos.com.ar/ilex-aquifolium-acebo", "thumbnail": "/thumbnails/acebo.jpg" }, "geometry": { "type": "Point", "coordinates": [ -71.357275288859697, -40.15324752259103 ] } },
{ "type": "Feature", "properties": { "nombrevulgar": "Acebo", "nombrecientifico": "Ilex aquifolium", "magnitud": 3, "tipo": "Latifoliada", "follaje": "Perenne", "lon": -71.356469751701098, "lat": -40.154819702202609, "imagen": "ILEX AQUIFOLIUM.gif\n", "url_ficha": "https://www.arbolesurbanos.com.ar/ilex-aquifolium-acebo", "thumbnail": "/thumbnails/acebo.jpg" }, "geometry": { "type": "Point", "coordinates": [ -71.356469751701098, -40.154819702202609 ] } },
{ "type": "Feature", "properties": { "nombrevulgar": "Acebo", "nombrecientifico": "Ilex aquifolium", "magnitud": 3, "tipo": "Latifoliada", "follaje": "Perenne", "lon": -71.359888098970259, "lat": -40.158201957424069, "imagen": "ILEX AQUIFOLIUM.gif\n", "url_ficha": "https://www.arbolesurbanos.com.ar/ilex-aquifolium-acebo", "thumbnail": "/thumbnails/acebo.jpg" }, "geometry": { "type": "Point", "coordinates": [ -71.359888098970259, -40.158201957424069 ] } },
{ "type": "Feature", "properties": { "nombrevulgar": "Acebo", "nombrecientifico": "Ilex aquifolium", "magnitud": 3, "tipo": "Latifoliada", "follaje": "Perenne", "lon": -71.355499278151413, "lat": -40.151173271436519, "imagen": "ILEX AQUIFOLIUM.gif\n", "url_ficha": "https://www.arbolesurbanos.com.ar/ilex-aquifolium-acebo", "thumbnail": "/thumbnails/acebo.jpg" }, "geometry": { "type": "Point", "coordinates": [ -71.355499278151413, -40.151173271436519 ] } },
{ "type": "Feature", "properties": { "nombrevulgar": "Acebo", "nombrecientifico": "Ilex aquifolium", "magnitud": 3, "tipo": "Latifoliada", "follaje": "Perenne", "lon": -71.355857728435339, "lat": -40.150483215227659, "imagen": "ILEX AQUIFOLIUM.gif\n", "url_ficha": "https://www.arbolesurbanos.com.ar/ilex-aquifolium-acebo", "thumbnail": "/thumbnails/acebo.jpg" }, "geometry": { "type": "Point", "coordinates": [ -71.355857728435339, -40.150483215227659 ] } },
{ "type": "Feature", "properties": { "nombrevulgar": "Acebo", "nombrecientifico": "Ilex aquifolium", "magnitud": 3, "tipo": "Latifoliada", "follaje": "Perenne", "lon": -71.353487773593471, "lat": -40.149047931907631, "imagen": "ILEX AQUIFOLIUM.gif\n", "url_ficha": "https://www.arbolesurbanos.com.ar/ilex-aquifolium-acebo", "thumbnail": "/thumbnails/acebo.jpg" }, "geometry": { "type": "Point", "coordinates": [ -71.353487773593471, -40.149047931907631 ] } },
{ "type": "Feature", "properties": { "nombrevulgar": "Acebo", "nombrecientifico": "Ilex aquifolium", "magnitud": 3, "tipo": "Latifoliada", "follaje": "Perenne", "lon": -71.353790733251486, "lat": -40.149673441032263, "imagen": "ILEX AQUIFOLIUM.gif\n", "url_ficha": "https://www.arbolesurbanos.com.ar/ilex-aquifolium-acebo", "thumbnail": "/thumbnails/acebo.jpg" }, "geometry": { "type": "Point", "coordinates": [ -71.353790733251486, -40.149673441032263 ] } },
{ "type": "Feature", "properties": { "nombrevulgar": "Acebo", "nombrecientifico": "Ilex aquifolium", "magnitud": 3, "tipo": "Latifoliada", "follaje": "Perenne", "lon": -71.356280207634342, "lat": -40.154386846657452, "imagen": "ILEX AQUIFOLIUM.gif\n", "url_ficha": "https://www.arbolesurbanos.com.ar/ilex-aquifolium-acebo", "thumbnail": "/thumbnails/acebo.jpg" }, "geometry": { "type": "Point", "coordinates": [ -71.356280207634342, -40.154386846657452 ] } },
{ "type": "Feature", "properties": { "nombrevulgar": "Acebo", "nombrecientifico": "Ilex aquifolium", "magnitud": 3, "tipo": "Latifoliada", "follaje": "Perenne", "lon": -71.356191429803019, "lat": -40.153762173204093, "imagen": "ILEX AQUIFOLIUM.gif\n", "url_ficha": "https://www.arbolesurbanos.com.ar/ilex-aquifolium-acebo", "thumbnail": "/thumbnails/acebo.jpg" }, "geometry": { "type": "Point", "coordinates": [ -71.356191429803019, -40.153762173204093 ] } },
{ "type": "Feature", "properties": { "nombrevulgar": "Acebo", "nombrecientifico": "Ilex aquifolium", "magnitud": 3, "tipo": "Latifoliada", "follaje": "Perenne", "lon": -71.356174403917564, "lat": -40.153817943901224, "imagen": "ILEX AQUIFOLIUM.gif\n", "url_ficha": "https://www.arbolesurbanos.com.ar/ilex-aquifolium-acebo", "thumbnail": "/thumbnails/acebo.jpg" }, "geometry": { "type": "Point", "coordinates": [ -71.356174403917564, -40.153817943901224 ] } },
{ "type": "Feature", "properties": { "nombrevulgar": "Acebo", "nombrecientifico": "Ilex aquifolium", "magnitud": 3, "tipo": "Latifoliada", "follaje": "Perenne", "lon": -71.356179268456302, "lat": -40.153841181678146, "imagen": "ILEX AQUIFOLIUM.gif\n", "url_ficha": "https://www.arbolesurbanos.com.ar/ilex-aquifolium-acebo", "thumbnail": "/thumbnails/acebo.jpg" }, "geometry": { "type": "Point", "coordinates": [ -71.356179268456302, -40.153841181678146 ] } },
{ "type": "Feature", "properties": { "nombrevulgar": "Acebo", "nombrecientifico": "Ilex aquifolium", "magnitud": 3, "tipo": "Latifoliada", "follaje": "Perenne", "lon": -71.356348311176134, "lat": -40.153931344177309, "imagen": "ILEX AQUIFOLIUM.gif\n", "url_ficha": "https://www.arbolesurbanos.com.ar/ilex-aquifolium-acebo", "thumbnail": "/thumbnails/acebo.jpg" }, "geometry": { "type": "Point", "coordinates": [ -71.356348311176134, -40.153931344177309 ] } },
{ "type": "Feature", "properties": { "nombrevulgar": "Acebo", "nombrecientifico": "Ilex aquifolium", "magnitud": 3, "tipo": "Latifoliada", "follaje": "Perenne", "lon": -71.357293194703914, "lat": -40.153192029628869, "imagen": "ILEX AQUIFOLIUM.gif\n", "url_ficha": "https://www.arbolesurbanos.com.ar/ilex-aquifolium-acebo", "thumbnail": "/thumbnails/acebo.jpg" }, "geometry": { "type": "Point", "coordinates": [ -71.357293194703914, -40.153192029628869 ] } },
{ "type": "Feature", "properties": { "nombrevulgar": "Acebo", "nombrecientifico": "Ilex aquifolium", "magnitud": 3, "tipo": "Latifoliada", "follaje": "Perenne", "lon": -71.357385749287417, "lat": -40.15326019877724, "imagen": "ILEX AQUIFOLIUM.gif\n", "url_ficha": "https://www.arbolesurbanos.com.ar/ilex-aquifolium-acebo", "thumbnail": "/thumbnails/acebo.jpg" }, "geometry": { "type": "Point", "coordinates": [ -71.357385749287417, -40.15326019877724 ] } },
{ "type": "Feature", "properties": { "nombrevulgar": "Acebo", "nombrecientifico": "Ilex aquifolium", "magnitud": 3, "tipo": "Latifoliada", "follaje": "Perenne", "lon": -71.357584320939438, "lat": -40.153723232691313, "imagen": "ILEX AQUIFOLIUM.gif\n", "url_ficha": "https://www.arbolesurbanos.com.ar/ilex-aquifolium-acebo", "thumbnail": "/thumbnails/acebo.jpg" }, "geometry": { "type": "Point", "coordinates": [ -71.357584320939438, -40.153723232691313 ] } },
{ "type": "Feature", "properties": { "nombrevulgar": "Acebo", "nombrecientifico": "Ilex aquifolium", "magnitud": 3, "tipo": "Latifoliada", "follaje": "Perenne", "lon": -71.357680241144266, "lat": -40.153838990676498, "imagen": "ILEX AQUIFOLIUM.gif\n", "url_ficha": "https://www.arbolesurbanos.com.ar/ilex-aquifolium-acebo", "thumbnail": "/thumbnails/acebo.jpg" }, "geometry": { "type": "Point", "coordinates": [ -71.357680241144266, -40.153838990676498 ] } },
{ "type": "Feature", "properties": { "nombrevulgar": "Acebo", "nombrecientifico": "Ilex aquifolium", "magnitud": 3, "tipo": "Latifoliada", "follaje": "Perenne", "lon": -71.357517008515032, "lat": -40.153766963508929, "imagen": "ILEX AQUIFOLIUM.gif\n", "url_ficha": "https://www.arbolesurbanos.com.ar/ilex-aquifolium-acebo", "thumbnail": "/thumbnails/acebo.jpg" }, "geometry": { "type": "Point", "coordinates": [ -71.357517008515032, -40.153766963508929 ] } },
{ "type": "Feature", "properties": { "nombrevulgar": "Ciruelo", "nombrecientifico": "Prunus domestica", "magnitud": 3, "tipo": "Latifoliada", "follaje": "Caduco", "lon": -71.358792044318122, "lat": -40.154631342404798, "imagen": "Prunus domestica.png", "url_ficha": "https://www.arbolesurbanos.com.ar/prunus-domestica-ciruelo-comun/", "thumbnail": "/thumbnails/prunus-domestica.jpg" }, "geometry": { "type": "Point", "coordinates": [ -71.358792044318122, -40.154631342404798 ] } },
{ "type": "Feature", "properties": { "nombrevulgar": "Ciruelo", "nombrecientifico": "Prunus domestica", "magnitud": 3, "tipo": "Latifoliada", "follaje": "Caduco", "lon": -71.358761222969477, "lat": -40.154615572377921, "imagen": "Prunus domestica.png", "url_ficha": "https://www.arbolesurbanos.com.ar/prunus-domestica-ciruelo-comun/", "thumbnail": "/thumbnails/prunus-domestica.jpg" }, "geometry": { "type": "Point", "coordinates": [ -71.358761222969477, -40.154615572377921 ] } },
{ "type": "Feature", "properties": { "nombrevulgar": "Ciruelo", "nombrecientifico": "Prunus domestica", "magnitud": 3, "tipo": "Latifoliada", "follaje": "Caduco", "lon": -71.359870324872205, "lat": -40.154422691745168, "imagen": "Prunus domestica.png", "url_ficha": "https://www.arbolesurbanos.com.ar/prunus-domestica-ciruelo-comun/", "thumbnail": "/thumbnails/prunus-domestica.jpg" }, "geometry": { "type": "Point", "coordinates": [ -71.359870324872205, -40.154422691745168 ] } },
{ "type": "Feature", "properties": { "nombrevulgar": "Ciruelo", "nombrecientifico": "Prunus domestica", "magnitud": 3, "tipo": "Latifoliada", "follaje": "Caduco", "lon": -71.359884450727009, "lat": -40.154412402479913, "imagen": "Prunus domestica.png", "url_ficha": "https://www.arbolesurbanos.com.ar/prunus-domestica-ciruelo-comun/", "thumbnail": "/thumbnails/prunus-domestica.jpg" }, "geometry": { "type": "Point", "coordinates": [ -71.359884450727009, -40.154412402479913 ] } },
{ "type": "Feature", "properties": { "nombrevulgar": "Ciruelo", "nombrecientifico": "Prunus domestica", "magnitud": 3, "tipo": "Latifoliada", "follaje": "Caduco", "lon": -71.359888446188194, "lat": -40.154402319787899, "imagen": "Prunus domestica.png", "url_ficha": "https://www.arbolesurbanos.com.ar/prunus-domestica-ciruelo-comun/", "thumbnail": "/thumbnails/prunus-domestica.jpg" }, "geometry": { "type": "Point", "coordinates": [ -71.359888446188194, -40.154402319787899 ] } },
{ "type": "Feature", "properties": { "nombrevulgar": "Ciruelo", "nombrecientifico": "Prunus domestica", "magnitud": 3, "tipo": "Latifoliada", "follaje": "Caduco", "lon": -71.358626614515856, "lat": -40.155487774559134, "imagen": "Prunus domestica.png", "url_ficha": "https://www.arbolesurbanos.com.ar/prunus-domestica-ciruelo-comun/", "thumbnail": "/thumbnails/prunus-domestica.jpg" }, "geometry": { "type": "Point", "coordinates": [ -71.358626614515856, -40.155487774559134 ] } },
{ "type": "Feature", "properties": { "nombrevulgar": "Ciruelo", "nombrecientifico": "Prunus domestica", "magnitud": 3, "tipo": "Latifoliada", "follaje": "Caduco", "lon": -71.358795747822541, "lat": -40.155301743287716, "imagen": "Prunus domestica.png", "url_ficha": "https://www.arbolesurbanos.com.ar/prunus-domestica-ciruelo-comun/", "thumbnail": "/thumbnails/prunus-domestica.jpg" }, "geometry": { "type": "Point", "coordinates": [ -71.358795747822541, -40.155301743287716 ] } },
{ "type": "Feature", "properties": { "nombrevulgar": "Ciruelo", "nombrecientifico": "Prunus domestica", "magnitud": 3, "tipo": "Latifoliada", "follaje": "Caduco", "lon": -71.359077751453057, "lat": -40.153896706356065, "imagen": "Prunus domestica.png", "url_ficha": "https://www.arbolesurbanos.com.ar/prunus-domestica-ciruelo-comun/", "thumbnail": "/thumbnails/prunus-domestica.jpg" }, "geometry": { "type": "Point", "coordinates": [ -71.359077751453057, -40.153896706356065 ] } },
{ "type": "Feature", "properties": { "nombrevulgar": "Ciruelo", "nombrecientifico": "Prunus domestica", "magnitud": 3, "tipo": "Latifoliada", "follaje": "Caduco", "lon": -71.359111484435743, "lat": -40.153893284506729, "imagen": "Prunus domestica.png", "url_ficha": "https://www.arbolesurbanos.com.ar/prunus-domestica-ciruelo-comun/", "thumbnail": "/thumbnails/prunus-domestica.jpg" }, "geometry": { "type": "Point", "coordinates": [ -71.359111484435743, -40.153893284506729 ] } },
{ "type": "Feature", "properties": { "nombrevulgar": "Ciruelo", "nombrecientifico": "Prunus domestica", "magnitud": 3, "tipo": "Latifoliada", "follaje": "Caduco", "lon": -71.355413837026546, "lat": -40.152621789697946, "imagen": "Prunus domestica.png", "url_ficha": "https://www.arbolesurbanos.com.ar/prunus-domestica-ciruelo-comun/", "thumbnail": "/thumbnails/prunus-domestica.jpg" }, "geometry": { "type": "Point", "coordinates": [ -71.355413837026546, -40.152621789697946 ] } },
{ "type": "Feature", "properties": { "nombrevulgar": "Ciruelo", "nombrecientifico": "Prunus domestica", "magnitud": 3, "tipo": "Latifoliada", "follaje": "Caduco", "lon": -71.355487600404032, "lat": -40.152612284509694, "imagen": "Prunus domestica.png", "url_ficha": "https://www.arbolesurbanos.com.ar/prunus-domestica-ciruelo-comun/", "thumbnail": "/thumbnails/prunus-domestica.jpg" }, "geometry": { "type": "Point", "coordinates": [ -71.355487600404032, -40.152612284509694 ] } },
{ "type": "Feature", "properties": { "nombrevulgar": "Ciruelo", "nombrecientifico": "Prunus domestica", "magnitud": 3, "tipo": "Latifoliada", "follaje": "Caduco", "lon": -71.357476621060428, "lat": -40.154038351188611, "imagen": "Prunus domestica.png", "url_ficha": "https://www.arbolesurbanos.com.ar/prunus-domestica-ciruelo-comun/", "thumbnail": "/thumbnails/prunus-domestica.jpg" }, "geometry": { "type": "Point", "coordinates": [ -71.357476621060428, -40.154038351188611 ] } },
{ "type": "Feature", "properties": { "nombrevulgar": "Ciruelo", "nombrecientifico": "Prunus domestica", "magnitud": 3, "tipo": "Latifoliada", "follaje": "Caduco", "lon": -71.357373969613207, "lat": -40.154031920213448, "imagen": "Prunus domestica.png", "url_ficha": "https://www.arbolesurbanos.com.ar/prunus-domestica-ciruelo-comun/", "thumbnail": "/thumbnails/prunus-domestica.jpg" }, "geometry": { "type": "Point", "coordinates": [ -71.357373969613207, -40.154031920213448 ] } },
{ "type": "Feature", "properties": { "nombrevulgar": "Ciruelo", "nombrecientifico": "Prunus domestica", "magnitud": 3, "tipo": "Latifoliada", "follaje": "Caduco", "lon": -71.357429502363317, "lat": -40.154142532900771, "imagen": "Prunus domestica.png", "url_ficha": "https://www.arbolesurbanos.com.ar/prunus-domestica-ciruelo-comun/", "thumbnail": "/thumbnails/prunus-domestica.jpg" }, "geometry": { "type": "Point", "coordinates": [ -71.357429502363317, -40.154142532900771 ] } },
{ "type": "Feature", "properties": { "nombrevulgar": "Ciruelo", "nombrecientifico": "Prunus domestica", "magnitud": 3, "tipo": "Latifoliada", "follaje": "Caduco", "lon": -71.357358824317657, "lat": -40.154107805681107, "imagen": "Prunus domestica.png", "url_ficha": "https://www.arbolesurbanos.com.ar/prunus-domestica-ciruelo-comun/", "thumbnail": "/thumbnails/prunus-domestica.jpg" }, "geometry": { "type": "Point", "coordinates": [ -71.357358824317657, -40.154107805681107 ] } },
{ "type": "Feature", "properties": { "nombrevulgar": "Ciruelo", "nombrecientifico": "Prunus domestica", "magnitud": 3, "tipo": "Latifoliada", "follaje": "Caduco", "lon": -71.357316754052391, "lat": -40.154097516131195, "imagen": "Prunus domestica.png", "url_ficha": "https://www.arbolesurbanos.com.ar/prunus-domestica-ciruelo-comun/", "thumbnail": "/thumbnails/prunus-domestica.jpg" }, "geometry": { "type": "Point", "coordinates": [ -71.357316754052391, -40.154097516131195 ] } },
{ "type": "Feature", "properties": { "nombrevulgar": "Sáuco", "nombrecientifico": "Sambucus nigra", "magnitud": 3, "tipo": "Latifoliada", "follaje": "Caduco", "lon": -71.359110261238115, "lat": -40.154872195940271, "imagen": "SAMBUCUS NIGRA.gif\n", "url_ficha": "https://www.arbolesurbanos.com.ar/sambucus-nigra-sauco/", "thumbnail": "/thumbnails/sambucus-nigra.jpg" }, "geometry": { "type": "Point", "coordinates": [ -71.359110261238115, -40.154872195940271 ] } },
{ "type": "Feature", "properties": { "nombrevulgar": "Sáuco", "nombrecientifico": "Sambucus nigra", "magnitud": 3, "tipo": "Latifoliada", "follaje": "Caduco", "lon": -71.359275648633513, "lat": -40.155071069191003, "imagen": "SAMBUCUS NIGRA.gif\n", "url_ficha": "https://www.arbolesurbanos.com.ar/sambucus-nigra-sauco/", "thumbnail": "/thumbnails/sambucus-nigra.jpg" }, "geometry": { "type": "Point", "coordinates": [ -71.359275648633513, -40.155071069191003 ] } },
{ "type": "Feature", "properties": { "nombrevulgar": "Sáuco", "nombrecientifico": "Sambucus nigra", "magnitud": 3, "tipo": "Latifoliada", "follaje": "Caduco", "lon": -71.361162059178497, "lat": -40.154169450095658, "imagen": "SAMBUCUS NIGRA.gif\n", "url_ficha": "https://www.arbolesurbanos.com.ar/sambucus-nigra-sauco/", "thumbnail": "/thumbnails/sambucus-nigra.jpg" }, "geometry": { "type": "Point", "coordinates": [ -71.361162059178497, -40.154169450095658 ] } },
{ "type": "Feature", "properties": { "nombrevulgar": "Sáuco", "nombrecientifico": "Sambucus nigra", "magnitud": 3, "tipo": "Latifoliada", "follaje": "Caduco", "lon": -71.357992811021191, "lat": -40.15567403070758, "imagen": "SAMBUCUS NIGRA.gif\n", "url_ficha": "https://www.arbolesurbanos.com.ar/sambucus-nigra-sauco/", "thumbnail": "/thumbnails/sambucus-nigra.jpg" }, "geometry": { "type": "Point", "coordinates": [ -71.357992811021191, -40.15567403070758 ] } },
{ "type": "Feature", "properties": { "nombrevulgar": "Sáuco", "nombrecientifico": "Sambucus nigra", "magnitud": 3, "tipo": "Latifoliada", "follaje": "Caduco", "lon": -71.358076624601395, "lat": -40.155870936670141, "imagen": "SAMBUCUS NIGRA.gif\n", "url_ficha": "https://www.arbolesurbanos.com.ar/sambucus-nigra-sauco/", "thumbnail": "/thumbnails/sambucus-nigra.jpg" }, "geometry": { "type": "Point", "coordinates": [ -71.358076624601395, -40.155870936670141 ] } },
{ "type": "Feature", "properties": { "nombrevulgar": "Sáuco", "nombrecientifico": "Sambucus nigra", "magnitud": 3, "tipo": "Latifoliada", "follaje": "Caduco", "lon": -71.358271563144498, "lat": -40.155779102195652, "imagen": "SAMBUCUS NIGRA.gif\n", "url_ficha": "https://www.arbolesurbanos.com.ar/sambucus-nigra-sauco/", "thumbnail": "/thumbnails/sambucus-nigra.jpg" }, "geometry": { "type": "Point", "coordinates": [ -71.358271563144498, -40.155779102195652 ] } },
{ "type": "Feature", "properties": { "nombrevulgar": "Sáuco", "nombrecientifico": "Sambucus nigra", "magnitud": 3, "tipo": "Latifoliada", "follaje": "Caduco", "lon": -71.358864291193441, "lat": -40.155175763851616, "imagen": "SAMBUCUS NIGRA.gif\n", "url_ficha": "https://www.arbolesurbanos.com.ar/sambucus-nigra-sauco/", "thumbnail": "/thumbnails/sambucus-nigra.jpg" }, "geometry": { "type": "Point", "coordinates": [ -71.358864291193441, -40.155175763851616 ] } },
{ "type": "Feature", "properties": { "nombrevulgar": "Sáuco", "nombrecientifico": "Sambucus nigra", "magnitud": 3, "tipo": "Latifoliada", "follaje": "Caduco", "lon": -71.358259188986935, "lat": -40.156119540116379, "imagen": "SAMBUCUS NIGRA.gif\n", "url_ficha": "https://www.arbolesurbanos.com.ar/sambucus-nigra-sauco/", "thumbnail": "/thumbnails/sambucus-nigra.jpg" }, "geometry": { "type": "Point", "coordinates": [ -71.358259188986935, -40.156119540116379 ] } },
{ "type": "Feature", "properties": { "nombrevulgar": "Sáuco", "nombrecientifico": "Sambucus nigra", "magnitud": 3, "tipo": "Latifoliada", "follaje": "Caduco", "lon": -71.359586725210065, "lat": -40.154128201525438, "imagen": "SAMBUCUS NIGRA.gif\n", "url_ficha": "https://www.arbolesurbanos.com.ar/sambucus-nigra-sauco/", "thumbnail": "/thumbnails/sambucus-nigra.jpg" }, "geometry": { "type": "Point", "coordinates": [ -71.359586725210065, -40.154128201525438 ] } },
{ "type": "Feature", "properties": { "nombrevulgar": "Sáuco", "nombrecientifico": "Sambucus nigra", "magnitud": 3, "tipo": "Latifoliada", "follaje": "Caduco", "lon": -71.35780116373644, "lat": -40.15346037154314, "imagen": "SAMBUCUS NIGRA.gif\n", "url_ficha": "https://www.arbolesurbanos.com.ar/sambucus-nigra-sauco/", "thumbnail": "/thumbnails/sambucus-nigra.jpg" }, "geometry": { "type": "Point", "coordinates": [ -71.35780116373644, -40.15346037154314 ] } },
{ "type": "Feature", "properties": { "nombrevulgar": "Sáuco", "nombrecientifico": "Sambucus nigra", "magnitud": 3, "tipo": "Latifoliada", "follaje": "Caduco", "lon": -71.356136778992749, "lat": -40.152553150649375, "imagen": "SAMBUCUS NIGRA.gif\n", "url_ficha": "https://www.arbolesurbanos.com.ar/sambucus-nigra-sauco/", "thumbnail": "/thumbnails/sambucus-nigra.jpg" }, "geometry": { "type": "Point", "coordinates": [ -71.356136778992749, -40.152553150649375 ] } },
{ "type": "Feature", "properties": { "nombrevulgar": "Sáuco", "nombrecientifico": "Sambucus nigra", "magnitud": 3, "tipo": "Latifoliada", "follaje": "Caduco", "lon": -71.356192154030921, "lat": -40.152557800728012, "imagen": "SAMBUCUS NIGRA.gif\n", "url_ficha": "https://www.arbolesurbanos.com.ar/sambucus-nigra-sauco/", "thumbnail": "/thumbnails/sambucus-nigra.jpg" }, "geometry": { "type": "Point", "coordinates": [ -71.356192154030921, -40.152557800728012 ] } },
{ "type": "Feature", "properties": { "nombrevulgar": "Nogal", "nombrecientifico": "Junglans regia", "magnitud": 2, "tipo": "Latifoliada", "follaje": "Caduco", "lon": -71.359082972233409, "lat": -40.155061331808739, "imagen": "Junglans regia.gif", "url_ficha": "https://www.arbolesurbanos.com.ar/junglans-regia-nogal/", "thumbnail": "/thumbnails/nogal.jpg" }, "geometry": { "type": "Point", "coordinates": [ -71.359082972233409, -40.155061331808739 ] } },
{ "type": "Feature", "properties": { "nombrevulgar": "Nogal", "nombrecientifico": "Junglans regia", "magnitud": 2, "tipo": "Latifoliada", "follaje": "Caduco", "lon": -71.360791704413913, "lat": -40.154413589770769, "imagen": "Junglans regia.gif", "url_ficha": "https://www.arbolesurbanos.com.ar/junglans-regia-nogal/", "thumbnail": "/thumbnails/nogal.jpg" }, "geometry": { "type": "Point", "coordinates": [ -71.360791704413913, -40.154413589770769 ] } },
{ "type": "Feature", "properties": { "nombrevulgar": "Nogal", "nombrecientifico": "Junglans regia", "magnitud": 2, "tipo": "Latifoliada", "follaje": "Caduco", "lon": -71.36073909519915, "lat": -40.154389827757193, "imagen": "Junglans regia.gif", "url_ficha": "https://www.arbolesurbanos.com.ar/junglans-regia-nogal/", "thumbnail": "/thumbnails/nogal.jpg" }, "geometry": { "type": "Point", "coordinates": [ -71.36073909519915, -40.154389827757193 ] } },
{ "type": "Feature", "properties": { "nombrevulgar": "Nogal", "nombrecientifico": "Junglans regia", "magnitud": 2, "tipo": "Latifoliada", "follaje": "Caduco", "lon": -71.360860867581891, "lat": -40.154047144953822, "imagen": "Junglans regia.gif", "url_ficha": "https://www.arbolesurbanos.com.ar/junglans-regia-nogal/", "thumbnail": "/thumbnails/nogal.jpg" }, "geometry": { "type": "Point", "coordinates": [ -71.360860867581891, -40.154047144953822 ] } },
{ "type": "Feature", "properties": { "nombrevulgar": "Nogal", "nombrecientifico": "Junglans regia", "magnitud": 2, "tipo": "Latifoliada", "follaje": "Caduco", "lon": -71.358171508307663, "lat": -40.156039149182128, "imagen": "Junglans regia.gif", "url_ficha": "https://www.arbolesurbanos.com.ar/junglans-regia-nogal/", "thumbnail": "/thumbnails/nogal.jpg" }, "geometry": { "type": "Point", "coordinates": [ -71.358171508307663, -40.156039149182128 ] } },
{ "type": "Feature", "properties": { "nombrevulgar": "Nogal", "nombrecientifico": "Junglans regia", "magnitud": 2, "tipo": "Latifoliada", "follaje": "Caduco", "lon": -71.358419702707664, "lat": -40.155533342578387, "imagen": "Junglans regia.gif", "url_ficha": "https://www.arbolesurbanos.com.ar/junglans-regia-nogal/", "thumbnail": "/thumbnails/nogal.jpg" }, "geometry": { "type": "Point", "coordinates": [ -71.358419702707664, -40.155533342578387 ] } },
{ "type": "Feature", "properties": { "nombrevulgar": "Nogal", "nombrecientifico": "Junglans regia", "magnitud": 2, "tipo": "Latifoliada", "follaje": "Caduco", "lon": -71.358413375369352, "lat": -40.155468984445491, "imagen": "Junglans regia.gif", "url_ficha": "https://www.arbolesurbanos.com.ar/junglans-regia-nogal/", "thumbnail": "/thumbnails/nogal.jpg" }, "geometry": { "type": "Point", "coordinates": [ -71.358413375369352, -40.155468984445491 ] } },
{ "type": "Feature", "properties": { "nombrevulgar": "Nogal", "nombrecientifico": "Junglans regia", "magnitud": 2, "tipo": "Latifoliada", "follaje": "Caduco", "lon": -71.359131008120983, "lat": -40.153994052473543, "imagen": "Junglans regia.gif", "url_ficha": "https://www.arbolesurbanos.com.ar/junglans-regia-nogal/", "thumbnail": "/thumbnails/nogal.jpg" }, "geometry": { "type": "Point", "coordinates": [ -71.359131008120983, -40.153994052473543 ] } },
{ "type": "Feature", "properties": { "nombrevulgar": "Nogal", "nombrecientifico": "Junglans regia", "magnitud": 2, "tipo": "Latifoliada", "follaje": "Caduco", "lon": -71.355264149041957, "lat": -40.152865563906573, "imagen": "Junglans regia.gif", "url_ficha": "https://www.arbolesurbanos.com.ar/junglans-regia-nogal/", "thumbnail": "/thumbnails/nogal.jpg" }, "geometry": { "type": "Point", "coordinates": [ -71.355264149041957, -40.152865563906573 ] } },
{ "type": "Feature", "properties": { "nombrevulgar": "Nogal", "nombrecientifico": "Junglans regia", "magnitud": 2, "tipo": "Latifoliada", "follaje": "Caduco", "lon": -71.355361411776698, "lat": -40.152796895020309, "imagen": "Junglans regia.gif", "url_ficha": "https://www.arbolesurbanos.com.ar/junglans-regia-nogal/", "thumbnail": "/thumbnails/nogal.jpg" }, "geometry": { "type": "Point", "coordinates": [ -71.355361411776698, -40.152796895020309 ] } },
{ "type": "Feature", "properties": { "nombrevulgar": "Alerce Europeo", "nombrecientifico": "Larix decidua", "magnitud": 1, "tipo": "Conífera", "follaje": "Caduco", "lon": -71.359580696262256, "lat": -40.154571536733215, "imagen": "LARIX DECIDUA c.gif", "url_ficha": "https://www.arbolesurbanos.com.ar/larix-decidua-alerce-europeo", "thumbnail": "/thumbnails/alerce-europeo.jpg" }, "geometry": { "type": "Point", "coordinates": [ -71.359580696262256, -40.154571536733215 ] } },
{ "type": "Feature", "properties": { "nombrevulgar": "Alerce Europeo", "nombrecientifico": "Larix decidua", "magnitud": 1, "tipo": "Conífera", "follaje": "Caduco", "lon": -71.359867531651872, "lat": -40.157933965840563, "imagen": "LARIX DECIDUA c.gif", "url_ficha": "https://www.arbolesurbanos.com.ar/larix-decidua-alerce-europeo", "thumbnail": "/thumbnails/alerce-europeo.jpg" }, "geometry": { "type": "Point", "coordinates": [ -71.359867531651872, -40.157933965840563 ] } },
{ "type": "Feature", "properties": { "nombrevulgar": "Laurel cerezo", "nombrecientifico": "Prunus laurocerasus", "magnitud": 3, "tipo": "Latifoliada", "follaje": "Perenne", "lon": -71.361034721158347, "lat": -40.154164242389278, "imagen": "Prunus laurocerasus.png", "url_ficha": "https://www.arbolesurbanos.com.ar/prunus-lauroceresus-laurel-cerezo/", "thumbnail": "/iconos/3/Prunus laurocerasus.png" }, "geometry": { "type": "Point", "coordinates": [ -71.361034721158347, -40.154164242389278 ] } },
{ "type": "Feature", "properties": { "nombrevulgar": "Laurel cerezo", "nombrecientifico": "Prunus laurocerasus", "magnitud": 3, "tipo": "Latifoliada", "follaje": "Perenne", "lon": -71.352109145266709, "lat": -40.149471992995323, "imagen": "Prunus laurocerasus.png", "url_ficha": "https://www.arbolesurbanos.com.ar/prunus-lauroceresus-laurel-cerezo/", "thumbnail": "/iconos/3/Prunus laurocerasus.png" }, "geometry": { "type": "Point", "coordinates": [ -71.352109145266709, -40.149471992995323 ] } },
{ "type": "Feature", "properties": { "nombrevulgar": "Laurel cerezo", "nombrecientifico": "Prunus laurocerasus", "magnitud": 3, "tipo": "Latifoliada", "follaje": "Perenne", "lon": -71.355559875763831, "lat": -40.151075141003929, "imagen": "Prunus laurocerasus.png", "url_ficha": "https://www.arbolesurbanos.com.ar/prunus-lauroceresus-laurel-cerezo/", "thumbnail": "/iconos/3/Prunus laurocerasus.png" }, "geometry": { "type": "Point", "coordinates": [ -71.355559875763831, -40.151075141003929 ] } },
{ "type": "Feature", "properties": { "nombrevulgar": "Laurel cerezo", "nombrecientifico": "Prunus laurocerasus", "magnitud": 3, "tipo": "Latifoliada", "follaje": "Perenne", "lon": -71.355568092389319, "lat": -40.151053944811956, "imagen": "Prunus laurocerasus.png", "url_ficha": "https://www.arbolesurbanos.com.ar/prunus-lauroceresus-laurel-cerezo/", "thumbnail": "/iconos/3/Prunus laurocerasus.png" }, "geometry": { "type": "Point", "coordinates": [ -71.355568092389319, -40.151053944811956 ] } },
{ "type": "Feature", "properties": { "nombrevulgar": "Laurel cerezo", "nombrecientifico": "Prunus laurocerasus", "magnitud": 3, "tipo": "Latifoliada", "follaje": "Perenne", "lon": -71.355579390249289, "lat": -40.151038243924674, "imagen": "Prunus laurocerasus.png", "url_ficha": "https://www.arbolesurbanos.com.ar/prunus-lauroceresus-laurel-cerezo/", "thumbnail": "/iconos/3/Prunus laurocerasus.png" }, "geometry": { "type": "Point", "coordinates": [ -71.355579390249289, -40.151038243924674 ] } },
{ "type": "Feature", "properties": { "nombrevulgar": "Laurel cerezo", "nombrecientifico": "Prunus laurocerasus", "magnitud": 3, "tipo": "Latifoliada", "follaje": "Perenne", "lon": -71.35626561401817, "lat": -40.153779833929761, "imagen": "Prunus laurocerasus.png", "url_ficha": "https://www.arbolesurbanos.com.ar/prunus-lauroceresus-laurel-cerezo/", "thumbnail": "/iconos/3/Prunus laurocerasus.png" }, "geometry": { "type": "Point", "coordinates": [ -71.35626561401817, -40.153779833929761 ] } },
{ "type": "Feature", "properties": { "nombrevulgar": "Manzano purpureo", "nombrecientifico": "Malus floribunda", "magnitud": 3, "tipo": "Latifoliada", "follaje": "Caduco", "lon": -71.361028446325207, "lat": -40.154520518521629, "imagen": "MALUS FLORIBUNDA.gif\n", "url_ficha": "https://www.arbolesurbanos.com.ar/malus-floribunda-manzano-de-flor/", "thumbnail": "/thumbnails/malus-floribunda.jpg" }, "geometry": { "type": "Point", "coordinates": [ -71.361028446325207, -40.154520518521629 ] } },
{ "type": "Feature", "properties": { "nombrevulgar": "Manzano purpureo", "nombrecientifico": "Malus floribunda", "magnitud": 3, "tipo": "Latifoliada", "follaje": "Caduco", "lon": -71.358607432343589, "lat": -40.155755119410436, "imagen": "MALUS FLORIBUNDA.gif\n", "url_ficha": "https://www.arbolesurbanos.com.ar/malus-floribunda-manzano-de-flor/", "thumbnail": "/thumbnails/malus-floribunda.jpg" }, "geometry": { "type": "Point", "coordinates": [ -71.358607432343589, -40.155755119410436 ] } },
{ "type": "Feature", "properties": { "nombrevulgar": "Manzano purpureo", "nombrecientifico": "Malus floribunda", "magnitud": 3, "tipo": "Latifoliada", "follaje": "Caduco", "lon": -71.356333615584745, "lat": -40.154308868734098, "imagen": "MALUS FLORIBUNDA.gif\n", "url_ficha": "https://www.arbolesurbanos.com.ar/malus-floribunda-manzano-de-flor/", "thumbnail": "/thumbnails/malus-floribunda.jpg" }, "geometry": { "type": "Point", "coordinates": [ -71.356333615584745, -40.154308868734098 ] } },
{ "type": "Feature", "properties": { "nombrevulgar": "Manzano purpureo", "nombrecientifico": "Malus floribunda", "magnitud": 3, "tipo": "Latifoliada", "follaje": "Caduco", "lon": -71.350621551082099, "lat": -40.150773700577744, "imagen": "MALUS FLORIBUNDA.gif\n", "url_ficha": "https://www.arbolesurbanos.com.ar/malus-floribunda-manzano-de-flor/", "thumbnail": "/thumbnails/malus-floribunda.jpg" }, "geometry": { "type": "Point", "coordinates": [ -71.350621551082099, -40.150773700577744 ] } },
{ "type": "Feature", "properties": { "nombrevulgar": "Manzano purpureo", "nombrecientifico": "Malus floribunda", "magnitud": 3, "tipo": "Latifoliada", "follaje": "Caduco", "lon": -71.355173613603441, "lat": -40.151797000545905, "imagen": "MALUS FLORIBUNDA.gif\n", "url_ficha": "https://www.arbolesurbanos.com.ar/malus-floribunda-manzano-de-flor/", "thumbnail": "/thumbnails/malus-floribunda.jpg" }, "geometry": { "type": "Point", "coordinates": [ -71.355173613603441, -40.151797000545905 ] } },
{ "type": "Feature", "properties": { "nombrevulgar": "Manzano purpureo", "nombrecientifico": "Malus floribunda", "magnitud": 3, "tipo": "Latifoliada", "follaje": "Caduco", "lon": -71.35622644950115, "lat": -40.150202166434831, "imagen": "MALUS FLORIBUNDA.gif\n", "url_ficha": "https://www.arbolesurbanos.com.ar/malus-floribunda-manzano-de-flor/", "thumbnail": "/thumbnails/malus-floribunda.jpg" }, "geometry": { "type": "Point", "coordinates": [ -71.35622644950115, -40.150202166434831 ] } },
{ "type": "Feature", "properties": { "nombrevulgar": "Enebro", "nombrecientifico": "Juniperus communis", "magnitud": 3, "tipo": "Conífera", "follaje": "Perenne", "lon": -71.360770539117738, "lat": -40.154096582973267, "imagen": "Juniperus comunis.gif", "url_ficha": "https://www.arbolesurbanos.com.ar/juniperus-communis-enebro-comun/", "thumbnail": "/thumbnails/enebro.jpg" }, "geometry": { "type": "Point", "coordinates": [ -71.360770539117738, -40.154096582973267 ] } },
{ "type": "Feature", "properties": { "nombrevulgar": "Enebro", "nombrecientifico": "Juniperus communis", "magnitud": 3, "tipo": "Conífera", "follaje": "Perenne", "lon": -71.357543933484763, "lat": -40.154767619817427, "imagen": "Juniperus comunis.gif", "url_ficha": "https://www.arbolesurbanos.com.ar/juniperus-communis-enebro-comun/", "thumbnail": "/thumbnails/enebro.jpg" }, "geometry": { "type": "Point", "coordinates": [ -71.357543933484763, -40.154767619817427 ] } },
{ "type": "Feature", "properties": { "nombrevulgar": "Cedro de incienso", "nombrecientifico": "Calocedrus decurrens", "magnitud": 2, "tipo": "Conífera", "follaje": "Perenne", "lon": -71.360194973697375, "lat": -40.155256414873634, "imagen": "CALOCEDRUS DECURRENS.gif", "url_ficha": "https://www.arbolesurbanos.com.ar/calocedrus-decurrens-cedro-de-incienso", "thumbnail": "/thumbnails/calocedrus-decurrens.jpg" }, "geometry": { "type": "Point", "coordinates": [ -71.360194973697375, -40.155256414873634 ] } },
{ "type": "Feature", "properties": { "nombrevulgar": "Cedro de incienso", "nombrecientifico": "Calocedrus decurrens", "magnitud": 2, "tipo": "Conífera", "follaje": "Perenne", "lon": -71.35596659872219, "lat": -40.150841197480759, "imagen": "CALOCEDRUS DECURRENS.gif", "url_ficha": "https://www.arbolesurbanos.com.ar/calocedrus-decurrens-cedro-de-incienso", "thumbnail": "/thumbnails/calocedrus-decurrens.jpg" }, "geometry": { "type": "Point", "coordinates": [ -71.35596659872219, -40.150841197480759 ] } },
{ "type": "Feature", "properties": { "nombrevulgar": "Tuya occidental", "nombrecientifico": "Thuja occidentalis", "magnitud": 2, "tipo": "Conífera", "follaje": "Perenne", "lon": -71.360319825978721, "lat": -40.156540957502258, "imagen": "THUJA OCCIDENTALIS.gif", "url_ficha": "https://www.arbolesurbanos.com.ar/thuja-occidentalis-tuya-occidental/", "thumbnail": "/thumbnails/thuja-occidentalis.jpg" }, "geometry": { "type": "Point", "coordinates": [ -71.360319825978721, -40.156540957502258 ] } },
{ "type": "Feature", "properties": { "nombrevulgar": "Arce japones", "nombrecientifico": "Acer palmatum", "magnitud": 3, "tipo": "Latifoliada", "follaje": "Caduco", "lon": -71.359877983669392, "lat": -40.155332533684089, "imagen": "ACER JAPONICA.gif", "url_ficha": "https://www.arbolesurbanos.com.ar/acer-palmatum-arce-japones/", "thumbnail": "/thumbnails/arce-japones.JPG" }, "geometry": { "type": "Point", "coordinates": [ -71.359877983669392, -40.155332533684089 ] } },
{ "type": "Feature", "properties": { "nombrevulgar": "Arce japones", "nombrecientifico": "Acer palmatum", "magnitud": 3, "tipo": "Latifoliada", "follaje": "Caduco", "lon": -71.358645349832429, "lat": -40.155360448358472, "imagen": "ACER JAPONICA.gif", "url_ficha": "https://www.arbolesurbanos.com.ar/acer-palmatum-arce-japones/", "thumbnail": "/thumbnails/arce-japones.JPG" }, "geometry": { "type": "Point", "coordinates": [ -71.358645349832429, -40.155360448358472 ] } },
{ "type": "Feature", "properties": { "nombrevulgar": "Arce japones", "nombrecientifico": "Acer palmatum", "magnitud": 3, "tipo": "Latifoliada", "follaje": "Caduco", "lon": -71.356017952631149, "lat": -40.150787814282033, "imagen": "ACER JAPONICA.gif", "url_ficha": "https://www.arbolesurbanos.com.ar/acer-palmatum-arce-japones/", "thumbnail": "/thumbnails/arce-japones.JPG" }, "geometry": { "type": "Point", "coordinates": [ -71.356017952631149, -40.150787814282033 ] } },
{ "type": "Feature", "properties": { "nombrevulgar": "Libustro", "nombrecientifico": "Arbutus unedo", "magnitud": 3, "tipo": "Latifoliada", "follaje": "Perenne", "lon": -71.358442591843968, "lat": -40.155390143993344, "imagen": null, "url_ficha": null, "thumbnail": null }, "geometry": { "type": "Point", "coordinates": [ -71.358442591843968, -40.155390143993344 ] } },
{ "type": "Feature", "properties": { "nombrevulgar": "Libustro", "nombrecientifico": "Arbutus unedo", "magnitud": 3, "tipo": "Latifoliada", "follaje": "Perenne", "lon": -71.358710201532986, "lat": -40.155222853140423, "imagen": null, "url_ficha": null, "thumbnail": null }, "geometry": { "type": "Point", "coordinates": [ -71.358710201532986, -40.155222853140423 ] } },
{ "type": "Feature", "properties": { "nombrevulgar": "Membrillero", "nombrecientifico": "Cydonia oblonga", "magnitud": 3, "tipo": "Latifoliada", "follaje": "Caduco", "lon": -71.358538471653631, "lat": -40.155411385106419, "imagen": "CYDONIA OBLONGA.gif", "url_ficha": "https://www.arbolesurbanos.com.ar/cydonia-oblonga-membrillero/", "thumbnail": "/iconos/1/CYDONIA OBLONGA.gif" }, "geometry": { "type": "Point", "coordinates": [ -71.358538471653631, -40.155411385106419 ] } },
{ "type": "Feature", "properties": { "nombrevulgar": "Castaño", "nombrecientifico": "Castanea sativa", "magnitud": 1, "tipo": "Latifoliada", "follaje": "Caduco", "lon": -71.358378609371442, "lat": -40.155648998465573, "imagen": "CASTANEA SATIVA.gif", "url_ficha": "https://www.arbolesurbanos.com.ar/castanea-sativa-castano/", "thumbnail": "/thumbnails/castanea-sativa.jpg" }, "geometry": { "type": "Point", "coordinates": [ -71.358378609371442, -40.155648998465573 ] } },
{ "type": "Feature", "properties": { "nombrevulgar": "Castaño", "nombrecientifico": "Castanea sativa", "magnitud": 1, "tipo": "Latifoliada", "follaje": "Caduco", "lon": -71.358271077808283, "lat": -40.156265891774552, "imagen": "CASTANEA SATIVA.gif", "url_ficha": "https://www.arbolesurbanos.com.ar/castanea-sativa-castano/", "thumbnail": "/thumbnails/castanea-sativa.jpg" }, "geometry": { "type": "Point", "coordinates": [ -71.358271077808283, -40.156265891774552 ] } },
{ "type": "Feature", "properties": { "nombrevulgar": "Castaño", "nombrecientifico": "Castanea sativa", "magnitud": 1, "tipo": "Latifoliada", "follaje": "Caduco", "lon": -71.358614063051377, "lat": -40.153202494716396, "imagen": "CASTANEA SATIVA.gif", "url_ficha": "https://www.arbolesurbanos.com.ar/castanea-sativa-castano/", "thumbnail": "/thumbnails/castanea-sativa.jpg" }, "geometry": { "type": "Point", "coordinates": [ -71.358614063051377, -40.153202494716396 ] } },
{ "type": "Feature", "properties": { "nombrevulgar": "Sauce cabruno", "nombrecientifico": "Salix caprea", "magnitud": 3, "tipo": "Latifoliada", "follaje": "Caduco", "lon": -71.358222826015137, "lat": -40.156317484836329, "imagen": "Salix caprea.gif", "url_ficha": null, "thumbnail": "/iconos/3/Salix caprea.gif" }, "geometry": { "type": "Point", "coordinates": [ -71.358222826015137, -40.156317484836329 ] } },
{ "type": "Feature", "properties": { "nombrevulgar": "Sauce cabruno", "nombrecientifico": "Salix caprea", "magnitud": 3, "tipo": "Latifoliada", "follaje": "Caduco", "lon": -71.358250418411941, "lat": -40.156520561688225, "imagen": "Salix caprea.gif", "url_ficha": null, "thumbnail": "/iconos/3/Salix caprea.gif" }, "geometry": { "type": "Point", "coordinates": [ -71.358250418411941, -40.156520561688225 ] } },
{ "type": "Feature", "properties": { "nombrevulgar": "Sauce cabruno", "nombrecientifico": "Salix caprea", "magnitud": 3, "tipo": "Latifoliada", "follaje": "Caduco", "lon": -71.355388830959527, "lat": -40.152406606557413, "imagen": "Salix caprea.gif", "url_ficha": null, "thumbnail": "/iconos/3/Salix caprea.gif" }, "geometry": { "type": "Point", "coordinates": [ -71.355388830959527, -40.152406606557413 ] } },
{ "type": "Feature", "properties": { "nombrevulgar": "Sauce cabruno", "nombrecientifico": "Salix caprea", "magnitud": 3, "tipo": "Latifoliada", "follaje": "Caduco", "lon": -71.355335631460022, "lat": -40.152392282705058, "imagen": "Salix caprea.gif", "url_ficha": null, "thumbnail": "/iconos/3/Salix caprea.gif" }, "geometry": { "type": "Point", "coordinates": [ -71.355335631460022, -40.152392282705058 ] } },
{ "type": "Feature", "properties": { "nombrevulgar": "Sauce cabruno", "nombrecientifico": "Salix caprea", "magnitud": 3, "tipo": "Latifoliada", "follaje": "Caduco", "lon": -71.355277216496177, "lat": -40.152372287503695, "imagen": "Salix caprea.gif", "url_ficha": null, "thumbnail": "/iconos/3/Salix caprea.gif" }, "geometry": { "type": "Point", "coordinates": [ -71.355277216496177, -40.152372287503695 ] } },
{ "type": "Feature", "properties": { "nombrevulgar": "Sauce cabruno", "nombrecientifico": "Salix caprea", "magnitud": 3, "tipo": "Latifoliada", "follaje": "Caduco", "lon": -71.355213320029321, "lat": -40.152338923070495, "imagen": "Salix caprea.gif", "url_ficha": null, "thumbnail": "/iconos/3/Salix caprea.gif" }, "geometry": { "type": "Point", "coordinates": [ -71.355213320029321, -40.152338923070495 ] } },
{ "type": "Feature", "properties": { "nombrevulgar": "Sauce cabruno", "nombrecientifico": "Salix caprea", "magnitud": 3, "tipo": "Latifoliada", "follaje": "Caduco", "lon": -71.355475265004529, "lat": -40.15184352735956, "imagen": "Salix caprea.gif", "url_ficha": null, "thumbnail": "/iconos/3/Salix caprea.gif" }, "geometry": { "type": "Point", "coordinates": [ -71.355475265004529, -40.15184352735956 ] } },
{ "type": "Feature", "properties": { "nombrevulgar": "Sauce cabruno", "nombrecientifico": "Salix caprea", "magnitud": 3, "tipo": "Latifoliada", "follaje": "Caduco", "lon": -71.355308032389772, "lat": -40.15232447260307, "imagen": "Salix caprea.gif", "url_ficha": null, "thumbnail": "/iconos/3/Salix caprea.gif" }, "geometry": { "type": "Point", "coordinates": [ -71.355308032389772, -40.15232447260307 ] } },
{ "type": "Feature", "properties": { "nombrevulgar": "Sauce cabruno", "nombrecientifico": "Salix caprea", "magnitud": 3, "tipo": "Latifoliada", "follaje": "Caduco", "lon": -71.355418969693943, "lat": -40.152356090333988, "imagen": "Salix caprea.gif", "url_ficha": null, "thumbnail": "/iconos/3/Salix caprea.gif" }, "geometry": { "type": "Point", "coordinates": [ -71.355418969693943, -40.152356090333988 ] } },
{ "type": "Feature", "properties": { "nombrevulgar": "Sauce cabruno", "nombrecientifico": "Salix caprea", "magnitud": 3, "tipo": "Latifoliada", "follaje": "Caduco", "lon": -71.355473498199373, "lat": -40.152394893892811, "imagen": "Salix caprea.gif", "url_ficha": null, "thumbnail": "/iconos/3/Salix caprea.gif" }, "geometry": { "type": "Point", "coordinates": [ -71.355473498199373, -40.152394893892811 ] } },
{ "type": "Feature", "properties": { "nombrevulgar": "Sauce cabruno", "nombrecientifico": "Salix caprea", "magnitud": 3, "tipo": "Latifoliada", "follaje": "Caduco", "lon": -71.355356920015268, "lat": -40.152367587687131, "imagen": "Salix caprea.gif", "url_ficha": null, "thumbnail": "/iconos/3/Salix caprea.gif" }, "geometry": { "type": "Point", "coordinates": [ -71.355356920015268, -40.152367587687131 ] } },
{ "type": "Feature", "properties": { "nombrevulgar": "Sauce cabruno", "nombrecientifico": "Salix caprea", "magnitud": 3, "tipo": "Latifoliada", "follaje": "Caduco", "lon": -71.355539308464614, "lat": -40.152390582387412, "imagen": "Salix caprea.gif", "url_ficha": null, "thumbnail": "/iconos/3/Salix caprea.gif" }, "geometry": { "type": "Point", "coordinates": [ -71.355539308464614, -40.152390582387412 ] } },
{ "type": "Feature", "properties": { "nombrevulgar": "Tejo Común", "nombrecientifico": "Taxus Baccata", "magnitud": 3, "tipo": "Conífera", "follaje": "Perenne", "lon": -71.358284861991564, "lat": -40.156771760981798, "imagen": "TAXUS BACCATA.gif", "url_ficha": "https://www.arbolesurbanos.com.ar/taxus-baccata-tejo-comun/", "thumbnail": "/thumbnails/taxus-bacatta.jpeg" }, "geometry": { "type": "Point", "coordinates": [ -71.358284861991564, -40.156771760981798 ] } },
{ "type": "Feature", "properties": { "nombrevulgar": "Ciprés de Leyland", "nombrecientifico": "Cupressocyparis leylandii", "magnitud": 2, "tipo": "Conífera", "follaje": "Perenne", "lon": -71.358422451822264, "lat": -40.156655354610137, "imagen": "CUPRECYPARIS LEYLANDII.gif", "url_ficha": "https://www.arbolesurbanos.com.ar/cupressocyparis-leylandii-cipres-de-leyland/", "thumbnail": "/iconos/1/CUPRECYPARIS LEYLANDII.gif" }, "geometry": { "type": "Point", "coordinates": [ -71.358422451822264, -40.156655354610137 ] } },
{ "type": "Feature", "properties": { "nombrevulgar": "Ciprés del Mediterráneo", "nombrecientifico": "Cupressus sempervirens", "magnitud": 2, "tipo": "Conífera", "follaje": "Perenne", "lon": -71.358410752588426, "lat": -40.156596322165349, "imagen": "Cupressus sempervirens.gif", "url_ficha": "https://www.arbolesurbanos.com.ar/cupressus-sempervirens-cipres-del-mediterraneo/", "thumbnail": "/thumbnails/cupressus-sempervirens.jpg" }, "geometry": { "type": "Point", "coordinates": [ -71.358410752588426, -40.156596322165349 ] } },
{ "type": "Feature", "properties": { "nombrevulgar": "Ciprés del Mediterráneo", "nombrecientifico": "Cupressus sempervirens", "magnitud": 2, "tipo": "Conífera", "follaje": "Perenne", "lon": -71.359507168908621, "lat": -40.157629610610556, "imagen": "Cupressus sempervirens.gif", "url_ficha": "https://www.arbolesurbanos.com.ar/cupressus-sempervirens-cipres-del-mediterraneo/", "thumbnail": "/thumbnails/cupressus-sempervirens.jpg" }, "geometry": { "type": "Point", "coordinates": [ -71.359507168908621, -40.157629610610556 ] } },
{ "type": "Feature", "properties": { "nombrevulgar": "Ciprés del Mediterráneo", "nombrecientifico": "Cupressus sempervirens", "magnitud": 2, "tipo": "Conífera", "follaje": "Perenne", "lon": -71.359436867558202, "lat": -40.157717628138229, "imagen": "Cupressus sempervirens.gif", "url_ficha": "https://www.arbolesurbanos.com.ar/cupressus-sempervirens-cipres-del-mediterraneo/", "thumbnail": "/thumbnails/cupressus-sempervirens.jpg" }, "geometry": { "type": "Point", "coordinates": [ -71.359436867558202, -40.157717628138229 ] } },
{ "type": "Feature", "properties": { "nombrevulgar": "Liquidambar", "nombrecientifico": "Liquidambar styraciflua", "magnitud": 1, "tipo": "Latifoliada", "follaje": "Caduco", "lon": -71.359746626736239, "lat": -40.155067532601301, "imagen": "Liquidambar styraciflua.gif", "url_ficha": "https://www.arbolesurbanos.com.ar/liquidambar-stracyflua-liquidambar/", "thumbnail": "/thumbnails/liquidambar.jpg" }, "geometry": { "type": "Point", "coordinates": [ -71.359746626736239, -40.155067532601301 ] } },
{ "type": "Feature", "properties": { "nombrevulgar": "Liquidambar", "nombrecientifico": "Liquidambar styraciflua", "magnitud": 1, "tipo": "Latifoliada", "follaje": "Caduco", "lon": -71.359814978086931, "lat": -40.154959860594602, "imagen": "Liquidambar styraciflua.gif", "url_ficha": "https://www.arbolesurbanos.com.ar/liquidambar-stracyflua-liquidambar/", "thumbnail": "/thumbnails/liquidambar.jpg" }, "geometry": { "type": "Point", "coordinates": [ -71.359814978086931, -40.154959860594602 ] } },
{ "type": "Feature", "properties": { "nombrevulgar": "Liquidambar", "nombrecientifico": "Liquidambar styraciflua", "magnitud": 1, "tipo": "Latifoliada", "follaje": "Caduco", "lon": -71.359789269556771, "lat": -40.154992918979978, "imagen": "Liquidambar styraciflua.gif", "url_ficha": "https://www.arbolesurbanos.com.ar/liquidambar-stracyflua-liquidambar/", "thumbnail": "/thumbnails/liquidambar.jpg" }, "geometry": { "type": "Point", "coordinates": [ -71.359789269556771, -40.154992918979978 ] } },
{ "type": "Feature", "properties": { "nombrevulgar": "Liquidambar", "nombrecientifico": "Liquidambar styraciflua", "magnitud": 1, "tipo": "Latifoliada", "follaje": "Caduco", "lon": -71.359766423219725, "lat": -40.155027003470167, "imagen": "Liquidambar styraciflua.gif", "url_ficha": "https://www.arbolesurbanos.com.ar/liquidambar-stracyflua-liquidambar/", "thumbnail": "/thumbnails/liquidambar.jpg" }, "geometry": { "type": "Point", "coordinates": [ -71.359766423219725, -40.155027003470167 ] } },
{ "type": "Feature", "properties": { "nombrevulgar": "Acebo americano", "nombrecientifico": "Ilex opaca", "magnitud": 3, "tipo": "Latifoliada", "follaje": "Perenne", "lon": -71.357388051938528, "lat": -40.153342495227243, "imagen": "ILEX OPACA.gif\n", "url_ficha": "https://www.arbolesurbanos.com.ar/ilex-opaca-acebo-americano/", "thumbnail": "/thumbnails/ilex-opaca.jpg" }, "geometry": { "type": "Point", "coordinates": [ -71.357388051938528, -40.153342495227243 ] } },
{ "type": "Feature", "properties": { "nombrevulgar": "Acebo americano", "nombrecientifico": "Ilex opaca", "magnitud": 3, "tipo": "Latifoliada", "follaje": "Perenne", "lon": -71.357372286802516, "lat": -40.153388819625526, "imagen": "ILEX OPACA.gif\n", "url_ficha": "https://www.arbolesurbanos.com.ar/ilex-opaca-acebo-americano/", "thumbnail": "/thumbnails/ilex-opaca.jpg" }, "geometry": { "type": "Point", "coordinates": [ -71.357372286802516, -40.153388819625526 ] } },
{ "type": "Feature", "properties": { "nombrevulgar": "Duraznero", "nombrecientifico": "Prunus persica", "magnitud": 3, "tipo": "Latifoliada", "follaje": "Caduco", "lon": -71.356710075317366, "lat": -40.152889893710558, "imagen": "PRUNUS PERSICA.png", "url_ficha": "https://www.arbolesurbanos.com.ar/prunus-persica-duraznero/", "thumbnail": "/iconos/3/PRUNUS PERSICA.png" }, "geometry": { "type": "Point", "coordinates": [ -71.356710075317366, -40.152889893710558 ] } },
{ "type": "Feature", "properties": { "nombrevulgar": "Duraznero", "nombrecientifico": "Prunus persica", "magnitud": 3, "tipo": "Latifoliada", "follaje": "Caduco", "lon": -71.355746127837506, "lat": -40.152796053492793, "imagen": "PRUNUS PERSICA.png", "url_ficha": "https://www.arbolesurbanos.com.ar/prunus-persica-duraznero/", "thumbnail": "/iconos/3/PRUNUS PERSICA.png" }, "geometry": { "type": "Point", "coordinates": [ -71.355746127837506, -40.152796053492793 ] } },
{ "type": "Feature", "properties": { "nombrevulgar": "Secuoya gigante", "nombrecientifico": "Sequoiadendron giganteum", "magnitud": 1, "tipo": "Conífera", "follaje": "Perenne", "lon": -71.356134730226714, "lat": -40.15288044373937, "imagen": "SEQUOYADENDRON GIGANTEUM.gif", "url_ficha": "https://www.arbolesurbanos.com.ar/sequoyadendron-giganteum-secuoya-gigante", "thumbnail": "/thumbnails/secuoya-gigante.jpg" }, "geometry": { "type": "Point", "coordinates": [ -71.356134730226714, -40.15288044373937 ] } },
{ "type": "Feature", "properties": { "nombrevulgar": "Secuoya gigante", "nombrecientifico": "Sequoiadendron giganteum", "magnitud": 1, "tipo": "Conífera", "follaje": "Perenne", "lon": -71.35708147666314, "lat": -40.154530057697173, "imagen": "SEQUOYADENDRON GIGANTEUM.gif", "url_ficha": "https://www.arbolesurbanos.com.ar/sequoyadendron-giganteum-secuoya-gigante", "thumbnail": "/thumbnails/secuoya-gigante.jpg" }, "geometry": { "type": "Point", "coordinates": [ -71.35708147666314, -40.154530057697173 ] } },
{ "type": "Feature", "properties": { "nombrevulgar": "Secuoya gigante", "nombrecientifico": "Sequoiadendron giganteum", "magnitud": 1, "tipo": "Conífera", "follaje": "Perenne", "lon": -71.359720465721011, "lat": -40.155357537316874, "imagen": "SEQUOYADENDRON GIGANTEUM.gif", "url_ficha": "https://www.arbolesurbanos.com.ar/sequoyadendron-giganteum-secuoya-gigante", "thumbnail": "/thumbnails/secuoya-gigante.jpg" }, "geometry": { "type": "Point", "coordinates": [ -71.359720465721011, -40.155357537316874 ] } },
{ "type": "Feature", "properties": { "nombrevulgar": "Secuoya gigante", "nombrecientifico": "Sequoiadendron giganteum", "magnitud": 1, "tipo": "Conífera", "follaje": "Perenne", "lon": -71.356119460533236, "lat": -40.152858870602486, "imagen": "SEQUOYADENDRON GIGANTEUM.gif", "url_ficha": "https://www.arbolesurbanos.com.ar/sequoyadendron-giganteum-secuoya-gigante", "thumbnail": "/thumbnails/secuoya-gigante.jpg" }, "geometry": { "type": "Point", "coordinates": [ -71.356119460533236, -40.152858870602486 ] } },
{ "type": "Feature", "properties": { "nombrevulgar": "Lluvia de oro", "nombrecientifico": "Laburnum anagyroides", "magnitud": 3, "tipo": "Latifoliada", "follaje": "Caduco", "lon": -71.355705115098544, "lat": -40.152698671400678, "imagen": "laburnum anagyroides.gif", "url_ficha": "https://www.arbolesurbanos.com.ar/laburnum-anagyroides-lluvia-de-oro/", "thumbnail": "/thumbnails/laburnum-anagiroides.jpg" }, "geometry": { "type": "Point", "coordinates": [ -71.355705115098544, -40.152698671400678 ] } },
{ "type": "Feature", "properties": { "nombrevulgar": "Lluvia de oro", "nombrecientifico": "Laburnum anagyroides", "magnitud": 3, "tipo": "Latifoliada", "follaje": "Caduco", "lon": -71.355263471773824, "lat": -40.152555520332918, "imagen": "laburnum anagyroides.gif", "url_ficha": "https://www.arbolesurbanos.com.ar/laburnum-anagyroides-lluvia-de-oro/", "thumbnail": "/thumbnails/laburnum-anagiroides.jpg" }, "geometry": { "type": "Point", "coordinates": [ -71.355263471773824, -40.152555520332918 ] } },
{ "type": "Feature", "properties": { "nombrevulgar": "Lluvia de oro", "nombrecientifico": "Laburnum anagyroides", "magnitud": 3, "tipo": "Latifoliada", "follaje": "Caduco", "lon": -71.356226449501179, "lat": -40.150149567788588, "imagen": "laburnum anagyroides.gif", "url_ficha": "https://www.arbolesurbanos.com.ar/laburnum-anagyroides-lluvia-de-oro/", "thumbnail": "/thumbnails/laburnum-anagiroides.jpg" }, "geometry": { "type": "Point", "coordinates": [ -71.356226449501179, -40.150149567788588 ] } },
{ "type": "Feature", "properties": { "nombrevulgar": "Lluvia de oro", "nombrecientifico": "Laburnum anagyroides", "magnitud": 3, "tipo": "Latifoliada", "follaje": "Caduco", "lon": -71.355351492921002, "lat": -40.152519794687279, "imagen": "laburnum anagyroides.gif", "url_ficha": "https://www.arbolesurbanos.com.ar/laburnum-anagyroides-lluvia-de-oro/", "thumbnail": "/thumbnails/laburnum-anagiroides.jpg" }, "geometry": { "type": "Point", "coordinates": [ -71.355351492921002, -40.152519794687279 ] } },
{ "type": "Feature", "properties": { "nombrevulgar": "Lluvia de oro", "nombrecientifico": "Laburnum anagyroides", "magnitud": 3, "tipo": "Latifoliada", "follaje": "Caduco", "lon": -71.355307190100902, "lat": -40.152513574194053, "imagen": "laburnum anagyroides.gif", "url_ficha": "https://www.arbolesurbanos.com.ar/laburnum-anagyroides-lluvia-de-oro/", "thumbnail": "/thumbnails/laburnum-anagiroides.jpg" }, "geometry": { "type": "Point", "coordinates": [ -71.355307190100902, -40.152513574194053 ] } },
{ "type": "Feature", "properties": { "nombrevulgar": "Lluvia de oro", "nombrecientifico": "Laburnum anagyroides", "magnitud": 3, "tipo": "Latifoliada", "follaje": "Caduco", "lon": -71.355611817334079, "lat": -40.152599474782185, "imagen": "laburnum anagyroides.gif", "url_ficha": "https://www.arbolesurbanos.com.ar/laburnum-anagyroides-lluvia-de-oro/", "thumbnail": "/thumbnails/laburnum-anagiroides.jpg" }, "geometry": { "type": "Point", "coordinates": [ -71.355611817334079, -40.152599474782185 ] } },
{ "type": "Feature", "properties": { "nombrevulgar": "Lluvia de oro", "nombrecientifico": "Laburnum anagyroides", "magnitud": 3, "tipo": "Latifoliada", "follaje": "Caduco", "lon": -71.35984784824474, "lat": -40.157272251432097, "imagen": "laburnum anagyroides.gif", "url_ficha": "https://www.arbolesurbanos.com.ar/laburnum-anagyroides-lluvia-de-oro/", "thumbnail": "/thumbnails/laburnum-anagiroides.jpg" }, "geometry": { "type": "Point", "coordinates": [ -71.35984784824474, -40.157272251432097 ] } },
{ "type": "Feature", "properties": { "nombrevulgar": "Lluvia de oro", "nombrecientifico": "Laburnum anagyroides", "magnitud": 3, "tipo": "Latifoliada", "follaje": "Caduco", "lon": -71.359762166207275, "lat": -40.157141281657353, "imagen": "laburnum anagyroides.gif", "url_ficha": "https://www.arbolesurbanos.com.ar/laburnum-anagyroides-lluvia-de-oro/", "thumbnail": "/thumbnails/laburnum-anagiroides.jpg" }, "geometry": { "type": "Point", "coordinates": [ -71.359762166207275, -40.157141281657353 ] } },
{ "type": "Feature", "properties": { "nombrevulgar": "Aliso", "nombrecientifico": "Alnus glutinosa", "magnitud": 2, "tipo": "Latifoliada", "follaje": "Caduco", "lon": -71.353483411291379, "lat": -40.151733057674768, "imagen": "Alnus glutinosa.gif", "url_ficha": "https://www.arbolesurbanos.com.ar/alnus-glutinosa-aliso/", "thumbnail": "/thumbnails/aliso.jpg" }, "geometry": { "type": "Point", "coordinates": [ -71.353483411291379, -40.151733057674768 ] } },
{ "type": "Feature", "properties": { "nombrevulgar": "Roble de los pantanos", "nombrecientifico": "Quercus palustris", "magnitud": 2, "tipo": "Latifoliada", "follaje": "Caduco", "lon": -71.356345468102248, "lat": -40.154559757244904, "imagen": "QUECUS PALUSTRIS.gif\n", "url_ficha": "https://www.arbolesurbanos.com.ar/quercus-palustris-roble-de-los-pantanos/", "thumbnail": "/thumbnails/quercus-palustris.jpg" }, "geometry": { "type": "Point", "coordinates": [ -71.356345468102248, -40.154559757244904 ] } },
{ "type": "Feature", "properties": { "nombrevulgar": "Roble de los pantanos", "nombrecientifico": "Quercus palustris", "magnitud": 2, "tipo": "Latifoliada", "follaje": "Caduco", "lon": -71.356353924725425, "lat": -40.154730322223216, "imagen": "QUECUS PALUSTRIS.gif\n", "url_ficha": "https://www.arbolesurbanos.com.ar/quercus-palustris-roble-de-los-pantanos/", "thumbnail": "/thumbnails/quercus-palustris.jpg" }, "geometry": { "type": "Point", "coordinates": [ -71.356353924725425, -40.154730322223216 ] } },
{ "type": "Feature", "properties": { "nombrevulgar": "Roble de los pantanos", "nombrecientifico": "Quercus palustris", "magnitud": 2, "tipo": "Latifoliada", "follaje": "Caduco", "lon": -71.35633249120572, "lat": -40.154782851794998, "imagen": "QUECUS PALUSTRIS.gif\n", "url_ficha": "https://www.arbolesurbanos.com.ar/quercus-palustris-roble-de-los-pantanos/", "thumbnail": "/thumbnails/quercus-palustris.jpg" }, "geometry": { "type": "Point", "coordinates": [ -71.35633249120572, -40.154782851794998 ] } },
{ "type": "Feature", "properties": { "nombrevulgar": "Roble de los pantanos", "nombrecientifico": "Quercus palustris", "magnitud": 2, "tipo": "Latifoliada", "follaje": "Caduco", "lon": -71.356312722023773, "lat": -40.154845299311489, "imagen": "QUECUS PALUSTRIS.gif\n", "url_ficha": "https://www.arbolesurbanos.com.ar/quercus-palustris-roble-de-los-pantanos/", "thumbnail": "/thumbnails/quercus-palustris.jpg" }, "geometry": { "type": "Point", "coordinates": [ -71.356312722023773, -40.154845299311489 ] } },
{ "type": "Feature", "properties": { "nombrevulgar": "Roble de los pantanos", "nombrecientifico": "Quercus palustris", "magnitud": 2, "tipo": "Latifoliada", "follaje": "Caduco", "lon": -71.359227240020147, "lat": -40.156899930117874, "imagen": "QUECUS PALUSTRIS.gif\n", "url_ficha": "https://www.arbolesurbanos.com.ar/quercus-palustris-roble-de-los-pantanos/", "thumbnail": "/thumbnails/quercus-palustris.jpg" }, "geometry": { "type": "Point", "coordinates": [ -71.359227240020147, -40.156899930117874 ] } },
{ "type": "Feature", "properties": { "nombrevulgar": "Catalpa", "nombrecientifico": "Catalpa bigninoides", "magnitud": 2, "tipo": "Latifoliada", "follaje": "Caduco", "lon": -71.356524404137744, "lat": -40.154905043920522, "imagen": "CATALPA BIGNONIOIDES.gif\n", "url_ficha": "https://www.arbolesurbanos.com.ar/catalpa-bigninoides-catalpa/", "thumbnail": "/thumbnails/catalpa.jpg" }, "geometry": { "type": "Point", "coordinates": [ -71.356524404137744, -40.154905043920522 ] } },
{ "type": "Feature", "properties": { "nombrevulgar": "Catalpa", "nombrecientifico": "Catalpa bigninoides", "magnitud": 2, "tipo": "Latifoliada", "follaje": "Caduco", "lon": -71.356578853807534, "lat": -40.154808922779239, "imagen": "CATALPA BIGNONIOIDES.gif\n", "url_ficha": "https://www.arbolesurbanos.com.ar/catalpa-bigninoides-catalpa/", "thumbnail": "/thumbnails/catalpa.jpg" }, "geometry": { "type": "Point", "coordinates": [ -71.356578853807534, -40.154808922779239 ] } },
{ "type": "Feature", "properties": { "nombrevulgar": "Catalpa", "nombrecientifico": "Catalpa bigninoides", "magnitud": 2, "tipo": "Latifoliada", "follaje": "Caduco", "lon": -71.359952068749337, "lat": -40.158256932656116, "imagen": "CATALPA BIGNONIOIDES.gif\n", "url_ficha": "https://www.arbolesurbanos.com.ar/catalpa-bigninoides-catalpa/", "thumbnail": "/thumbnails/catalpa.jpg" }, "geometry": { "type": "Point", "coordinates": [ -71.359952068749337, -40.158256932656116 ] } },
{ "type": "Feature", "properties": { "nombrevulgar": "Catalpa", "nombrecientifico": "Catalpa bigninoides", "magnitud": 2, "tipo": "Latifoliada", "follaje": "Caduco", "lon": -71.360781465480173, "lat": -40.158190363612931, "imagen": "CATALPA BIGNONIOIDES.gif\n", "url_ficha": "https://www.arbolesurbanos.com.ar/catalpa-bigninoides-catalpa/", "thumbnail": "/thumbnails/catalpa.jpg" }, "geometry": { "type": "Point", "coordinates": [ -71.360781465480173, -40.158190363612931 ] } },
{ "type": "Feature", "properties": { "nombrevulgar": "Cedro del Himalaya", "nombrecientifico": "Cedrus deodara", "magnitud": 1, "tipo": "Conífera", "follaje": "Perenne", "lon": -71.359864441740598, "lat": -40.157674193057161, "imagen": "Cedrus deodara.gif", "url_ficha": "https://www.arbolesurbanos.com.ar/cedrus-deodara-cedro-del-himalaya/", "thumbnail": "/thumbnails/cedrus-deodara.jpg" }, "geometry": { "type": "Point", "coordinates": [ -71.359864441740598, -40.157674193057161 ] } },
{ "type": "Feature", "properties": { "nombrevulgar": "Cedro del Himalaya", "nombrecientifico": "Cedrus deodara", "magnitud": 1, "tipo": "Conífera", "follaje": "Perenne", "lon": -71.359082732144799, "lat": -40.156841438834995, "imagen": "Cedrus deodara.gif", "url_ficha": "https://www.arbolesurbanos.com.ar/cedrus-deodara-cedro-del-himalaya/", "thumbnail": "/thumbnails/cedrus-deodara.jpg" }, "geometry": { "type": "Point", "coordinates": [ -71.359082732144799, -40.156841438834995 ] } },
{ "type": "Feature", "properties": { "nombrevulgar": "Tulipanero", "nombrecientifico": "Liriodendron tulipifera", "magnitud": 1, "tipo": "Latifoliada", "follaje": "Caduco", "lon": -71.359783699750551, "lat": -40.157784540443622, "imagen": "Liriodendron tulipifera.gif", "url_ficha": "https://www.arbolesurbanos.com.ar/liriodendron-tulipifera-tulipanero/", "thumbnail": "/thumbnails/tulipanero.jpg" }, "geometry": { "type": "Point", "coordinates": [ -71.359783699750551, -40.157784540443622 ] } },
{ "type": "Feature", "properties": { "nombrevulgar": "Pino de Jefrey", "nombrecientifico": "Pinus jeffreyi", "magnitud": 1, "tipo": "Conífera", "follaje": "Perenne", "lon": -71.356136853196404, "lat": -40.150291683760052, "imagen": "Pinus jeffreyi.gif", "url_ficha": "https://www.arbolesurbanos.com.ar/pinus-jeffreyi-pino-de-jeffrey/", "thumbnail": "/thumbnails/pinus-jeffreyi.jpg" }, "geometry": { "type": "Point", "coordinates": [ -71.356136853196404, -40.150291683760052 ] } },
{ "type": "Feature", "properties": { "nombrevulgar": "Arce real", "nombrecientifico": "Acer platanoides", "magnitud": 1, "tipo": "Latifoliada", "follaje": "Caduco", "lon": -71.359696890615226, "lat": -40.157369580712853, "imagen": "Acer platanoides.gif", "url_ficha": "https://www.arbolesurbanos.com.ar/acer-platanoides-arce-real/", "thumbnail": "/thumbnails/acer-platanoides.jpg" }, "geometry": { "type": "Point", "coordinates": [ -71.359696890615226, -40.157369580712853 ] } },
{ "type": "Feature", "properties": { "nombrevulgar": "Acacia de tres espinas", "nombrecientifico": "Gleditsia triacanthos", "magnitud": 2, "tipo": "Latifoliada", "follaje": "Caduco", "lon": -71.359345942917827, "lat": -40.156991107705899, "imagen": "GLEDITSIA TRIACANTHOS.gif\n", "url_ficha": "https://www.arbolesurbanos.com.ar/gladitsia-triacanthos-acacia-de-tres-espinas/", "thumbnail": "/thumbnails/acacia-de-tres-espinas.jpg" }, "geometry": { "type": "Point", "coordinates": [ -71.359345942917827, -40.156991107705899 ] } },
{ "type": "Feature", "properties": { "nombrevulgar": "Peral", "nombrecientifico": "Pyrus communis", "magnitud": 3, "tipo": "Latifoliada", "follaje": "Caduco", "lon": -71.352489130246838, "lat": -40.150643943345848, "imagen": "Pyrus comunis.gif", "url_ficha": "https://www.arbolesurbanos.com.ar/pyrus-communis-peral", "thumbnail": "/thumbnails/pyrus-comunis.jpg" }, "geometry": { "type": "Point", "coordinates": [ -71.352489130246838, -40.150643943345848 ] } },
{ "type": "Feature", "properties": { "nombrevulgar": "Peral", "nombrecientifico": "Pyrus communis", "magnitud": 3, "tipo": "Latifoliada", "follaje": "Caduco", "lon": -71.359817743745012, "lat": -40.157192607680223, "imagen": "Pyrus comunis.gif", "url_ficha": "https://www.arbolesurbanos.com.ar/pyrus-communis-peral", "thumbnail": "/thumbnails/pyrus-comunis.jpg" }, "geometry": { "type": "Point", "coordinates": [ -71.359817743745012, -40.157192607680223 ] } },
{ "type": "Feature", "properties": { "nombrevulgar": "Roble rojo del norte", "nombrecientifico": "Quercus rubra", "magnitud": 2, "tipo": "Latifoliada", "follaje": "Caduco", "lon": -71.351077742256081, "lat": -40.150692339561608, "imagen": "Quercus rubra.gif", "url_ficha": "https://www.arbolesurbanos.com.ar/quercus-rubra-roble-rojo-del-norte/", "thumbnail": "/thumbnails/quercus-rubra.jpg" }, "geometry": { "type": "Point", "coordinates": [ -71.351077742256081, -40.150692339561608 ] } },
{ "type": "Feature", "properties": { "nombrevulgar": "Sauce llorón", "nombrecientifico": "Salix babilonica", "magnitud": 2, "tipo": "Latifoliada", "follaje": "Caduco", "lon": -71.350700962138347, "lat": -40.150595481082064, "imagen": "Salix_babilonica.gif", "url_ficha": "https://www.arbolesurbanos.com.ar/salix-babilonica-sauce-lloron/", "thumbnail": "/thumbnails/salix-babilonica.jpg" }, "geometry": { "type": "Point", "coordinates": [ -71.350700962138347, -40.150595481082064 ] } },
{ "type": "Feature", "properties": { "nombrevulgar": "Sauce llorón", "nombrecientifico": "Salix babilonica", "magnitud": 2, "tipo": "Latifoliada", "follaje": "Caduco", "lon": -71.350628309469826, "lat": -40.150579983712454, "imagen": "Salix_babilonica.gif", "url_ficha": "https://www.arbolesurbanos.com.ar/salix-babilonica-sauce-lloron/", "thumbnail": "/thumbnails/salix-babilonica.jpg" }, "geometry": { "type": "Point", "coordinates": [ -71.350628309469826, -40.150579983712454 ] } },
{ "type": "Feature", "properties": { "nombrevulgar": "Sauce llorón", "nombrecientifico": "Salix babilonica", "magnitud": 2, "tipo": "Latifoliada", "follaje": "Caduco", "lon": -71.350506658490048, "lat": -40.150546406066404, "imagen": "Salix_babilonica.gif", "url_ficha": "https://www.arbolesurbanos.com.ar/salix-babilonica-sauce-lloron/", "thumbnail": "/thumbnails/salix-babilonica.jpg" }, "geometry": { "type": "Point", "coordinates": [ -71.350506658490048, -40.150546406066404 ] } },
{ "type": "Feature", "properties": { "nombrevulgar": "Sauce llorón", "nombrecientifico": "Salix babilonica", "magnitud": 2, "tipo": "Latifoliada", "follaje": "Caduco", "lon": -71.350437385015482, "lat": -40.150530908685646, "imagen": "Salix_babilonica.gif", "url_ficha": "https://www.arbolesurbanos.com.ar/salix-babilonica-sauce-lloron/", "thumbnail": "/thumbnails/salix-babilonica.jpg" }, "geometry": { "type": "Point", "coordinates": [ -71.350437385015482, -40.150530908685646 ] } },
{ "type": "Feature", "properties": { "nombrevulgar": "Sauce llorón", "nombrecientifico": "Salix babilonica", "magnitud": 2, "tipo": "Latifoliada", "follaje": "Caduco", "lon": -71.346930901919407, "lat": -40.151652005561715, "imagen": "Salix_babilonica.gif", "url_ficha": "https://www.arbolesurbanos.com.ar/salix-babilonica-sauce-lloron/", "thumbnail": "/thumbnails/salix-babilonica.jpg" }, "geometry": { "type": "Point", "coordinates": [ -71.346930901919407, -40.151652005561715 ] } },
{ "type": "Feature", "properties": { "nombrevulgar": "Sauce llorón", "nombrecientifico": "Salix babilonica", "magnitud": 2, "tipo": "Latifoliada", "follaje": "Caduco", "lon": -71.35570227513935, "lat": -40.151208180885348, "imagen": "Salix_babilonica.gif", "url_ficha": "https://www.arbolesurbanos.com.ar/salix-babilonica-sauce-lloron/", "thumbnail": "/thumbnails/salix-babilonica.jpg" }, "geometry": { "type": "Point", "coordinates": [ -71.35570227513935, -40.151208180885348 ] } },
{ "type": "Feature", "properties": { "nombrevulgar": "Sauce llorón", "nombrecientifico": "Salix babilonica", "magnitud": 2, "tipo": "Latifoliada", "follaje": "Caduco", "lon": -71.355751352076794, "lat": -40.151081825460473, "imagen": "Salix_babilonica.gif", "url_ficha": "https://www.arbolesurbanos.com.ar/salix-babilonica-sauce-lloron/", "thumbnail": "/thumbnails/salix-babilonica.jpg" }, "geometry": { "type": "Point", "coordinates": [ -71.355751352076794, -40.151081825460473 ] } },
{ "type": "Feature", "properties": { "nombrevulgar": "Sauce llorón", "nombrecientifico": "Salix babilonica", "magnitud": 2, "tipo": "Latifoliada", "follaje": "Caduco", "lon": -71.355239737669592, "lat": -40.153482208623736, "imagen": "Salix_babilonica.gif", "url_ficha": "https://www.arbolesurbanos.com.ar/salix-babilonica-sauce-lloron/", "thumbnail": "/thumbnails/salix-babilonica.jpg" }, "geometry": { "type": "Point", "coordinates": [ -71.355239737669592, -40.153482208623736 ] } },
{ "type": "Feature", "properties": { "nombrevulgar": "Fresno Europeo", "nombrecientifico": "Fraxinus excelsior", "magnitud": 2, "tipo": "Latifoliada", "follaje": "Caduco", "lon": -71.359886581540508, "lat": -40.158321041625747, "imagen": "FRAXINUS EXELCIOR.gif\n", "url_ficha": "https://www.arbolesurbanos.com.ar/fraxinus-excelsior-fresno-europeo/", "thumbnail": "/thumbnails/fresno-europeo.jpg" }, "geometry": { "type": "Point", "coordinates": [ -71.359886581540508, -40.158321041625747 ] } },
{ "type": "Feature", "properties": { "nombrevulgar": "Fresno Europeo", "nombrecientifico": "Fraxinus excelsior", "magnitud": 2, "tipo": "Latifoliada", "follaje": "Caduco", "lon": -71.360859031198302, "lat": -40.15814925478395, "imagen": "FRAXINUS EXELCIOR.gif\n", "url_ficha": "https://www.arbolesurbanos.com.ar/fraxinus-excelsior-fresno-europeo/", "thumbnail": "/thumbnails/fresno-europeo.jpg" }, "geometry": { "type": "Point", "coordinates": [ -71.360859031198302, -40.15814925478395 ] } },
{ "type": "Feature", "properties": { "nombrevulgar": "Fresno Europeo", "nombrecientifico": "Fraxinus excelsior", "magnitud": 2, "tipo": "Latifoliada", "follaje": "Caduco", "lon": -71.355217106468061, "lat": -40.151755875462243, "imagen": "FRAXINUS EXELCIOR.gif\n", "url_ficha": "https://www.arbolesurbanos.com.ar/fraxinus-excelsior-fresno-europeo/", "thumbnail": "/thumbnails/fresno-europeo.jpg" }, "geometry": { "type": "Point", "coordinates": [ -71.355217106468061, -40.151755875462243 ] } },
{ "type": "Feature", "properties": { "nombrevulgar": "Fresno Europeo", "nombrecientifico": "Fraxinus excelsior", "magnitud": 2, "tipo": "Latifoliada", "follaje": "Caduco", "lon": -71.35335911907562, "lat": -40.149440466823407, "imagen": "FRAXINUS EXELCIOR.gif\n", "url_ficha": "https://www.arbolesurbanos.com.ar/fraxinus-excelsior-fresno-europeo/", "thumbnail": "/thumbnails/fresno-europeo.jpg" }, "geometry": { "type": "Point", "coordinates": [ -71.35335911907562, -40.149440466823407 ] } },
{ "type": "Feature", "properties": { "nombrevulgar": "Fresno Europeo", "nombrecientifico": "Fraxinus excelsior", "magnitud": 2, "tipo": "Latifoliada", "follaje": "Caduco", "lon": -71.356595142507189, "lat": -40.15284598959272, "imagen": "FRAXINUS EXELCIOR.gif\n", "url_ficha": "https://www.arbolesurbanos.com.ar/fraxinus-excelsior-fresno-europeo/", "thumbnail": "/thumbnails/fresno-europeo.jpg" }, "geometry": { "type": "Point", "coordinates": [ -71.356595142507189, -40.15284598959272 ] } },
{ "type": "Feature", "properties": { "nombrevulgar": "Fresno Europeo", "nombrecientifico": "Fraxinus excelsior", "magnitud": 2, "tipo": "Latifoliada", "follaje": "Caduco", "lon": -71.357244156485791, "lat": -40.153130596330769, "imagen": "FRAXINUS EXELCIOR.gif\n", "url_ficha": "https://www.arbolesurbanos.com.ar/fraxinus-excelsior-fresno-europeo/", "thumbnail": "/thumbnails/fresno-europeo.jpg" }, "geometry": { "type": "Point", "coordinates": [ -71.357244156485791, -40.153130596330769 ] } },
{ "type": "Feature", "properties": { "nombrevulgar": "Fresno Europeo", "nombrecientifico": "Fraxinus excelsior", "magnitud": 2, "tipo": "Latifoliada", "follaje": "Caduco", "lon": -71.356729453149413, "lat": -40.152963083686259, "imagen": "FRAXINUS EXELCIOR.gif\n", "url_ficha": "https://www.arbolesurbanos.com.ar/fraxinus-excelsior-fresno-europeo/", "thumbnail": "/thumbnails/fresno-europeo.jpg" }, "geometry": { "type": "Point", "coordinates": [ -71.356729453149413, -40.152963083686259 ] } },
{ "type": "Feature", "properties": { "nombrevulgar": "Fresno Europeo", "nombrecientifico": "Fraxinus excelsior", "magnitud": 2, "tipo": "Latifoliada", "follaje": "Caduco", "lon": -71.35685398113462, "lat": -40.153014532279911, "imagen": "FRAXINUS EXELCIOR.gif\n", "url_ficha": "https://www.arbolesurbanos.com.ar/fraxinus-excelsior-fresno-europeo/", "thumbnail": "/thumbnails/fresno-europeo.jpg" }, "geometry": { "type": "Point", "coordinates": [ -71.35685398113462, -40.153014532279911 ] } },
{ "type": "Feature", "properties": { "nombrevulgar": "Fresno Europeo", "nombrecientifico": "Fraxinus excelsior", "magnitud": 2, "tipo": "Latifoliada", "follaje": "Caduco", "lon": -71.357028993438092, "lat": -40.153068553261257, "imagen": "FRAXINUS EXELCIOR.gif\n", "url_ficha": "https://www.arbolesurbanos.com.ar/fraxinus-excelsior-fresno-europeo/", "thumbnail": "/thumbnails/fresno-europeo.jpg" }, "geometry": { "type": "Point", "coordinates": [ -71.357028993438092, -40.153068553261257 ] } },
{ "type": "Feature", "properties": { "nombrevulgar": "Fresno Europeo", "nombrecientifico": "Fraxinus excelsior", "magnitud": 2, "tipo": "Latifoliada", "follaje": "Caduco", "lon": -71.356753012497947, "lat": -40.152900059105917, "imagen": "FRAXINUS EXELCIOR.gif\n", "url_ficha": "https://www.arbolesurbanos.com.ar/fraxinus-excelsior-fresno-europeo/", "thumbnail": "/thumbnails/fresno-europeo.jpg" }, "geometry": { "type": "Point", "coordinates": [ -71.356753012497947, -40.152900059105917 ] } },
{ "type": "Feature", "properties": { "nombrevulgar": "Fresno Europeo", "nombrecientifico": "Fraxinus excelsior", "magnitud": 2, "tipo": "Latifoliada", "follaje": "Caduco", "lon": -71.356870809240746, "lat": -40.152947649100504, "imagen": "FRAXINUS EXELCIOR.gif\n", "url_ficha": "https://www.arbolesurbanos.com.ar/fraxinus-excelsior-fresno-europeo/", "thumbnail": "/thumbnails/fresno-europeo.jpg" }, "geometry": { "type": "Point", "coordinates": [ -71.356870809240746, -40.152947649100504 ] } },
{ "type": "Feature", "properties": { "nombrevulgar": "Fresno Europeo", "nombrecientifico": "Fraxinus excelsior", "magnitud": 2, "tipo": "Latifoliada", "follaje": "Caduco", "lon": -71.357042455922922, "lat": -40.153008101207845, "imagen": "FRAXINUS EXELCIOR.gif\n", "url_ficha": "https://www.arbolesurbanos.com.ar/fraxinus-excelsior-fresno-europeo/", "thumbnail": "/thumbnails/fresno-europeo.jpg" }, "geometry": { "type": "Point", "coordinates": [ -71.357042455922922, -40.153008101207845 ] } },
{ "type": "Feature", "properties": { "nombrevulgar": "Fresno Europeo", "nombrecientifico": "Fraxinus excelsior", "magnitud": 2, "tipo": "Latifoliada", "follaje": "Caduco", "lon": -71.356640264187121, "lat": -40.15304411520362, "imagen": "FRAXINUS EXELCIOR.gif\n", "url_ficha": "https://www.arbolesurbanos.com.ar/fraxinus-excelsior-fresno-europeo/", "thumbnail": "/thumbnails/fresno-europeo.jpg" }, "geometry": { "type": "Point", "coordinates": [ -71.356640264187121, -40.15304411520362 ] } },
{ "type": "Feature", "properties": { "nombrevulgar": "Palmera excelsior", "nombrecientifico": "Trachycarpus fortunei", "magnitud": 2, "tipo": "Monocotiledonea", "follaje": "Perenne", "lon": -71.356101145963507, "lat": -40.150082053048621, "imagen": "Trachicarous fortunei.gif", "url_ficha": null, "thumbnail": "/thumbnails/trachycarpus-fortunei.jpg" }, "geometry": { "type": "Point", "coordinates": [ -71.356101145963507, -40.150082053048621 ] } },
{ "type": "Feature", "properties": { "nombrevulgar": "Negundo", "nombrecientifico": "Acer negundo", "magnitud": 3, "tipo": "Latifoliada", "follaje": "Caduco", "lon": -71.352292345999814, "lat": -40.149192538072292, "imagen": "ACER NEGUNDO.gif", "url_ficha": "https://www.arbolesurbanos.com.ar/acer-negundo-arce-negundo/", "thumbnail": "/thumbnails/acer-negundo.jpg" }, "geometry": { "type": "Point", "coordinates": [ -71.352292345999814, -40.149192538072292 ] } },
{ "type": "Feature", "properties": { "nombrevulgar": "Negundo", "nombrecientifico": "Acer negundo", "magnitud": 3, "tipo": "Latifoliada", "follaje": "Caduco", "lon": -71.352392334678328, "lat": -40.149224873053484, "imagen": "ACER NEGUNDO.gif", "url_ficha": "https://www.arbolesurbanos.com.ar/acer-negundo-arce-negundo/", "thumbnail": "/thumbnails/acer-negundo.jpg" }, "geometry": { "type": "Point", "coordinates": [ -71.352392334678328, -40.149224873053484 ] } },
{ "type": "Feature", "properties": { "nombrevulgar": "Negundo", "nombrecientifico": "Acer negundo", "magnitud": 3, "tipo": "Latifoliada", "follaje": "Caduco", "lon": -71.352880046831913, "lat": -40.150656171311397, "imagen": "ACER NEGUNDO.gif", "url_ficha": "https://www.arbolesurbanos.com.ar/acer-negundo-arce-negundo/", "thumbnail": "/thumbnails/acer-negundo.jpg" }, "geometry": { "type": "Point", "coordinates": [ -71.352880046831913, -40.150656171311397 ] } },
{ "type": "Feature", "properties": { "nombrevulgar": "Negundo", "nombrecientifico": "Acer negundo", "magnitud": 3, "tipo": "Latifoliada", "follaje": "Caduco", "lon": -71.352689394925065, "lat": -40.149317992497693, "imagen": "ACER NEGUNDO.gif", "url_ficha": "https://www.arbolesurbanos.com.ar/acer-negundo-arce-negundo/", "thumbnail": "/thumbnails/acer-negundo.jpg" }, "geometry": { "type": "Point", "coordinates": [ -71.352689394925065, -40.149317992497693 ] } },
{ "type": "Feature", "properties": { "nombrevulgar": "Negundo", "nombrecientifico": "Acer negundo", "magnitud": 3, "tipo": "Latifoliada", "follaje": "Caduco", "lon": -71.35375382891894, "lat": -40.149655319718676, "imagen": "ACER NEGUNDO.gif", "url_ficha": "https://www.arbolesurbanos.com.ar/acer-negundo-arce-negundo/", "thumbnail": "/thumbnails/acer-negundo.jpg" }, "geometry": { "type": "Point", "coordinates": [ -71.35375382891894, -40.149655319718676 ] } },
{ "type": "Feature", "properties": { "nombrevulgar": "Negundo", "nombrecientifico": "Acer negundo", "magnitud": 3, "tipo": "Latifoliada", "follaje": "Caduco", "lon": -71.353868858018359, "lat": -40.149688937700496, "imagen": "ACER NEGUNDO.gif", "url_ficha": "https://www.arbolesurbanos.com.ar/acer-negundo-arce-negundo/", "thumbnail": "/thumbnails/acer-negundo.jpg" }, "geometry": { "type": "Point", "coordinates": [ -71.353868858018359, -40.149688937700496 ] } },
{ "type": "Feature", "properties": { "nombrevulgar": "Negundo", "nombrecientifico": "Acer negundo", "magnitud": 3, "tipo": "Latifoliada", "follaje": "Caduco", "lon": -71.354016027601389, "lat": -40.149744536633897, "imagen": "ACER NEGUNDO.gif", "url_ficha": "https://www.arbolesurbanos.com.ar/acer-negundo-arce-negundo/", "thumbnail": "/thumbnails/acer-negundo.jpg" }, "geometry": { "type": "Point", "coordinates": [ -71.354016027601389, -40.149744536633897 ] } },
{ "type": "Feature", "properties": { "nombrevulgar": "Negundo", "nombrecientifico": "Acer negundo", "magnitud": 3, "tipo": "Latifoliada", "follaje": "Caduco", "lon": -71.354256235426519, "lat": -40.149841511408859, "imagen": "ACER NEGUNDO.gif", "url_ficha": "https://www.arbolesurbanos.com.ar/acer-negundo-arce-negundo/", "thumbnail": "/thumbnails/acer-negundo.jpg" }, "geometry": { "type": "Point", "coordinates": [ -71.354256235426519, -40.149841511408859 ] } },
{ "type": "Feature", "properties": { "nombrevulgar": "Negundo", "nombrecientifico": "Acer negundo", "magnitud": 3, "tipo": "Latifoliada", "follaje": "Caduco", "lon": -71.35424439419576, "lat": -40.149725141662245, "imagen": "ACER NEGUNDO.gif", "url_ficha": "https://www.arbolesurbanos.com.ar/acer-negundo-arce-negundo/", "thumbnail": "/thumbnails/acer-negundo.jpg" }, "geometry": { "type": "Point", "coordinates": [ -71.35424439419576, -40.149725141662245 ] } },
{ "type": "Feature", "properties": { "nombrevulgar": "Negundo", "nombrecientifico": "Acer negundo", "magnitud": 3, "tipo": "Latifoliada", "follaje": "Caduco", "lon": -71.35445246153725, "lat": -40.149801428518693, "imagen": "ACER NEGUNDO.gif", "url_ficha": "https://www.arbolesurbanos.com.ar/acer-negundo-arce-negundo/", "thumbnail": "/thumbnails/acer-negundo.jpg" }, "geometry": { "type": "Point", "coordinates": [ -71.35445246153725, -40.149801428518693 ] } },
{ "type": "Feature", "properties": { "nombrevulgar": "Negundo", "nombrecientifico": "Acer negundo", "magnitud": 3, "tipo": "Latifoliada", "follaje": "Caduco", "lon": -71.354496443251747, "lat": -40.149919091129107, "imagen": "ACER NEGUNDO.gif", "url_ficha": "https://www.arbolesurbanos.com.ar/acer-negundo-arce-negundo/", "thumbnail": "/thumbnails/acer-negundo.jpg" }, "geometry": { "type": "Point", "coordinates": [ -71.354496443251747, -40.149919091129107 ] } },
{ "type": "Feature", "properties": { "nombrevulgar": "Abedul de papel", "nombrecientifico": "Betula papiryfera", "magnitud": 2, "tipo": "Latifoliada", "follaje": "Caduco", "lon": -71.35732348529487, "lat": -40.154514241657878, "imagen": "Betula papyrifera.gif", "url_ficha": "https://www.arbolesurbanos.com.ar/betula-papyrifera-abedul-de-papel/", "thumbnail": "/thumbnails/betula-papiryfera.jpg" }, "geometry": { "type": "Point", "coordinates": [ -71.35732348529487, -40.154514241657878 ] } },
{ "type": "Feature", "properties": { "nombrevulgar": "Roble europeo", "nombrecientifico": "Quercus robur", "magnitud": 1, "tipo": "Latifoliada", "follaje": "Caduco", "lon": -71.359164707675887, "lat": -40.157033319896328, "imagen": "QUERCUS ROBUR.gif", "url_ficha": "https://www.arbolesurbanos.com.ar/quercus-robur-roble-europeo", "thumbnail": "/thumbnails/roble-europeo.jpg" }, "geometry": { "type": "Point", "coordinates": [ -71.359164707675887, -40.157033319896328 ] } }
]
}
