{
  "type": "FeatureCollection",
  "features": [
    {
      "type": "Feature",
      "properties": {
        "nombrevulgar": "Alamo negro",
        "nombrecientifico": "Populus nigra",
        "magnitud": 1,
        "tipo": "Latifoliada",
        "follaje": "Caduco",
        "lon": -70.05366,
        "lat": -38.898435,
        "imagen": "POPULUS NIGRA CV ITALICA.gif",
        "url_ficha": "https://www.arbolesurbanos.com.ar/populus-nigra-alamo-criollo/",
        "thumbnail": "/thumbnails/populus-nigra.jpg"
      },
      "geometry": {
        "type": "Point",
        "coordinates": [
          -70.05366,
          -38.898435
        ]
      }
    },
    {
      "type": "Feature",
      "properties": {
        "nombrevulgar": "Olmo siberiano",
        "nombrecientifico": "Ulmus pumila",
        "magnitud": 2,
        "tipo": "Latifoliada",
        "follaje": "Caduco",
        "lon": -70.053603,
        "lat": -38.898432,
        "imagen": "ULMUS PUMILA.gif\n",
        "url_ficha": "https://www.arbolesurbanos.com.ar/ulmus-pumila-olmo-siberiano/",
        "thumbnail": "/thumbnails/ulmus-pumilia.jpg"
      },
      "geometry": {
        "type": "Point",
        "coordinates": [
          -70.053603,
          -38.898432
        ]
      }
    },
    {
      "type": "Feature",
      "properties": {
        "nombrevulgar": "Alamo negro",
        "nombrecientifico": "Populus nigra",
        "magnitud": 1,
        "tipo": "Latifoliada",
        "follaje": "Caduco",
        "lon": -70.053663,
        "lat": -38.898508,
        "imagen": "POPULUS NIGRA CV ITALICA.gif",
        "url_ficha": "https://www.arbolesurbanos.com.ar/populus-nigra-alamo-criollo/",
        "thumbnail": "/thumbnails/populus-nigra.jpg"
      },
      "geometry": {
        "type": "Point",
        "coordinates": [
          -70.053663,
          -38.898508
        ]
      }
    },
    {
      "type": "Feature",
      "properties": {
        "nombrevulgar": "Olmo siberiano",
        "nombrecientifico": "Ulmus pumila",
        "magnitud": 2,
        "tipo": "Latifoliada",
        "follaje": "Caduco",
        "lon": -70.053543,
        "lat": -38.89856,
        "imagen": "ULMUS PUMILA.gif\n",
        "url_ficha": "https://www.arbolesurbanos.com.ar/ulmus-pumila-olmo-siberiano/",
        "thumbnail": "/thumbnails/ulmus-pumilia.jpg"
      },
      "geometry": {
        "type": "Point",
        "coordinates": [
          -70.053543,
          -38.89856
        ]
      }
    },
    {
      "type": "Feature",
      "properties": {
        "nombrevulgar": "Olmo siberiano",
        "nombrecientifico": "Ulmus pumila",
        "magnitud": 2,
        "tipo": "Latifoliada",
        "follaje": "Caduco",
        "lon": -70.053384,
        "lat": -38.898581,
        "imagen": "ULMUS PUMILA.gif\n",
        "url_ficha": "https://www.arbolesurbanos.com.ar/ulmus-pumila-olmo-siberiano/",
        "thumbnail": "/thumbnails/ulmus-pumilia.jpg"
      },
      "geometry": {
        "type": "Point",
        "coordinates": [
          -70.053384,
          -38.898581
        ]
      }
    },
    {
      "type": "Feature",
      "properties": {
        "nombrevulgar": "Acacia blanca",
        "nombrecientifico": "Robinia pseudoacacia",
        "magnitud": 2,
        "tipo": "Latifoliada",
        "follaje": "Caduco",
        "lon": -70.053314,
        "lat": -38.898499,
        "imagen": "ROBINIA PSEUDOACACIA.gif",
        "url_ficha": "https://www.arbolesurbanos.com.ar/robinia-pseudoacacia-acacia-blanca",
        "thumbnail": "/thumbnails/acacia-blanca.jpg"
      },
      "geometry": {
        "type": "Point",
        "coordinates": [
          -70.053314,
          -38.898499
        ]
      }
    },
    {
      "type": "Feature",
      "properties": {
        "nombrevulgar": "Acacia blanca",
        "nombrecientifico": "Robinia pseudoacacia",
        "magnitud": 2,
        "tipo": "Latifoliada",
        "follaje": "Caduco",
        "lon": -70.053437,
        "lat": -38.898491,
        "imagen": "ROBINIA PSEUDOACACIA.gif",
        "url_ficha": "https://www.arbolesurbanos.com.ar/robinia-pseudoacacia-acacia-blanca",
        "thumbnail": "/thumbnails/acacia-blanca.jpg"
      },
      "geometry": {
        "type": "Point",
        "coordinates": [
          -70.053437,
          -38.898491
        ]
      }
    },
    {
      "type": "Feature",
      "properties": {
        "nombrevulgar": "Acacia blanca",
        "nombrecientifico": "Robinia pseudoacacia",
        "magnitud": 2,
        "tipo": "Latifoliada",
        "follaje": "Caduco",
        "lon": -70.053242,
        "lat": -38.898358,
        "imagen": "ROBINIA PSEUDOACACIA.gif",
        "url_ficha": "https://www.arbolesurbanos.com.ar/robinia-pseudoacacia-acacia-blanca",
        "thumbnail": "/thumbnails/acacia-blanca.jpg"
      },
      "geometry": {
        "type": "Point",
        "coordinates": [
          -70.053242,
          -38.898358
        ]
      }
    },
    {
      "type": "Feature",
      "properties": {
        "nombrevulgar": "Acacia blanca",
        "nombrecientifico": "Robinia pseudoacacia",
        "magnitud": 2,
        "tipo": "Latifoliada",
        "follaje": "Caduco",
        "lon": -70.053487,
        "lat": -38.898424,
        "imagen": "ROBINIA PSEUDOACACIA.gif",
        "url_ficha": "https://www.arbolesurbanos.com.ar/robinia-pseudoacacia-acacia-blanca",
        "thumbnail": "/thumbnails/acacia-blanca.jpg"
      },
      "geometry": {
        "type": "Point",
        "coordinates": [
          -70.053487,
          -38.898424
        ]
      }
    },
    {
      "type": "Feature",
      "properties": {
        "nombrevulgar": "Acacia blanca",
        "nombrecientifico": "Robinia pseudoacacia",
        "magnitud": 2,
        "tipo": "Latifoliada",
        "follaje": "Caduco",
        "lon": -70.053334,
        "lat": -38.898566,
        "imagen": "ROBINIA PSEUDOACACIA.gif",
        "url_ficha": "https://www.arbolesurbanos.com.ar/robinia-pseudoacacia-acacia-blanca",
        "thumbnail": "/thumbnails/acacia-blanca.jpg"
      },
      "geometry": {
        "type": "Point",
        "coordinates": [
          -70.053334,
          -38.898566
        ]
      }
    },
    {
      "type": "Feature",
      "properties": {
        "nombrevulgar": "Acacia blanca",
        "nombrecientifico": "Robinia pseudoacacia",
        "magnitud": 2,
        "tipo": "Latifoliada",
        "follaje": "Caduco",
        "lon": -70.053596,
        "lat": -38.898481,
        "imagen": "ROBINIA PSEUDOACACIA.gif",
        "url_ficha": "https://www.arbolesurbanos.com.ar/robinia-pseudoacacia-acacia-blanca",
        "thumbnail": "/thumbnails/acacia-blanca.jpg"
      },
      "geometry": {
        "type": "Point",
        "coordinates": [
          -70.053596,
          -38.898481
        ]
      }
    },
    {
      "type": "Feature",
      "properties": {
        "nombrevulgar": "Acacia blanca",
        "nombrecientifico": "Robinia pseudoacacia",
        "magnitud": 2,
        "tipo": "Latifoliada",
        "follaje": "Caduco",
        "lon": -70.053401,
        "lat": -38.89856,
        "imagen": "ROBINIA PSEUDOACACIA.gif",
        "url_ficha": "https://www.arbolesurbanos.com.ar/robinia-pseudoacacia-acacia-blanca",
        "thumbnail": "/thumbnails/acacia-blanca.jpg"
      },
      "geometry": {
        "type": "Point",
        "coordinates": [
          -70.053401,
          -38.89856
        ]
      }
    },
    {
      "type": "Feature",
      "properties": {
        "nombrevulgar": "Acacia blanca",
        "nombrecientifico": "Robinia pseudoacacia",
        "magnitud": 2,
        "tipo": "Latifoliada",
        "follaje": "Caduco",
        "lon": -70.053354,
        "lat": -38.898485,
        "imagen": "ROBINIA PSEUDOACACIA.gif",
        "url_ficha": "https://www.arbolesurbanos.com.ar/robinia-pseudoacacia-acacia-blanca",
        "thumbnail": "/thumbnails/acacia-blanca.jpg"
      },
      "geometry": {
        "type": "Point",
        "coordinates": [
          -70.053354,
          -38.898485
        ]
      }
    },
    {
      "type": "Feature",
      "properties": {
        "nombrevulgar": "Acacia blanca",
        "nombrecientifico": "Robinia pseudoacacia",
        "magnitud": 2,
        "tipo": "Latifoliada",
        "follaje": "Caduco",
        "lon": -70.05348,
        "lat": -38.89841,
        "imagen": "ROBINIA PSEUDOACACIA.gif",
        "url_ficha": "https://www.arbolesurbanos.com.ar/robinia-pseudoacacia-acacia-blanca",
        "thumbnail": "/thumbnails/acacia-blanca.jpg"
      },
      "geometry": {
        "type": "Point",
        "coordinates": [
          -70.05348,
          -38.89841
        ]
      }
    },
    {
      "type": "Feature",
      "properties": {
        "nombrevulgar": "Acacia blanca",
        "nombrecientifico": "Robinia pseudoacacia",
        "magnitud": 2,
        "tipo": "Latifoliada",
        "follaje": "Caduco",
        "lon": -70.053568,
        "lat": -38.898514,
        "imagen": "ROBINIA PSEUDOACACIA.gif",
        "url_ficha": "https://www.arbolesurbanos.com.ar/robinia-pseudoacacia-acacia-blanca",
        "thumbnail": "/thumbnails/acacia-blanca.jpg"
      },
      "geometry": {
        "type": "Point",
        "coordinates": [
          -70.053568,
          -38.898514
        ]
      }
    },
    {
      "type": "Feature",
      "properties": {
        "nombrevulgar": "Olmo siberiano",
        "nombrecientifico": "Ulmus pumila",
        "magnitud": 2,
        "tipo": "Latifoliada",
        "follaje": "Caduco",
        "lon": -70.053513,
        "lat": -38.898579,
        "imagen": "ULMUS PUMILA.gif\n",
        "url_ficha": "https://www.arbolesurbanos.com.ar/ulmus-pumila-olmo-siberiano/",
        "thumbnail": "/thumbnails/ulmus-pumilia.jpg"
      },
      "geometry": {
        "type": "Point",
        "coordinates": [
          -70.053513,
          -38.898579
        ]
      }
    },
    {
      "type": "Feature",
      "properties": {
        "nombrevulgar": "Olmo siberiano",
        "nombrecientifico": "Ulmus pumila",
        "magnitud": 2,
        "tipo": "Latifoliada",
        "follaje": "Caduco",
        "lon": -70.053549,
        "lat": -38.898543,
        "imagen": "ULMUS PUMILA.gif\n",
        "url_ficha": "https://www.arbolesurbanos.com.ar/ulmus-pumila-olmo-siberiano/",
        "thumbnail": "/thumbnails/ulmus-pumilia.jpg"
      },
      "geometry": {
        "type": "Point",
        "coordinates": [
          -70.053549,
          -38.898543
        ]
      }
    },
    {
      "type": "Feature",
      "properties": {
        "nombrevulgar": "Olmo siberiano",
        "nombrecientifico": "Ulmus pumila",
        "magnitud": 2,
        "tipo": "Latifoliada",
        "follaje": "Caduco",
        "lon": -70.053512,
        "lat": -38.898578,
        "imagen": "ULMUS PUMILA.gif\n",
        "url_ficha": "https://www.arbolesurbanos.com.ar/ulmus-pumila-olmo-siberiano/",
        "thumbnail": "/thumbnails/ulmus-pumilia.jpg"
      },
      "geometry": {
        "type": "Point",
        "coordinates": [
          -70.053512,
          -38.898578
        ]
      }
    },
    {
      "type": "Feature",
      "properties": {
        "nombrevulgar": "Olmo siberiano",
        "nombrecientifico": "Ulmus pumila",
        "magnitud": 2,
        "tipo": "Latifoliada",
        "follaje": "Caduco",
        "lon": -70.053612,
        "lat": -38.898453,
        "imagen": "ULMUS PUMILA.gif\n",
        "url_ficha": "https://www.arbolesurbanos.com.ar/ulmus-pumila-olmo-siberiano/",
        "thumbnail": "/thumbnails/ulmus-pumilia.jpg"
      },
      "geometry": {
        "type": "Point",
        "coordinates": [
          -70.053612,
          -38.898453
        ]
      }
    },
    {
      "type": "Feature",
      "properties": {
        "nombrevulgar": "Acacia blanca",
        "nombrecientifico": "Robinia pseudoacacia",
        "magnitud": 2,
        "tipo": "Latifoliada",
        "follaje": "Caduco",
        "lon": -70.05365,
        "lat": -38.898507,
        "imagen": "ROBINIA PSEUDOACACIA.gif",
        "url_ficha": "https://www.arbolesurbanos.com.ar/robinia-pseudoacacia-acacia-blanca",
        "thumbnail": "/thumbnails/acacia-blanca.jpg"
      },
      "geometry": {
        "type": "Point",
        "coordinates": [
          -70.05365,
          -38.898507
        ]
      }
    },
    {
      "type": "Feature",
      "properties": {
        "nombrevulgar": "Olmo siberiano",
        "nombrecientifico": "Ulmus pumila",
        "magnitud": 2,
        "tipo": "Latifoliada",
        "follaje": "Caduco",
        "lon": -70.053636,
        "lat": -38.898522,
        "imagen": "ULMUS PUMILA.gif\n",
        "url_ficha": "https://www.arbolesurbanos.com.ar/ulmus-pumila-olmo-siberiano/",
        "thumbnail": "/thumbnails/ulmus-pumilia.jpg"
      },
      "geometry": {
        "type": "Point",
        "coordinates": [
          -70.053636,
          -38.898522
        ]
      }
    },
    {
      "type": "Feature",
      "properties": {
        "nombrevulgar": "Acacia blanca",
        "nombrecientifico": "Robinia pseudoacacia",
        "magnitud": 2,
        "tipo": "Latifoliada",
        "follaje": "Caduco",
        "lon": -70.053592,
        "lat": -38.898471,
        "imagen": "ROBINIA PSEUDOACACIA.gif",
        "url_ficha": "https://www.arbolesurbanos.com.ar/robinia-pseudoacacia-acacia-blanca",
        "thumbnail": "/thumbnails/acacia-blanca.jpg"
      },
      "geometry": {
        "type": "Point",
        "coordinates": [
          -70.053592,
          -38.898471
        ]
      }
    },
    {
      "type": "Feature",
      "properties": {
        "nombrevulgar": "Alamo negro",
        "nombrecientifico": "Populus nigra",
        "magnitud": 1,
        "tipo": "Latifoliada",
        "follaje": "Caduco",
        "lon": -70.053648,
        "lat": -38.89839,
        "imagen": "POPULUS NIGRA CV ITALICA.gif",
        "url_ficha": "https://www.arbolesurbanos.com.ar/populus-nigra-alamo-criollo/",
        "thumbnail": "/thumbnails/populus-nigra.jpg"
      },
      "geometry": {
        "type": "Point",
        "coordinates": [
          -70.053648,
          -38.89839
        ]
      }
    },
    {
      "type": "Feature",
      "properties": {
        "nombrevulgar": "Alamo negro",
        "nombrecientifico": "Populus nigra",
        "magnitud": 1,
        "tipo": "Latifoliada",
        "follaje": "Caduco",
        "lon": -70.052975,
        "lat": -38.898155,
        "imagen": "POPULUS NIGRA CV ITALICA.gif",
        "url_ficha": "https://www.arbolesurbanos.com.ar/populus-nigra-alamo-criollo/",
        "thumbnail": "/thumbnails/populus-nigra.jpg"
      },
      "geometry": {
        "type": "Point",
        "coordinates": [
          -70.052975,
          -38.898155
        ]
      }
    },
    {
      "type": "Feature",
      "properties": {
        "nombrevulgar": "Olmo siberiano",
        "nombrecientifico": "Ulmus pumila",
        "magnitud": 2,
        "tipo": "Latifoliada",
        "follaje": "Caduco",
        "lon": -70.053096,
        "lat": -38.898188,
        "imagen": "ULMUS PUMILA.gif\n",
        "url_ficha": "https://www.arbolesurbanos.com.ar/ulmus-pumila-olmo-siberiano/",
        "thumbnail": "/thumbnails/ulmus-pumilia.jpg"
      },
      "geometry": {
        "type": "Point",
        "coordinates": [
          -70.053096,
          -38.898188
        ]
      }
    },
    {
      "type": "Feature",
      "properties": {
        "nombrevulgar": "Olmo siberiano",
        "nombrecientifico": "Ulmus pumila",
        "magnitud": 2,
        "tipo": "Latifoliada",
        "follaje": "Caduco",
        "lon": -70.053184,
        "lat": -38.898207,
        "imagen": "ULMUS PUMILA.gif\n",
        "url_ficha": "https://www.arbolesurbanos.com.ar/ulmus-pumila-olmo-siberiano/",
        "thumbnail": "/thumbnails/ulmus-pumilia.jpg"
      },
      "geometry": {
        "type": "Point",
        "coordinates": [
          -70.053184,
          -38.898207
        ]
      }
    },
    {
      "type": "Feature",
      "properties": {
        "nombrevulgar": "Alamo negro",
        "nombrecientifico": "Populus nigra",
        "magnitud": 1,
        "tipo": "Latifoliada",
        "follaje": "Caduco",
        "lon": -70.053275,
        "lat": -38.898209,
        "imagen": "POPULUS NIGRA CV ITALICA.gif",
        "url_ficha": "https://www.arbolesurbanos.com.ar/populus-nigra-alamo-criollo/",
        "thumbnail": "/thumbnails/populus-nigra.jpg"
      },
      "geometry": {
        "type": "Point",
        "coordinates": [
          -70.053275,
          -38.898209
        ]
      }
    },
    {
      "type": "Feature",
      "properties": {
        "nombrevulgar": "Alamo negro",
        "nombrecientifico": "Populus nigra",
        "magnitud": 1,
        "tipo": "Latifoliada",
        "follaje": "Caduco",
        "lon": -70.053369,
        "lat": -38.898199,
        "imagen": "POPULUS NIGRA CV ITALICA.gif",
        "url_ficha": "https://www.arbolesurbanos.com.ar/populus-nigra-alamo-criollo/",
        "thumbnail": "/thumbnails/populus-nigra.jpg"
      },
      "geometry": {
        "type": "Point",
        "coordinates": [
          -70.053369,
          -38.898199
        ]
      }
    },
    {
      "type": "Feature",
      "properties": {
        "nombrevulgar": "Olmo siberiano",
        "nombrecientifico": "Ulmus pumila",
        "magnitud": 2,
        "tipo": "Latifoliada",
        "follaje": "Caduco",
        "lon": -70.053348,
        "lat": -38.898325,
        "imagen": "ULMUS PUMILA.gif\n",
        "url_ficha": "https://www.arbolesurbanos.com.ar/ulmus-pumila-olmo-siberiano/",
        "thumbnail": "/thumbnails/ulmus-pumilia.jpg"
      },
      "geometry": {
        "type": "Point",
        "coordinates": [
          -70.053348,
          -38.898325
        ]
      }
    },
    {
      "type": "Feature",
      "properties": {
        "nombrevulgar": "Olmo siberiano",
        "nombrecientifico": "Ulmus pumila",
        "magnitud": 2,
        "tipo": "Latifoliada",
        "follaje": "Caduco",
        "lon": -70.053308,
        "lat": -38.898389,
        "imagen": "ULMUS PUMILA.gif\n",
        "url_ficha": "https://www.arbolesurbanos.com.ar/ulmus-pumila-olmo-siberiano/",
        "thumbnail": "/thumbnails/ulmus-pumilia.jpg"
      },
      "geometry": {
        "type": "Point",
        "coordinates": [
          -70.053308,
          -38.898389
        ]
      }
    },
    {
      "type": "Feature",
      "properties": {
        "nombrevulgar": "Picea del colorado",
        "nombrecientifico": "Picea pungens",
        "magnitud": 2,
        "tipo": "Conífera",
        "follaje": "Perenne",
        "lon": -70.053156,
        "lat": -38.89844,
        "imagen": "PICEA PUNGENS.gif\n",
        "url_ficha": "https://www.arbolesurbanos.com.ar/picea-pungens-picea-del-colorado/",
        "thumbnail": "/thumbnails/picea-pungens.jpg"
      },
      "geometry": {
        "type": "Point",
        "coordinates": [
          -70.053156,
          -38.89844
        ]
      }
    },
    {
      "type": "Feature",
      "properties": {
        "nombrevulgar": "Olmo siberiano",
        "nombrecientifico": "Ulmus pumila",
        "magnitud": 2,
        "tipo": "Latifoliada",
        "follaje": "Caduco",
        "lon": -70.053065,
        "lat": -38.898445,
        "imagen": "ULMUS PUMILA.gif\n",
        "url_ficha": "https://www.arbolesurbanos.com.ar/ulmus-pumila-olmo-siberiano/",
        "thumbnail": "/thumbnails/ulmus-pumilia.jpg"
      },
      "geometry": {
        "type": "Point",
        "coordinates": [
          -70.053065,
          -38.898445
        ]
      }
    },
    {
      "type": "Feature",
      "properties": {
        "nombrevulgar": "Olmo siberiano",
        "nombrecientifico": "Ulmus pumila",
        "magnitud": 2,
        "tipo": "Latifoliada",
        "follaje": "Caduco",
        "lon": -70.053056,
        "lat": -38.898346,
        "imagen": "ULMUS PUMILA.gif\n",
        "url_ficha": "https://www.arbolesurbanos.com.ar/ulmus-pumila-olmo-siberiano/",
        "thumbnail": "/thumbnails/ulmus-pumilia.jpg"
      },
      "geometry": {
        "type": "Point",
        "coordinates": [
          -70.053056,
          -38.898346
        ]
      }
    },
    {
      "type": "Feature",
      "properties": {
        "nombrevulgar": "Fresno blanco",
        "nombrecientifico": "Fraxinus americana",
        "magnitud": 1,
        "tipo": "Latifoliada",
        "follaje": "Caduco",
        "lon": -70.053373,
        "lat": -38.898379,
        "imagen": "FRAXINUS AMERICANA.gif\n",
        "url_ficha": "https://www.arbolesurbanos.com.ar/fraxinus-americana-fresno-blanco/",
        "thumbnail": "/thumbnails/fresno-americano.jpg"
      },
      "geometry": {
        "type": "Point",
        "coordinates": [
          -70.053373,
          -38.898379
        ]
      }
    },
    {
      "type": "Feature",
      "properties": {
        "nombrevulgar": "Acacia blanca",
        "nombrecientifico": "Robinia pseudoacacia",
        "magnitud": 2,
        "tipo": "Latifoliada",
        "follaje": "Caduco",
        "lon": -70.053564,
        "lat": -38.898353,
        "imagen": "ROBINIA PSEUDOACACIA.gif",
        "url_ficha": "https://www.arbolesurbanos.com.ar/robinia-pseudoacacia-acacia-blanca",
        "thumbnail": "/thumbnails/acacia-blanca.jpg"
      },
      "geometry": {
        "type": "Point",
        "coordinates": [
          -70.053564,
          -38.898353
        ]
      }
    },
    {
      "type": "Feature",
      "properties": {
        "nombrevulgar": "Fresno blanco",
        "nombrecientifico": "Fraxinus americana",
        "magnitud": 1,
        "tipo": "Latifoliada",
        "follaje": "Caduco",
        "lon": -70.053549,
        "lat": -38.898425,
        "imagen": "FRAXINUS AMERICANA.gif\n",
        "url_ficha": "https://www.arbolesurbanos.com.ar/fraxinus-americana-fresno-blanco/",
        "thumbnail": "/thumbnails/fresno-americano.jpg"
      },
      "geometry": {
        "type": "Point",
        "coordinates": [
          -70.053549,
          -38.898425
        ]
      }
    },
    {
      "type": "Feature",
      "properties": {
        "nombrevulgar": "Olmo siberiano",
        "nombrecientifico": "Ulmus pumila",
        "magnitud": 2,
        "tipo": "Latifoliada",
        "follaje": "Caduco",
        "lon": -70.053398,
        "lat": -38.898347,
        "imagen": "ULMUS PUMILA.gif\n",
        "url_ficha": "https://www.arbolesurbanos.com.ar/ulmus-pumila-olmo-siberiano/",
        "thumbnail": "/thumbnails/ulmus-pumilia.jpg"
      },
      "geometry": {
        "type": "Point",
        "coordinates": [
          -70.053398,
          -38.898347
        ]
      }
    },
    {
      "type": "Feature",
      "properties": {
        "nombrevulgar": "Olmo siberiano",
        "nombrecientifico": "Ulmus pumila",
        "magnitud": 2,
        "tipo": "Latifoliada",
        "follaje": "Caduco",
        "lon": -70.053455,
        "lat": -38.898314,
        "imagen": "ULMUS PUMILA.gif\n",
        "url_ficha": "https://www.arbolesurbanos.com.ar/ulmus-pumila-olmo-siberiano/",
        "thumbnail": "/thumbnails/ulmus-pumilia.jpg"
      },
      "geometry": {
        "type": "Point",
        "coordinates": [
          -70.053455,
          -38.898314
        ]
      }
    },
    {
      "type": "Feature",
      "properties": {
        "nombrevulgar": "Olmo siberiano",
        "nombrecientifico": "Ulmus pumila",
        "magnitud": 2,
        "tipo": "Latifoliada",
        "follaje": "Caduco",
        "lon": -70.053538,
        "lat": -38.898301,
        "imagen": "ULMUS PUMILA.gif\n",
        "url_ficha": "https://www.arbolesurbanos.com.ar/ulmus-pumila-olmo-siberiano/",
        "thumbnail": "/thumbnails/ulmus-pumilia.jpg"
      },
      "geometry": {
        "type": "Point",
        "coordinates": [
          -70.053538,
          -38.898301
        ]
      }
    },
    {
      "type": "Feature",
      "properties": {
        "nombrevulgar": "Acacia blanca",
        "nombrecientifico": "Robinia pseudoacacia",
        "magnitud": 2,
        "tipo": "Latifoliada",
        "follaje": "Caduco",
        "lon": -70.053429,
        "lat": -38.898288,
        "imagen": "ROBINIA PSEUDOACACIA.gif",
        "url_ficha": "https://www.arbolesurbanos.com.ar/robinia-pseudoacacia-acacia-blanca",
        "thumbnail": "/thumbnails/acacia-blanca.jpg"
      },
      "geometry": {
        "type": "Point",
        "coordinates": [
          -70.053429,
          -38.898288
        ]
      }
    },
    {
      "type": "Feature",
      "properties": {
        "nombrevulgar": "Fresno blanco",
        "nombrecientifico": "Fraxinus americana",
        "magnitud": 1,
        "tipo": "Latifoliada",
        "follaje": "Caduco",
        "lon": -70.053554,
        "lat": -38.898398,
        "imagen": "FRAXINUS AMERICANA.gif\n",
        "url_ficha": "https://www.arbolesurbanos.com.ar/fraxinus-americana-fresno-blanco/",
        "thumbnail": "/thumbnails/fresno-americano.jpg"
      },
      "geometry": {
        "type": "Point",
        "coordinates": [
          -70.053554,
          -38.898398
        ]
      }
    },
    {
      "type": "Feature",
      "properties": {
        "nombrevulgar": "Alamo negro",
        "nombrecientifico": "Populus nigra",
        "magnitud": 1,
        "tipo": "Latifoliada",
        "follaje": "Caduco",
        "lon": -70.053453,
        "lat": -38.898357,
        "imagen": "POPULUS NIGRA CV ITALICA.gif",
        "url_ficha": "https://www.arbolesurbanos.com.ar/populus-nigra-alamo-criollo/",
        "thumbnail": "/thumbnails/populus-nigra.jpg"
      },
      "geometry": {
        "type": "Point",
        "coordinates": [
          -70.053453,
          -38.898357
        ]
      }
    },
    {
      "type": "Feature",
      "properties": {
        "nombrevulgar": "Fresno blanco",
        "nombrecientifico": "Fraxinus americana",
        "magnitud": 1,
        "tipo": "Latifoliada",
        "follaje": "Caduco",
        "lon": -70.053546,
        "lat": -38.89837,
        "imagen": "FRAXINUS AMERICANA.gif\n",
        "url_ficha": "https://www.arbolesurbanos.com.ar/fraxinus-americana-fresno-blanco/",
        "thumbnail": "/thumbnails/fresno-americano.jpg"
      },
      "geometry": {
        "type": "Point",
        "coordinates": [
          -70.053546,
          -38.89837
        ]
      }
    },
    {
      "type": "Feature",
      "properties": {
        "nombrevulgar": "Alamo negro",
        "nombrecientifico": "Populus nigra",
        "magnitud": 1,
        "tipo": "Latifoliada",
        "follaje": "Caduco",
        "lon": -70.053207,
        "lat": -38.898373,
        "imagen": "POPULUS NIGRA CV ITALICA.gif",
        "url_ficha": "https://www.arbolesurbanos.com.ar/populus-nigra-alamo-criollo/",
        "thumbnail": "/thumbnails/populus-nigra.jpg"
      },
      "geometry": {
        "type": "Point",
        "coordinates": [
          -70.053207,
          -38.898373
        ]
      }
    },
    {
      "type": "Feature",
      "properties": {
        "nombrevulgar": "Olmo siberiano",
        "nombrecientifico": "Ulmus pumila",
        "magnitud": 2,
        "tipo": "Latifoliada",
        "follaje": "Caduco",
        "lon": -70.053345,
        "lat": -38.898411,
        "imagen": "ULMUS PUMILA.gif\n",
        "url_ficha": "https://www.arbolesurbanos.com.ar/ulmus-pumila-olmo-siberiano/",
        "thumbnail": "/thumbnails/ulmus-pumilia.jpg"
      },
      "geometry": {
        "type": "Point",
        "coordinates": [
          -70.053345,
          -38.898411
        ]
      }
    },
    {
      "type": "Feature",
      "properties": {
        "nombrevulgar": "Olmo siberiano",
        "nombrecientifico": "Ulmus pumila",
        "magnitud": 2,
        "tipo": "Latifoliada",
        "follaje": "Caduco",
        "lon": -70.053039,
        "lat": -38.89828,
        "imagen": "ULMUS PUMILA.gif\n",
        "url_ficha": "https://www.arbolesurbanos.com.ar/ulmus-pumila-olmo-siberiano/",
        "thumbnail": "/thumbnails/ulmus-pumilia.jpg"
      },
      "geometry": {
        "type": "Point",
        "coordinates": [
          -70.053039,
          -38.89828
        ]
      }
    },
    {
      "type": "Feature",
      "properties": {
        "nombrevulgar": "Fresno blanco",
        "nombrecientifico": "Fraxinus americana",
        "magnitud": 1,
        "tipo": "Latifoliada",
        "follaje": "Caduco",
        "lon": -70.053337,
        "lat": -38.898425,
        "imagen": "FRAXINUS AMERICANA.gif\n",
        "url_ficha": "https://www.arbolesurbanos.com.ar/fraxinus-americana-fresno-blanco/",
        "thumbnail": "/thumbnails/fresno-americano.jpg"
      },
      "geometry": {
        "type": "Point",
        "coordinates": [
          -70.053337,
          -38.898425
        ]
      }
    },
    {
      "type": "Feature",
      "properties": {
        "nombrevulgar": "Olmo siberiano",
        "nombrecientifico": "Ulmus pumila",
        "magnitud": 2,
        "tipo": "Latifoliada",
        "follaje": "Caduco",
        "lon": -70.053303,
        "lat": -38.898448,
        "imagen": "ULMUS PUMILA.gif\n",
        "url_ficha": "https://www.arbolesurbanos.com.ar/ulmus-pumila-olmo-siberiano/",
        "thumbnail": "/thumbnails/ulmus-pumilia.jpg"
      },
      "geometry": {
        "type": "Point",
        "coordinates": [
          -70.053303,
          -38.898448
        ]
      }
    },
    {
      "type": "Feature",
      "properties": {
        "nombrevulgar": "Alamo negro",
        "nombrecientifico": "Populus nigra",
        "magnitud": 1,
        "tipo": "Latifoliada",
        "follaje": "Caduco",
        "lon": -70.053352,
        "lat": -38.898412,
        "imagen": "POPULUS NIGRA CV ITALICA.gif",
        "url_ficha": "https://www.arbolesurbanos.com.ar/populus-nigra-alamo-criollo/",
        "thumbnail": "/thumbnails/populus-nigra.jpg"
      },
      "geometry": {
        "type": "Point",
        "coordinates": [
          -70.053352,
          -38.898412
        ]
      }
    },
    {
      "type": "Feature",
      "properties": {
        "nombrevulgar": "Alamo negro",
        "nombrecientifico": "Populus nigra",
        "magnitud": 1,
        "tipo": "Latifoliada",
        "follaje": "Caduco",
        "lon": -70.053065,
        "lat": -38.898383,
        "imagen": "POPULUS NIGRA CV ITALICA.gif",
        "url_ficha": "https://www.arbolesurbanos.com.ar/populus-nigra-alamo-criollo/",
        "thumbnail": "/thumbnails/populus-nigra.jpg"
      },
      "geometry": {
        "type": "Point",
        "coordinates": [
          -70.053065,
          -38.898383
        ]
      }
    },
    {
      "type": "Feature",
      "properties": {
        "nombrevulgar": "Olmo siberiano",
        "nombrecientifico": "Ulmus pumila",
        "magnitud": 2,
        "tipo": "Latifoliada",
        "follaje": "Caduco",
        "lon": -70.053286,
        "lat": -38.898416,
        "imagen": "ULMUS PUMILA.gif\n",
        "url_ficha": "https://www.arbolesurbanos.com.ar/ulmus-pumila-olmo-siberiano/",
        "thumbnail": "/thumbnails/ulmus-pumilia.jpg"
      },
      "geometry": {
        "type": "Point",
        "coordinates": [
          -70.053286,
          -38.898416
        ]
      }
    },
    {
      "type": "Feature",
      "properties": {
        "nombrevulgar": "Acacia blanca",
        "nombrecientifico": "Robinia pseudoacacia",
        "magnitud": 2,
        "tipo": "Latifoliada",
        "follaje": "Caduco",
        "lon": -70.053169,
        "lat": -38.89832,
        "imagen": "ROBINIA PSEUDOACACIA.gif",
        "url_ficha": "https://www.arbolesurbanos.com.ar/robinia-pseudoacacia-acacia-blanca",
        "thumbnail": "/thumbnails/acacia-blanca.jpg"
      },
      "geometry": {
        "type": "Point",
        "coordinates": [
          -70.053169,
          -38.89832
        ]
      }
    },
    {
      "type": "Feature",
      "properties": {
        "nombrevulgar": "Acacia blanca",
        "nombrecientifico": "Robinia pseudoacacia",
        "magnitud": 2,
        "tipo": "Latifoliada",
        "follaje": "Caduco",
        "lon": -70.053095,
        "lat": -38.898334,
        "imagen": "ROBINIA PSEUDOACACIA.gif",
        "url_ficha": "https://www.arbolesurbanos.com.ar/robinia-pseudoacacia-acacia-blanca",
        "thumbnail": "/thumbnails/acacia-blanca.jpg"
      },
      "geometry": {
        "type": "Point",
        "coordinates": [
          -70.053095,
          -38.898334
        ]
      }
    },
    {
      "type": "Feature",
      "properties": {
        "nombrevulgar": "Alamo negro",
        "nombrecientifico": "Populus nigra",
        "magnitud": 1,
        "tipo": "Latifoliada",
        "follaje": "Caduco",
        "lon": -70.053287,
        "lat": -38.898364,
        "imagen": "POPULUS NIGRA CV ITALICA.gif",
        "url_ficha": "https://www.arbolesurbanos.com.ar/populus-nigra-alamo-criollo/",
        "thumbnail": "/thumbnails/populus-nigra.jpg"
      },
      "geometry": {
        "type": "Point",
        "coordinates": [
          -70.053287,
          -38.898364
        ]
      }
    },
    {
      "type": "Feature",
      "properties": {
        "nombrevulgar": "Alamo negro",
        "nombrecientifico": "Populus nigra",
        "magnitud": 1,
        "tipo": "Latifoliada",
        "follaje": "Caduco",
        "lon": -70.053352,
        "lat": -38.898237,
        "imagen": "POPULUS NIGRA CV ITALICA.gif",
        "url_ficha": "https://www.arbolesurbanos.com.ar/populus-nigra-alamo-criollo/",
        "thumbnail": "/thumbnails/populus-nigra.jpg"
      },
      "geometry": {
        "type": "Point",
        "coordinates": [
          -70.053352,
          -38.898237
        ]
      }
    },
    {
      "type": "Feature",
      "properties": {
        "nombrevulgar": "Olmo siberiano",
        "nombrecientifico": "Ulmus pumila",
        "magnitud": 2,
        "tipo": "Latifoliada",
        "follaje": "Caduco",
        "lon": -70.05338,
        "lat": -38.898286,
        "imagen": "ULMUS PUMILA.gif\n",
        "url_ficha": "https://www.arbolesurbanos.com.ar/ulmus-pumila-olmo-siberiano/",
        "thumbnail": "/thumbnails/ulmus-pumilia.jpg"
      },
      "geometry": {
        "type": "Point",
        "coordinates": [
          -70.05338,
          -38.898286
        ]
      }
    },
    {
      "type": "Feature",
      "properties": {
        "nombrevulgar": "Alamo negro",
        "nombrecientifico": "Populus nigra",
        "magnitud": 1,
        "tipo": "Latifoliada",
        "follaje": "Caduco",
        "lon": -70.053288,
        "lat": -38.898227,
        "imagen": "POPULUS NIGRA CV ITALICA.gif",
        "url_ficha": "https://www.arbolesurbanos.com.ar/populus-nigra-alamo-criollo/",
        "thumbnail": "/thumbnails/populus-nigra.jpg"
      },
      "geometry": {
        "type": "Point",
        "coordinates": [
          -70.053288,
          -38.898227
        ]
      }
    },
    {
      "type": "Feature",
      "properties": {
        "nombrevulgar": "Olmo siberiano",
        "nombrecientifico": "Ulmus pumila",
        "magnitud": 2,
        "tipo": "Latifoliada",
        "follaje": "Caduco",
        "lon": -70.053321,
        "lat": -38.898234,
        "imagen": "ULMUS PUMILA.gif\n",
        "url_ficha": "https://www.arbolesurbanos.com.ar/ulmus-pumila-olmo-siberiano/",
        "thumbnail": "/thumbnails/ulmus-pumilia.jpg"
      },
      "geometry": {
        "type": "Point",
        "coordinates": [
          -70.053321,
          -38.898234
        ]
      }
    },
    {
      "type": "Feature",
      "properties": {
        "nombrevulgar": "Olmo siberiano",
        "nombrecientifico": "Ulmus pumila",
        "magnitud": 2,
        "tipo": "Latifoliada",
        "follaje": "Caduco",
        "lon": -70.053012,
        "lat": -38.898184,
        "imagen": "ULMUS PUMILA.gif\n",
        "url_ficha": "https://www.arbolesurbanos.com.ar/ulmus-pumila-olmo-siberiano/",
        "thumbnail": "/thumbnails/ulmus-pumilia.jpg"
      },
      "geometry": {
        "type": "Point",
        "coordinates": [
          -70.053012,
          -38.898184
        ]
      }
    },
    {
      "type": "Feature",
      "properties": {
        "nombrevulgar": "Olmo siberiano",
        "nombrecientifico": "Ulmus pumila",
        "magnitud": 2,
        "tipo": "Latifoliada",
        "follaje": "Caduco",
        "lon": -70.053061,
        "lat": -38.898235,
        "imagen": "ULMUS PUMILA.gif\n",
        "url_ficha": "https://www.arbolesurbanos.com.ar/ulmus-pumila-olmo-siberiano/",
        "thumbnail": "/thumbnails/ulmus-pumilia.jpg"
      },
      "geometry": {
        "type": "Point",
        "coordinates": [
          -70.053061,
          -38.898235
        ]
      }
    },
    {
      "type": "Feature",
      "properties": {
        "nombrevulgar": "Olmo siberiano",
        "nombrecientifico": "Ulmus pumila",
        "magnitud": 2,
        "tipo": "Latifoliada",
        "follaje": "Caduco",
        "lon": -70.05326,
        "lat": -38.898227,
        "imagen": "ULMUS PUMILA.gif\n",
        "url_ficha": "https://www.arbolesurbanos.com.ar/ulmus-pumila-olmo-siberiano/",
        "thumbnail": "/thumbnails/ulmus-pumilia.jpg"
      },
      "geometry": {
        "type": "Point",
        "coordinates": [
          -70.05326,
          -38.898227
        ]
      }
    },
    {
      "type": "Feature",
      "properties": {
        "nombrevulgar": "Alamo negro",
        "nombrecientifico": "Populus nigra",
        "magnitud": 1,
        "tipo": "Latifoliada",
        "follaje": "Caduco",
        "lon": -70.05301,
        "lat": -38.898212,
        "imagen": "POPULUS NIGRA CV ITALICA.gif",
        "url_ficha": "https://www.arbolesurbanos.com.ar/populus-nigra-alamo-criollo/",
        "thumbnail": "/thumbnails/populus-nigra.jpg"
      },
      "geometry": {
        "type": "Point",
        "coordinates": [
          -70.05301,
          -38.898212
        ]
      }
    },
    {
      "type": "Feature",
      "properties": {
        "nombrevulgar": "Olmo siberiano",
        "nombrecientifico": "Ulmus pumila",
        "magnitud": 2,
        "tipo": "Latifoliada",
        "follaje": "Caduco",
        "lon": -70.052987,
        "lat": -38.898263,
        "imagen": "ULMUS PUMILA.gif\n",
        "url_ficha": "https://www.arbolesurbanos.com.ar/ulmus-pumila-olmo-siberiano/",
        "thumbnail": "/thumbnails/ulmus-pumilia.jpg"
      },
      "geometry": {
        "type": "Point",
        "coordinates": [
          -70.052987,
          -38.898263
        ]
      }
    },
    {
      "type": "Feature",
      "properties": {
        "nombrevulgar": "Acacia blanca",
        "nombrecientifico": "Robinia pseudoacacia",
        "magnitud": 2,
        "tipo": "Latifoliada",
        "follaje": "Caduco",
        "lon": -70.053272,
        "lat": -38.898176,
        "imagen": "ROBINIA PSEUDOACACIA.gif",
        "url_ficha": "https://www.arbolesurbanos.com.ar/robinia-pseudoacacia-acacia-blanca",
        "thumbnail": "/thumbnails/acacia-blanca.jpg"
      },
      "geometry": {
        "type": "Point",
        "coordinates": [
          -70.053272,
          -38.898176
        ]
      }
    },
    {
      "type": "Feature",
      "properties": {
        "nombrevulgar": "Acacia blanca",
        "nombrecientifico": "Robinia pseudoacacia",
        "magnitud": 2,
        "tipo": "Latifoliada",
        "follaje": "Caduco",
        "lon": -70.052908,
        "lat": -38.898214,
        "imagen": "ROBINIA PSEUDOACACIA.gif",
        "url_ficha": "https://www.arbolesurbanos.com.ar/robinia-pseudoacacia-acacia-blanca",
        "thumbnail": "/thumbnails/acacia-blanca.jpg"
      },
      "geometry": {
        "type": "Point",
        "coordinates": [
          -70.052908,
          -38.898214
        ]
      }
    },
    {
      "type": "Feature",
      "properties": {
        "nombrevulgar": "Alamo negro",
        "nombrecientifico": "Populus nigra",
        "magnitud": 1,
        "tipo": "Latifoliada",
        "follaje": "Caduco",
        "lon": -70.052757,
        "lat": -38.89839,
        "imagen": "POPULUS NIGRA CV ITALICA.gif",
        "url_ficha": "https://www.arbolesurbanos.com.ar/populus-nigra-alamo-criollo/",
        "thumbnail": "/thumbnails/populus-nigra.jpg"
      },
      "geometry": {
        "type": "Point",
        "coordinates": [
          -70.052757,
          -38.89839
        ]
      }
    },
    {
      "type": "Feature",
      "properties": {
        "nombrevulgar": "Alamo negro",
        "nombrecientifico": "Populus nigra",
        "magnitud": 1,
        "tipo": "Latifoliada",
        "follaje": "Caduco",
        "lon": -70.052699,
        "lat": -38.898351,
        "imagen": "POPULUS NIGRA CV ITALICA.gif",
        "url_ficha": "https://www.arbolesurbanos.com.ar/populus-nigra-alamo-criollo/",
        "thumbnail": "/thumbnails/populus-nigra.jpg"
      },
      "geometry": {
        "type": "Point",
        "coordinates": [
          -70.052699,
          -38.898351
        ]
      }
    },
    {
      "type": "Feature",
      "properties": {
        "nombrevulgar": "Alamo negro",
        "nombrecientifico": "Populus nigra",
        "magnitud": 1,
        "tipo": "Latifoliada",
        "follaje": "Caduco",
        "lon": -70.05284,
        "lat": -38.898443,
        "imagen": "POPULUS NIGRA CV ITALICA.gif",
        "url_ficha": "https://www.arbolesurbanos.com.ar/populus-nigra-alamo-criollo/",
        "thumbnail": "/thumbnails/populus-nigra.jpg"
      },
      "geometry": {
        "type": "Point",
        "coordinates": [
          -70.05284,
          -38.898443
        ]
      }
    },
    {
      "type": "Feature",
      "properties": {
        "nombrevulgar": "Olmo siberiano",
        "nombrecientifico": "Ulmus pumila",
        "magnitud": 2,
        "tipo": "Latifoliada",
        "follaje": "Caduco",
        "lon": -70.052885,
        "lat": -38.89852,
        "imagen": "ULMUS PUMILA.gif\n",
        "url_ficha": "https://www.arbolesurbanos.com.ar/ulmus-pumila-olmo-siberiano/",
        "thumbnail": "/thumbnails/ulmus-pumilia.jpg"
      },
      "geometry": {
        "type": "Point",
        "coordinates": [
          -70.052885,
          -38.89852
        ]
      }
    },
    {
      "type": "Feature",
      "properties": {
        "nombrevulgar": "Acacia blanca",
        "nombrecientifico": "Robinia pseudoacacia",
        "magnitud": 2,
        "tipo": "Latifoliada",
        "follaje": "Caduco",
        "lon": -70.052785,
        "lat": -38.898457,
        "imagen": "ROBINIA PSEUDOACACIA.gif",
        "url_ficha": "https://www.arbolesurbanos.com.ar/robinia-pseudoacacia-acacia-blanca",
        "thumbnail": "/thumbnails/acacia-blanca.jpg"
      },
      "geometry": {
        "type": "Point",
        "coordinates": [
          -70.052785,
          -38.898457
        ]
      }
    },
    {
      "type": "Feature",
      "properties": {
        "nombrevulgar": "Acacia blanca",
        "nombrecientifico": "Robinia pseudoacacia",
        "magnitud": 2,
        "tipo": "Latifoliada",
        "follaje": "Caduco",
        "lon": -70.052777,
        "lat": -38.898373,
        "imagen": "ROBINIA PSEUDOACACIA.gif",
        "url_ficha": "https://www.arbolesurbanos.com.ar/robinia-pseudoacacia-acacia-blanca",
        "thumbnail": "/thumbnails/acacia-blanca.jpg"
      },
      "geometry": {
        "type": "Point",
        "coordinates": [
          -70.052777,
          -38.898373
        ]
      }
    },
    {
      "type": "Feature",
      "properties": {
        "nombrevulgar": "Alamo negro",
        "nombrecientifico": "Populus nigra",
        "magnitud": 1,
        "tipo": "Latifoliada",
        "follaje": "Caduco",
        "lon": -70.052997,
        "lat": -38.898272,
        "imagen": "POPULUS NIGRA CV ITALICA.gif",
        "url_ficha": "https://www.arbolesurbanos.com.ar/populus-nigra-alamo-criollo/",
        "thumbnail": "/thumbnails/populus-nigra.jpg"
      },
      "geometry": {
        "type": "Point",
        "coordinates": [
          -70.052997,
          -38.898272
        ]
      }
    },
    {
      "type": "Feature",
      "properties": {
        "nombrevulgar": "Olmo siberiano",
        "nombrecientifico": "Ulmus pumila",
        "magnitud": 2,
        "tipo": "Latifoliada",
        "follaje": "Caduco",
        "lon": -70.052863,
        "lat": -38.898475,
        "imagen": "ULMUS PUMILA.gif\n",
        "url_ficha": "https://www.arbolesurbanos.com.ar/ulmus-pumila-olmo-siberiano/",
        "thumbnail": "/thumbnails/ulmus-pumilia.jpg"
      },
      "geometry": {
        "type": "Point",
        "coordinates": [
          -70.052863,
          -38.898475
        ]
      }
    },
    {
      "type": "Feature",
      "properties": {
        "nombrevulgar": "Olmo siberiano",
        "nombrecientifico": "Ulmus pumila",
        "magnitud": 2,
        "tipo": "Latifoliada",
        "follaje": "Caduco",
        "lon": -70.052984,
        "lat": -38.898405,
        "imagen": "ULMUS PUMILA.gif\n",
        "url_ficha": "https://www.arbolesurbanos.com.ar/ulmus-pumila-olmo-siberiano/",
        "thumbnail": "/thumbnails/ulmus-pumilia.jpg"
      },
      "geometry": {
        "type": "Point",
        "coordinates": [
          -70.052984,
          -38.898405
        ]
      }
    },
    {
      "type": "Feature",
      "properties": {
        "nombrevulgar": "Olmo siberiano",
        "nombrecientifico": "Ulmus pumila",
        "magnitud": 2,
        "tipo": "Latifoliada",
        "follaje": "Caduco",
        "lon": -70.052952,
        "lat": -38.898349,
        "imagen": "ULMUS PUMILA.gif\n",
        "url_ficha": "https://www.arbolesurbanos.com.ar/ulmus-pumila-olmo-siberiano/",
        "thumbnail": "/thumbnails/ulmus-pumilia.jpg"
      },
      "geometry": {
        "type": "Point",
        "coordinates": [
          -70.052952,
          -38.898349
        ]
      }
    },
    {
      "type": "Feature",
      "properties": {
        "nombrevulgar": "Olmo siberiano",
        "nombrecientifico": "Ulmus pumila",
        "magnitud": 2,
        "tipo": "Latifoliada",
        "follaje": "Caduco",
        "lon": -70.052996,
        "lat": -38.898417,
        "imagen": "ULMUS PUMILA.gif\n",
        "url_ficha": "https://www.arbolesurbanos.com.ar/ulmus-pumila-olmo-siberiano/",
        "thumbnail": "/thumbnails/ulmus-pumilia.jpg"
      },
      "geometry": {
        "type": "Point",
        "coordinates": [
          -70.052996,
          -38.898417
        ]
      }
    },
    {
      "type": "Feature",
      "properties": {
        "nombrevulgar": "Olmo siberiano",
        "nombrecientifico": "Ulmus pumila",
        "magnitud": 2,
        "tipo": "Latifoliada",
        "follaje": "Caduco",
        "lon": -70.052993,
        "lat": -38.898339,
        "imagen": "ULMUS PUMILA.gif\n",
        "url_ficha": "https://www.arbolesurbanos.com.ar/ulmus-pumila-olmo-siberiano/",
        "thumbnail": "/thumbnails/ulmus-pumilia.jpg"
      },
      "geometry": {
        "type": "Point",
        "coordinates": [
          -70.052993,
          -38.898339
        ]
      }
    },
    {
      "type": "Feature",
      "properties": {
        "nombrevulgar": "Alamo negro",
        "nombrecientifico": "Populus nigra",
        "magnitud": 1,
        "tipo": "Latifoliada",
        "follaje": "Caduco",
        "lon": -70.05297,
        "lat": -38.898372,
        "imagen": "POPULUS NIGRA CV ITALICA.gif",
        "url_ficha": "https://www.arbolesurbanos.com.ar/populus-nigra-alamo-criollo/",
        "thumbnail": "/thumbnails/populus-nigra.jpg"
      },
      "geometry": {
        "type": "Point",
        "coordinates": [
          -70.05297,
          -38.898372
        ]
      }
    },
    {
      "type": "Feature",
      "properties": {
        "nombrevulgar": "Olmo siberiano",
        "nombrecientifico": "Ulmus pumila",
        "magnitud": 2,
        "tipo": "Latifoliada",
        "follaje": "Caduco",
        "lon": -70.052975,
        "lat": -38.898309,
        "imagen": "ULMUS PUMILA.gif\n",
        "url_ficha": "https://www.arbolesurbanos.com.ar/ulmus-pumila-olmo-siberiano/",
        "thumbnail": "/thumbnails/ulmus-pumilia.jpg"
      },
      "geometry": {
        "type": "Point",
        "coordinates": [
          -70.052975,
          -38.898309
        ]
      }
    },
    {
      "type": "Feature",
      "properties": {
        "nombrevulgar": "Olmo siberiano",
        "nombrecientifico": "Ulmus pumila",
        "magnitud": 2,
        "tipo": "Latifoliada",
        "follaje": "Caduco",
        "lon": -70.052746,
        "lat": -38.898486,
        "imagen": "ULMUS PUMILA.gif\n",
        "url_ficha": "https://www.arbolesurbanos.com.ar/ulmus-pumila-olmo-siberiano/",
        "thumbnail": "/thumbnails/ulmus-pumilia.jpg"
      },
      "geometry": {
        "type": "Point",
        "coordinates": [
          -70.052746,
          -38.898486
        ]
      }
    },
    {
      "type": "Feature",
      "properties": {
        "nombrevulgar": "Acacia blanca",
        "nombrecientifico": "Robinia pseudoacacia",
        "magnitud": 2,
        "tipo": "Latifoliada",
        "follaje": "Caduco",
        "lon": -70.052925,
        "lat": -38.898442,
        "imagen": "ROBINIA PSEUDOACACIA.gif",
        "url_ficha": "https://www.arbolesurbanos.com.ar/robinia-pseudoacacia-acacia-blanca",
        "thumbnail": "/thumbnails/acacia-blanca.jpg"
      },
      "geometry": {
        "type": "Point",
        "coordinates": [
          -70.052925,
          -38.898442
        ]
      }
    },
    {
      "type": "Feature",
      "properties": {
        "nombrevulgar": "Olmo siberiano",
        "nombrecientifico": "Ulmus pumila",
        "magnitud": 2,
        "tipo": "Latifoliada",
        "follaje": "Caduco",
        "lon": -70.052914,
        "lat": -38.898238,
        "imagen": "ULMUS PUMILA.gif\n",
        "url_ficha": "https://www.arbolesurbanos.com.ar/ulmus-pumila-olmo-siberiano/",
        "thumbnail": "/thumbnails/ulmus-pumilia.jpg"
      },
      "geometry": {
        "type": "Point",
        "coordinates": [
          -70.052914,
          -38.898238
        ]
      }
    },
    {
      "type": "Feature",
      "properties": {
        "nombrevulgar": "Picea del colorado",
        "nombrecientifico": "Picea pungens",
        "magnitud": 2,
        "tipo": "Conífera",
        "follaje": "Perenne",
        "lon": -70.052912,
        "lat": -38.898511,
        "imagen": "PICEA PUNGENS.gif\n",
        "url_ficha": "https://www.arbolesurbanos.com.ar/picea-pungens-picea-del-colorado/",
        "thumbnail": "/thumbnails/picea-pungens.jpg"
      },
      "geometry": {
        "type": "Point",
        "coordinates": [
          -70.052912,
          -38.898511
        ]
      }
    },
    {
      "type": "Feature",
      "properties": {
        "nombrevulgar": "Olmo siberiano",
        "nombrecientifico": "Ulmus pumila",
        "magnitud": 2,
        "tipo": "Latifoliada",
        "follaje": "Caduco",
        "lon": -70.052652,
        "lat": -38.898455,
        "imagen": "ULMUS PUMILA.gif\n",
        "url_ficha": "https://www.arbolesurbanos.com.ar/ulmus-pumila-olmo-siberiano/",
        "thumbnail": "/thumbnails/ulmus-pumilia.jpg"
      },
      "geometry": {
        "type": "Point",
        "coordinates": [
          -70.052652,
          -38.898455
        ]
      }
    },
    {
      "type": "Feature",
      "properties": {
        "nombrevulgar": "Olmo siberiano",
        "nombrecientifico": "Ulmus pumila",
        "magnitud": 2,
        "tipo": "Latifoliada",
        "follaje": "Caduco",
        "lon": -70.052674,
        "lat": -38.898464,
        "imagen": "ULMUS PUMILA.gif\n",
        "url_ficha": "https://www.arbolesurbanos.com.ar/ulmus-pumila-olmo-siberiano/",
        "thumbnail": "/thumbnails/ulmus-pumilia.jpg"
      },
      "geometry": {
        "type": "Point",
        "coordinates": [
          -70.052674,
          -38.898464
        ]
      }
    },
    {
      "type": "Feature",
      "properties": {
        "nombrevulgar": "Fresno blanco",
        "nombrecientifico": "Fraxinus americana",
        "magnitud": 1,
        "tipo": "Latifoliada",
        "follaje": "Caduco",
        "lon": -70.052871,
        "lat": -38.898487,
        "imagen": "FRAXINUS AMERICANA.gif\n",
        "url_ficha": "https://www.arbolesurbanos.com.ar/fraxinus-americana-fresno-blanco/",
        "thumbnail": "/thumbnails/fresno-americano.jpg"
      },
      "geometry": {
        "type": "Point",
        "coordinates": [
          -70.052871,
          -38.898487
        ]
      }
    },
    {
      "type": "Feature",
      "properties": {
        "nombrevulgar": "Olmo siberiano",
        "nombrecientifico": "Ulmus pumila",
        "magnitud": 2,
        "tipo": "Latifoliada",
        "follaje": "Caduco",
        "lon": -70.052661,
        "lat": -38.898378,
        "imagen": "ULMUS PUMILA.gif\n",
        "url_ficha": "https://www.arbolesurbanos.com.ar/ulmus-pumila-olmo-siberiano/",
        "thumbnail": "/thumbnails/ulmus-pumilia.jpg"
      },
      "geometry": {
        "type": "Point",
        "coordinates": [
          -70.052661,
          -38.898378
        ]
      }
    },
    {
      "type": "Feature",
      "properties": {
        "nombrevulgar": "Alamo negro",
        "nombrecientifico": "Populus nigra",
        "magnitud": 1,
        "tipo": "Latifoliada",
        "follaje": "Caduco",
        "lon": -70.052644,
        "lat": -38.898395,
        "imagen": "POPULUS NIGRA CV ITALICA.gif",
        "url_ficha": "https://www.arbolesurbanos.com.ar/populus-nigra-alamo-criollo/",
        "thumbnail": "/thumbnails/populus-nigra.jpg"
      },
      "geometry": {
        "type": "Point",
        "coordinates": [
          -70.052644,
          -38.898395
        ]
      }
    },
    {
      "type": "Feature",
      "properties": {
        "nombrevulgar": "Alamo negro",
        "nombrecientifico": "Populus nigra",
        "magnitud": 1,
        "tipo": "Latifoliada",
        "follaje": "Caduco",
        "lon": -70.05269,
        "lat": -38.898312,
        "imagen": "POPULUS NIGRA CV ITALICA.gif",
        "url_ficha": "https://www.arbolesurbanos.com.ar/populus-nigra-alamo-criollo/",
        "thumbnail": "/thumbnails/populus-nigra.jpg"
      },
      "geometry": {
        "type": "Point",
        "coordinates": [
          -70.05269,
          -38.898312
        ]
      }
    },
    {
      "type": "Feature",
      "properties": {
        "nombrevulgar": "Olmo siberiano",
        "nombrecientifico": "Ulmus pumila",
        "magnitud": 2,
        "tipo": "Latifoliada",
        "follaje": "Caduco",
        "lon": -70.052675,
        "lat": -38.898369,
        "imagen": "ULMUS PUMILA.gif\n",
        "url_ficha": "https://www.arbolesurbanos.com.ar/ulmus-pumila-olmo-siberiano/",
        "thumbnail": "/thumbnails/ulmus-pumilia.jpg"
      },
      "geometry": {
        "type": "Point",
        "coordinates": [
          -70.052675,
          -38.898369
        ]
      }
    },
    {
      "type": "Feature",
      "properties": {
        "nombrevulgar": "Alamo negro",
        "nombrecientifico": "Populus nigra",
        "magnitud": 1,
        "tipo": "Latifoliada",
        "follaje": "Caduco",
        "lon": -70.052657,
        "lat": -38.898385,
        "imagen": "POPULUS NIGRA CV ITALICA.gif",
        "url_ficha": "https://www.arbolesurbanos.com.ar/populus-nigra-alamo-criollo/",
        "thumbnail": "/thumbnails/populus-nigra.jpg"
      },
      "geometry": {
        "type": "Point",
        "coordinates": [
          -70.052657,
          -38.898385
        ]
      }
    },
    {
      "type": "Feature",
      "properties": {
        "nombrevulgar": "Olmo siberiano",
        "nombrecientifico": "Ulmus pumila",
        "magnitud": 2,
        "tipo": "Latifoliada",
        "follaje": "Caduco",
        "lon": -70.05283,
        "lat": -38.898332,
        "imagen": "ULMUS PUMILA.gif\n",
        "url_ficha": "https://www.arbolesurbanos.com.ar/ulmus-pumila-olmo-siberiano/",
        "thumbnail": "/thumbnails/ulmus-pumilia.jpg"
      },
      "geometry": {
        "type": "Point",
        "coordinates": [
          -70.05283,
          -38.898332
        ]
      }
    },
    {
      "type": "Feature",
      "properties": {
        "nombrevulgar": "Alamo negro",
        "nombrecientifico": "Populus nigra",
        "magnitud": 1,
        "tipo": "Latifoliada",
        "follaje": "Caduco",
        "lon": -70.052776,
        "lat": -38.898321,
        "imagen": "POPULUS NIGRA CV ITALICA.gif",
        "url_ficha": "https://www.arbolesurbanos.com.ar/populus-nigra-alamo-criollo/",
        "thumbnail": "/thumbnails/populus-nigra.jpg"
      },
      "geometry": {
        "type": "Point",
        "coordinates": [
          -70.052776,
          -38.898321
        ]
      }
    },
    {
      "type": "Feature",
      "properties": {
        "nombrevulgar": "Olmo siberiano",
        "nombrecientifico": "Ulmus pumila",
        "magnitud": 2,
        "tipo": "Latifoliada",
        "follaje": "Caduco",
        "lon": -70.05276,
        "lat": -38.898265,
        "imagen": "ULMUS PUMILA.gif\n",
        "url_ficha": "https://www.arbolesurbanos.com.ar/ulmus-pumila-olmo-siberiano/",
        "thumbnail": "/thumbnails/ulmus-pumilia.jpg"
      },
      "geometry": {
        "type": "Point",
        "coordinates": [
          -70.05276,
          -38.898265
        ]
      }
    },
    {
      "type": "Feature",
      "properties": {
        "nombrevulgar": "Olmo siberiano",
        "nombrecientifico": "Ulmus pumila",
        "magnitud": 2,
        "tipo": "Latifoliada",
        "follaje": "Caduco",
        "lon": -70.052969,
        "lat": -38.898207,
        "imagen": "ULMUS PUMILA.gif\n",
        "url_ficha": "https://www.arbolesurbanos.com.ar/ulmus-pumila-olmo-siberiano/",
        "thumbnail": "/thumbnails/ulmus-pumilia.jpg"
      },
      "geometry": {
        "type": "Point",
        "coordinates": [
          -70.052969,
          -38.898207
        ]
      }
    },
    {
      "type": "Feature",
      "properties": {
        "nombrevulgar": "Alamo negro",
        "nombrecientifico": "Populus nigra",
        "magnitud": 1,
        "tipo": "Latifoliada",
        "follaje": "Caduco",
        "lon": -70.052832,
        "lat": -38.898306,
        "imagen": "POPULUS NIGRA CV ITALICA.gif",
        "url_ficha": "https://www.arbolesurbanos.com.ar/populus-nigra-alamo-criollo/",
        "thumbnail": "/thumbnails/populus-nigra.jpg"
      },
      "geometry": {
        "type": "Point",
        "coordinates": [
          -70.052832,
          -38.898306
        ]
      }
    },
    {
      "type": "Feature",
      "properties": {
        "nombrevulgar": "Alamo negro",
        "nombrecientifico": "Populus nigra",
        "magnitud": 1,
        "tipo": "Latifoliada",
        "follaje": "Caduco",
        "lon": -70.05265,
        "lat": -38.898394,
        "imagen": "POPULUS NIGRA CV ITALICA.gif",
        "url_ficha": "https://www.arbolesurbanos.com.ar/populus-nigra-alamo-criollo/",
        "thumbnail": "/thumbnails/populus-nigra.jpg"
      },
      "geometry": {
        "type": "Point",
        "coordinates": [
          -70.05265,
          -38.898394
        ]
      }
    },
    {
      "type": "Feature",
      "properties": {
        "nombrevulgar": "Alamo negro",
        "nombrecientifico": "Populus nigra",
        "magnitud": 1,
        "tipo": "Latifoliada",
        "follaje": "Caduco",
        "lon": -70.052703,
        "lat": -38.898311,
        "imagen": "POPULUS NIGRA CV ITALICA.gif",
        "url_ficha": "https://www.arbolesurbanos.com.ar/populus-nigra-alamo-criollo/",
        "thumbnail": "/thumbnails/populus-nigra.jpg"
      },
      "geometry": {
        "type": "Point",
        "coordinates": [
          -70.052703,
          -38.898311
        ]
      }
    },
    {
      "type": "Feature",
      "properties": {
        "nombrevulgar": "Alamo negro",
        "nombrecientifico": "Populus nigra",
        "magnitud": 1,
        "tipo": "Latifoliada",
        "follaje": "Caduco",
        "lon": -70.052761,
        "lat": -38.898234,
        "imagen": "POPULUS NIGRA CV ITALICA.gif",
        "url_ficha": "https://www.arbolesurbanos.com.ar/populus-nigra-alamo-criollo/",
        "thumbnail": "/thumbnails/populus-nigra.jpg"
      },
      "geometry": {
        "type": "Point",
        "coordinates": [
          -70.052761,
          -38.898234
        ]
      }
    },
    {
      "type": "Feature",
      "properties": {
        "nombrevulgar": "Alamo negro",
        "nombrecientifico": "Populus nigra",
        "magnitud": 1,
        "tipo": "Latifoliada",
        "follaje": "Caduco",
        "lon": -70.052737,
        "lat": -38.898279,
        "imagen": "POPULUS NIGRA CV ITALICA.gif",
        "url_ficha": "https://www.arbolesurbanos.com.ar/populus-nigra-alamo-criollo/",
        "thumbnail": "/thumbnails/populus-nigra.jpg"
      },
      "geometry": {
        "type": "Point",
        "coordinates": [
          -70.052737,
          -38.898279
        ]
      }
    },
    {
      "type": "Feature",
      "properties": {
        "nombrevulgar": "Olmo siberiano",
        "nombrecientifico": "Ulmus pumila",
        "magnitud": 2,
        "tipo": "Latifoliada",
        "follaje": "Caduco",
        "lon": -70.052802,
        "lat": -38.898242,
        "imagen": "ULMUS PUMILA.gif\n",
        "url_ficha": "https://www.arbolesurbanos.com.ar/ulmus-pumila-olmo-siberiano/",
        "thumbnail": "/thumbnails/ulmus-pumilia.jpg"
      },
      "geometry": {
        "type": "Point",
        "coordinates": [
          -70.052802,
          -38.898242
        ]
      }
    },
    {
      "type": "Feature",
      "properties": {
        "nombrevulgar": "Alamo negro",
        "nombrecientifico": "Populus nigra",
        "magnitud": 1,
        "tipo": "Latifoliada",
        "follaje": "Caduco",
        "lon": -70.052614,
        "lat": -38.898352,
        "imagen": "POPULUS NIGRA CV ITALICA.gif",
        "url_ficha": "https://www.arbolesurbanos.com.ar/populus-nigra-alamo-criollo/",
        "thumbnail": "/thumbnails/populus-nigra.jpg"
      },
      "geometry": {
        "type": "Point",
        "coordinates": [
          -70.052614,
          -38.898352
        ]
      }
    },
    {
      "type": "Feature",
      "properties": {
        "nombrevulgar": "Alamo negro",
        "nombrecientifico": "Populus nigra",
        "magnitud": 1,
        "tipo": "Latifoliada",
        "follaje": "Caduco",
        "lon": -70.052685,
        "lat": -38.898306,
        "imagen": "POPULUS NIGRA CV ITALICA.gif",
        "url_ficha": "https://www.arbolesurbanos.com.ar/populus-nigra-alamo-criollo/",
        "thumbnail": "/thumbnails/populus-nigra.jpg"
      },
      "geometry": {
        "type": "Point",
        "coordinates": [
          -70.052685,
          -38.898306
        ]
      }
    },
    {
      "type": "Feature",
      "properties": {
        "nombrevulgar": "Olmo siberiano",
        "nombrecientifico": "Ulmus pumila",
        "magnitud": 2,
        "tipo": "Latifoliada",
        "follaje": "Caduco",
        "lon": -70.052875,
        "lat": -38.89856,
        "imagen": "ULMUS PUMILA.gif\n",
        "url_ficha": "https://www.arbolesurbanos.com.ar/ulmus-pumila-olmo-siberiano/",
        "thumbnail": "/thumbnails/ulmus-pumilia.jpg"
      },
      "geometry": {
        "type": "Point",
        "coordinates": [
          -70.052875,
          -38.89856
        ]
      }
    },
    {
      "type": "Feature",
      "properties": {
        "nombrevulgar": "Alamo negro",
        "nombrecientifico": "Populus nigra",
        "magnitud": 1,
        "tipo": "Latifoliada",
        "follaje": "Caduco",
        "lon": -70.052586,
        "lat": -38.898347,
        "imagen": "POPULUS NIGRA CV ITALICA.gif",
        "url_ficha": "https://www.arbolesurbanos.com.ar/populus-nigra-alamo-criollo/",
        "thumbnail": "/thumbnails/populus-nigra.jpg"
      },
      "geometry": {
        "type": "Point",
        "coordinates": [
          -70.052586,
          -38.898347
        ]
      }
    },
    {
      "type": "Feature",
      "properties": {
        "nombrevulgar": "Alamo negro",
        "nombrecientifico": "Populus nigra",
        "magnitud": 1,
        "tipo": "Latifoliada",
        "follaje": "Caduco",
        "lon": -70.052673,
        "lat": -38.898294,
        "imagen": "POPULUS NIGRA CV ITALICA.gif",
        "url_ficha": "https://www.arbolesurbanos.com.ar/populus-nigra-alamo-criollo/",
        "thumbnail": "/thumbnails/populus-nigra.jpg"
      },
      "geometry": {
        "type": "Point",
        "coordinates": [
          -70.052673,
          -38.898294
        ]
      }
    },
    {
      "type": "Feature",
      "properties": {
        "nombrevulgar": "Picea del colorado",
        "nombrecientifico": "Picea pungens",
        "magnitud": 2,
        "tipo": "Conífera",
        "follaje": "Perenne",
        "lon": -70.052594,
        "lat": -38.898616,
        "imagen": "PICEA PUNGENS.gif\n",
        "url_ficha": "https://www.arbolesurbanos.com.ar/picea-pungens-picea-del-colorado/",
        "thumbnail": "/thumbnails/picea-pungens.jpg"
      },
      "geometry": {
        "type": "Point",
        "coordinates": [
          -70.052594,
          -38.898616
        ]
      }
    },
    {
      "type": "Feature",
      "properties": {
        "nombrevulgar": "Acacia blanca",
        "nombrecientifico": "Robinia pseudoacacia",
        "magnitud": 2,
        "tipo": "Latifoliada",
        "follaje": "Caduco",
        "lon": -70.052777,
        "lat": -38.898544,
        "imagen": "ROBINIA PSEUDOACACIA.gif",
        "url_ficha": "https://www.arbolesurbanos.com.ar/robinia-pseudoacacia-acacia-blanca",
        "thumbnail": "/thumbnails/acacia-blanca.jpg"
      },
      "geometry": {
        "type": "Point",
        "coordinates": [
          -70.052777,
          -38.898544
        ]
      }
    },
    {
      "type": "Feature",
      "properties": {
        "nombrevulgar": "Picea del colorado",
        "nombrecientifico": "Picea pungens",
        "magnitud": 2,
        "tipo": "Conífera",
        "follaje": "Perenne",
        "lon": -70.052847,
        "lat": -38.898584,
        "imagen": "PICEA PUNGENS.gif\n",
        "url_ficha": "https://www.arbolesurbanos.com.ar/picea-pungens-picea-del-colorado/",
        "thumbnail": "/thumbnails/picea-pungens.jpg"
      },
      "geometry": {
        "type": "Point",
        "coordinates": [
          -70.052847,
          -38.898584
        ]
      }
    },
    {
      "type": "Feature",
      "properties": {
        "nombrevulgar": "Acacia blanca",
        "nombrecientifico": "Robinia pseudoacacia",
        "magnitud": 2,
        "tipo": "Latifoliada",
        "follaje": "Caduco",
        "lon": -70.052793,
        "lat": -38.898532,
        "imagen": "ROBINIA PSEUDOACACIA.gif",
        "url_ficha": "https://www.arbolesurbanos.com.ar/robinia-pseudoacacia-acacia-blanca",
        "thumbnail": "/thumbnails/acacia-blanca.jpg"
      },
      "geometry": {
        "type": "Point",
        "coordinates": [
          -70.052793,
          -38.898532
        ]
      }
    },
    {
      "type": "Feature",
      "properties": {
        "nombrevulgar": "Acacia blanca",
        "nombrecientifico": "Robinia pseudoacacia",
        "magnitud": 2,
        "tipo": "Latifoliada",
        "follaje": "Caduco",
        "lon": -70.052713,
        "lat": -38.898496,
        "imagen": "ROBINIA PSEUDOACACIA.gif",
        "url_ficha": "https://www.arbolesurbanos.com.ar/robinia-pseudoacacia-acacia-blanca",
        "thumbnail": "/thumbnails/acacia-blanca.jpg"
      },
      "geometry": {
        "type": "Point",
        "coordinates": [
          -70.052713,
          -38.898496
        ]
      }
    },
    {
      "type": "Feature",
      "properties": {
        "nombrevulgar": "Acacia blanca",
        "nombrecientifico": "Robinia pseudoacacia",
        "magnitud": 2,
        "tipo": "Latifoliada",
        "follaje": "Caduco",
        "lon": -70.052762,
        "lat": -38.898543,
        "imagen": "ROBINIA PSEUDOACACIA.gif",
        "url_ficha": "https://www.arbolesurbanos.com.ar/robinia-pseudoacacia-acacia-blanca",
        "thumbnail": "/thumbnails/acacia-blanca.jpg"
      },
      "geometry": {
        "type": "Point",
        "coordinates": [
          -70.052762,
          -38.898543
        ]
      }
    },
    {
      "type": "Feature",
      "properties": {
        "nombrevulgar": "Acacia blanca",
        "nombrecientifico": "Robinia pseudoacacia",
        "magnitud": 2,
        "tipo": "Latifoliada",
        "follaje": "Caduco",
        "lon": -70.052724,
        "lat": -38.898478,
        "imagen": "ROBINIA PSEUDOACACIA.gif",
        "url_ficha": "https://www.arbolesurbanos.com.ar/robinia-pseudoacacia-acacia-blanca",
        "thumbnail": "/thumbnails/acacia-blanca.jpg"
      },
      "geometry": {
        "type": "Point",
        "coordinates": [
          -70.052724,
          -38.898478
        ]
      }
    },
    {
      "type": "Feature",
      "properties": {
        "nombrevulgar": "Acacia blanca",
        "nombrecientifico": "Robinia pseudoacacia",
        "magnitud": 2,
        "tipo": "Latifoliada",
        "follaje": "Caduco",
        "lon": -70.052674,
        "lat": -38.898453,
        "imagen": "ROBINIA PSEUDOACACIA.gif",
        "url_ficha": "https://www.arbolesurbanos.com.ar/robinia-pseudoacacia-acacia-blanca",
        "thumbnail": "/thumbnails/acacia-blanca.jpg"
      },
      "geometry": {
        "type": "Point",
        "coordinates": [
          -70.052674,
          -38.898453
        ]
      }
    },
    {
      "type": "Feature",
      "properties": {
        "nombrevulgar": "Olmo siberiano",
        "nombrecientifico": "Ulmus pumila",
        "magnitud": 2,
        "tipo": "Latifoliada",
        "follaje": "Caduco",
        "lon": -70.052639,
        "lat": -38.898528,
        "imagen": "ULMUS PUMILA.gif\n",
        "url_ficha": "https://www.arbolesurbanos.com.ar/ulmus-pumila-olmo-siberiano/",
        "thumbnail": "/thumbnails/ulmus-pumilia.jpg"
      },
      "geometry": {
        "type": "Point",
        "coordinates": [
          -70.052639,
          -38.898528
        ]
      }
    },
    {
      "type": "Feature",
      "properties": {
        "nombrevulgar": "Olmo siberiano",
        "nombrecientifico": "Ulmus pumila",
        "magnitud": 2,
        "tipo": "Latifoliada",
        "follaje": "Caduco",
        "lon": -70.05258,
        "lat": -38.898478,
        "imagen": "ULMUS PUMILA.gif\n",
        "url_ficha": "https://www.arbolesurbanos.com.ar/ulmus-pumila-olmo-siberiano/",
        "thumbnail": "/thumbnails/ulmus-pumilia.jpg"
      },
      "geometry": {
        "type": "Point",
        "coordinates": [
          -70.05258,
          -38.898478
        ]
      }
    },
    {
      "type": "Feature",
      "properties": {
        "nombrevulgar": "Olmo siberiano",
        "nombrecientifico": "Ulmus pumila",
        "magnitud": 2,
        "tipo": "Latifoliada",
        "follaje": "Caduco",
        "lon": -70.052545,
        "lat": -38.898439,
        "imagen": "ULMUS PUMILA.gif\n",
        "url_ficha": "https://www.arbolesurbanos.com.ar/ulmus-pumila-olmo-siberiano/",
        "thumbnail": "/thumbnails/ulmus-pumilia.jpg"
      },
      "geometry": {
        "type": "Point",
        "coordinates": [
          -70.052545,
          -38.898439
        ]
      }
    },
    {
      "type": "Feature",
      "properties": {
        "nombrevulgar": "Acacia blanca",
        "nombrecientifico": "Robinia pseudoacacia",
        "magnitud": 2,
        "tipo": "Latifoliada",
        "follaje": "Caduco",
        "lon": -70.052545,
        "lat": -38.898438,
        "imagen": "ROBINIA PSEUDOACACIA.gif",
        "url_ficha": "https://www.arbolesurbanos.com.ar/robinia-pseudoacacia-acacia-blanca",
        "thumbnail": "/thumbnails/acacia-blanca.jpg"
      },
      "geometry": {
        "type": "Point",
        "coordinates": [
          -70.052545,
          -38.898438
        ]
      }
    },
    {
      "type": "Feature",
      "properties": {
        "nombrevulgar": "Olmo siberiano",
        "nombrecientifico": "Ulmus pumila",
        "magnitud": 2,
        "tipo": "Latifoliada",
        "follaje": "Caduco",
        "lon": -70.052519,
        "lat": -38.898577,
        "imagen": "ULMUS PUMILA.gif\n",
        "url_ficha": "https://www.arbolesurbanos.com.ar/ulmus-pumila-olmo-siberiano/",
        "thumbnail": "/thumbnails/ulmus-pumilia.jpg"
      },
      "geometry": {
        "type": "Point",
        "coordinates": [
          -70.052519,
          -38.898577
        ]
      }
    },
    {
      "type": "Feature",
      "properties": {
        "nombrevulgar": "Olmo siberiano",
        "nombrecientifico": "Ulmus pumila",
        "magnitud": 2,
        "tipo": "Latifoliada",
        "follaje": "Caduco",
        "lon": -70.052596,
        "lat": -38.89845,
        "imagen": "ULMUS PUMILA.gif\n",
        "url_ficha": "https://www.arbolesurbanos.com.ar/ulmus-pumila-olmo-siberiano/",
        "thumbnail": "/thumbnails/ulmus-pumilia.jpg"
      },
      "geometry": {
        "type": "Point",
        "coordinates": [
          -70.052596,
          -38.89845
        ]
      }
    },
    {
      "type": "Feature",
      "properties": {
        "nombrevulgar": "Olmo siberiano",
        "nombrecientifico": "Ulmus pumila",
        "magnitud": 2,
        "tipo": "Latifoliada",
        "follaje": "Caduco",
        "lon": -70.052515,
        "lat": -38.898499,
        "imagen": "ULMUS PUMILA.gif\n",
        "url_ficha": "https://www.arbolesurbanos.com.ar/ulmus-pumila-olmo-siberiano/",
        "thumbnail": "/thumbnails/ulmus-pumilia.jpg"
      },
      "geometry": {
        "type": "Point",
        "coordinates": [
          -70.052515,
          -38.898499
        ]
      }
    },
    {
      "type": "Feature",
      "properties": {
        "nombrevulgar": "Olmo siberiano",
        "nombrecientifico": "Ulmus pumila",
        "magnitud": 2,
        "tipo": "Latifoliada",
        "follaje": "Caduco",
        "lon": -70.052552,
        "lat": -38.898617,
        "imagen": "ULMUS PUMILA.gif\n",
        "url_ficha": "https://www.arbolesurbanos.com.ar/ulmus-pumila-olmo-siberiano/",
        "thumbnail": "/thumbnails/ulmus-pumilia.jpg"
      },
      "geometry": {
        "type": "Point",
        "coordinates": [
          -70.052552,
          -38.898617
        ]
      }
    },
    {
      "type": "Feature",
      "properties": {
        "nombrevulgar": "Olmo siberiano",
        "nombrecientifico": "Ulmus pumila",
        "magnitud": 2,
        "tipo": "Latifoliada",
        "follaje": "Caduco",
        "lon": -70.052567,
        "lat": -38.898571,
        "imagen": "ULMUS PUMILA.gif\n",
        "url_ficha": "https://www.arbolesurbanos.com.ar/ulmus-pumila-olmo-siberiano/",
        "thumbnail": "/thumbnails/ulmus-pumilia.jpg"
      },
      "geometry": {
        "type": "Point",
        "coordinates": [
          -70.052567,
          -38.898571
        ]
      }
    },
    {
      "type": "Feature",
      "properties": {
        "nombrevulgar": "Olmo siberiano",
        "nombrecientifico": "Ulmus pumila",
        "magnitud": 2,
        "tipo": "Latifoliada",
        "follaje": "Caduco",
        "lon": -70.052563,
        "lat": -38.898567,
        "imagen": "ULMUS PUMILA.gif\n",
        "url_ficha": "https://www.arbolesurbanos.com.ar/ulmus-pumila-olmo-siberiano/",
        "thumbnail": "/thumbnails/ulmus-pumilia.jpg"
      },
      "geometry": {
        "type": "Point",
        "coordinates": [
          -70.052563,
          -38.898567
        ]
      }
    },
    {
      "type": "Feature",
      "properties": {
        "nombrevulgar": "Olmo siberiano",
        "nombrecientifico": "Ulmus pumila",
        "magnitud": 2,
        "tipo": "Latifoliada",
        "follaje": "Caduco",
        "lon": -70.052504,
        "lat": -38.898528,
        "imagen": "ULMUS PUMILA.gif\n",
        "url_ficha": "https://www.arbolesurbanos.com.ar/ulmus-pumila-olmo-siberiano/",
        "thumbnail": "/thumbnails/ulmus-pumilia.jpg"
      },
      "geometry": {
        "type": "Point",
        "coordinates": [
          -70.052504,
          -38.898528
        ]
      }
    },
    {
      "type": "Feature",
      "properties": {
        "nombrevulgar": "Olmo siberiano",
        "nombrecientifico": "Ulmus pumila",
        "magnitud": 2,
        "tipo": "Latifoliada",
        "follaje": "Caduco",
        "lon": -70.052562,
        "lat": -38.898506,
        "imagen": "ULMUS PUMILA.gif\n",
        "url_ficha": "https://www.arbolesurbanos.com.ar/ulmus-pumila-olmo-siberiano/",
        "thumbnail": "/thumbnails/ulmus-pumilia.jpg"
      },
      "geometry": {
        "type": "Point",
        "coordinates": [
          -70.052562,
          -38.898506
        ]
      }
    },
    {
      "type": "Feature",
      "properties": {
        "nombrevulgar": "Olmo siberiano",
        "nombrecientifico": "Ulmus pumila",
        "magnitud": 2,
        "tipo": "Latifoliada",
        "follaje": "Caduco",
        "lon": -70.052548,
        "lat": -38.898531,
        "imagen": "ULMUS PUMILA.gif\n",
        "url_ficha": "https://www.arbolesurbanos.com.ar/ulmus-pumila-olmo-siberiano/",
        "thumbnail": "/thumbnails/ulmus-pumilia.jpg"
      },
      "geometry": {
        "type": "Point",
        "coordinates": [
          -70.052548,
          -38.898531
        ]
      }
    },
    {
      "type": "Feature",
      "properties": {
        "nombrevulgar": "Olmo siberiano",
        "nombrecientifico": "Ulmus pumila",
        "magnitud": 2,
        "tipo": "Latifoliada",
        "follaje": "Caduco",
        "lon": -70.052583,
        "lat": -38.898556,
        "imagen": "ULMUS PUMILA.gif\n",
        "url_ficha": "https://www.arbolesurbanos.com.ar/ulmus-pumila-olmo-siberiano/",
        "thumbnail": "/thumbnails/ulmus-pumilia.jpg"
      },
      "geometry": {
        "type": "Point",
        "coordinates": [
          -70.052583,
          -38.898556
        ]
      }
    },
    {
      "type": "Feature",
      "properties": {
        "nombrevulgar": "Olmo siberiano",
        "nombrecientifico": "Ulmus pumila",
        "magnitud": 2,
        "tipo": "Latifoliada",
        "follaje": "Caduco",
        "lon": -70.052535,
        "lat": -38.898525,
        "imagen": "ULMUS PUMILA.gif\n",
        "url_ficha": "https://www.arbolesurbanos.com.ar/ulmus-pumila-olmo-siberiano/",
        "thumbnail": "/thumbnails/ulmus-pumilia.jpg"
      },
      "geometry": {
        "type": "Point",
        "coordinates": [
          -70.052535,
          -38.898525
        ]
      }
    },
    {
      "type": "Feature",
      "properties": {
        "nombrevulgar": "Olmo siberiano",
        "nombrecientifico": "Ulmus pumila",
        "magnitud": 2,
        "tipo": "Latifoliada",
        "follaje": "Caduco",
        "lon": -70.052525,
        "lat": -38.89869,
        "imagen": "ULMUS PUMILA.gif\n",
        "url_ficha": "https://www.arbolesurbanos.com.ar/ulmus-pumila-olmo-siberiano/",
        "thumbnail": "/thumbnails/ulmus-pumilia.jpg"
      },
      "geometry": {
        "type": "Point",
        "coordinates": [
          -70.052525,
          -38.89869
        ]
      }
    },
    {
      "type": "Feature",
      "properties": {
        "nombrevulgar": "Olmo siberiano",
        "nombrecientifico": "Ulmus pumila",
        "magnitud": 2,
        "tipo": "Latifoliada",
        "follaje": "Caduco",
        "lon": -70.052554,
        "lat": -38.898693,
        "imagen": "ULMUS PUMILA.gif\n",
        "url_ficha": "https://www.arbolesurbanos.com.ar/ulmus-pumila-olmo-siberiano/",
        "thumbnail": "/thumbnails/ulmus-pumilia.jpg"
      },
      "geometry": {
        "type": "Point",
        "coordinates": [
          -70.052554,
          -38.898693
        ]
      }
    },
    {
      "type": "Feature",
      "properties": {
        "nombrevulgar": "Olmo siberiano",
        "nombrecientifico": "Ulmus pumila",
        "magnitud": 2,
        "tipo": "Latifoliada",
        "follaje": "Caduco",
        "lon": -70.05256,
        "lat": -38.898652,
        "imagen": "ULMUS PUMILA.gif\n",
        "url_ficha": "https://www.arbolesurbanos.com.ar/ulmus-pumila-olmo-siberiano/",
        "thumbnail": "/thumbnails/ulmus-pumilia.jpg"
      },
      "geometry": {
        "type": "Point",
        "coordinates": [
          -70.05256,
          -38.898652
        ]
      }
    },
    {
      "type": "Feature",
      "properties": {
        "nombrevulgar": "Olmo siberiano",
        "nombrecientifico": "Ulmus pumila",
        "magnitud": 2,
        "tipo": "Latifoliada",
        "follaje": "Caduco",
        "lon": -70.052553,
        "lat": -38.898716,
        "imagen": "ULMUS PUMILA.gif\n",
        "url_ficha": "https://www.arbolesurbanos.com.ar/ulmus-pumila-olmo-siberiano/",
        "thumbnail": "/thumbnails/ulmus-pumilia.jpg"
      },
      "geometry": {
        "type": "Point",
        "coordinates": [
          -70.052553,
          -38.898716
        ]
      }
    },
    {
      "type": "Feature",
      "properties": {
        "nombrevulgar": "Olmo siberiano",
        "nombrecientifico": "Ulmus pumila",
        "magnitud": 2,
        "tipo": "Latifoliada",
        "follaje": "Caduco",
        "lon": -70.052505,
        "lat": -38.898637,
        "imagen": "ULMUS PUMILA.gif\n",
        "url_ficha": "https://www.arbolesurbanos.com.ar/ulmus-pumila-olmo-siberiano/",
        "thumbnail": "/thumbnails/ulmus-pumilia.jpg"
      },
      "geometry": {
        "type": "Point",
        "coordinates": [
          -70.052505,
          -38.898637
        ]
      }
    },
    {
      "type": "Feature",
      "properties": {
        "nombrevulgar": "Olmo siberiano",
        "nombrecientifico": "Ulmus pumila",
        "magnitud": 2,
        "tipo": "Latifoliada",
        "follaje": "Caduco",
        "lon": -70.052557,
        "lat": -38.898738,
        "imagen": "ULMUS PUMILA.gif\n",
        "url_ficha": "https://www.arbolesurbanos.com.ar/ulmus-pumila-olmo-siberiano/",
        "thumbnail": "/thumbnails/ulmus-pumilia.jpg"
      },
      "geometry": {
        "type": "Point",
        "coordinates": [
          -70.052557,
          -38.898738
        ]
      }
    },
    {
      "type": "Feature",
      "properties": {
        "nombrevulgar": "Olmo siberiano",
        "nombrecientifico": "Ulmus pumila",
        "magnitud": 2,
        "tipo": "Latifoliada",
        "follaje": "Caduco",
        "lon": -70.052543,
        "lat": -38.898695,
        "imagen": "ULMUS PUMILA.gif\n",
        "url_ficha": "https://www.arbolesurbanos.com.ar/ulmus-pumila-olmo-siberiano/",
        "thumbnail": "/thumbnails/ulmus-pumilia.jpg"
      },
      "geometry": {
        "type": "Point",
        "coordinates": [
          -70.052543,
          -38.898695
        ]
      }
    },
    {
      "type": "Feature",
      "properties": {
        "nombrevulgar": "Olmo siberiano",
        "nombrecientifico": "Ulmus pumila",
        "magnitud": 2,
        "tipo": "Latifoliada",
        "follaje": "Caduco",
        "lon": -70.052525,
        "lat": -38.898678,
        "imagen": "ULMUS PUMILA.gif\n",
        "url_ficha": "https://www.arbolesurbanos.com.ar/ulmus-pumila-olmo-siberiano/",
        "thumbnail": "/thumbnails/ulmus-pumilia.jpg"
      },
      "geometry": {
        "type": "Point",
        "coordinates": [
          -70.052525,
          -38.898678
        ]
      }
    },
    {
      "type": "Feature",
      "properties": {
        "nombrevulgar": "Olmo siberiano",
        "nombrecientifico": "Ulmus pumila",
        "magnitud": 2,
        "tipo": "Latifoliada",
        "follaje": "Caduco",
        "lon": -70.05246,
        "lat": -38.898733,
        "imagen": "ULMUS PUMILA.gif\n",
        "url_ficha": "https://www.arbolesurbanos.com.ar/ulmus-pumila-olmo-siberiano/",
        "thumbnail": "/thumbnails/ulmus-pumilia.jpg"
      },
      "geometry": {
        "type": "Point",
        "coordinates": [
          -70.05246,
          -38.898733
        ]
      }
    },
    {
      "type": "Feature",
      "properties": {
        "nombrevulgar": "Olmo siberiano",
        "nombrecientifico": "Ulmus pumila",
        "magnitud": 2,
        "tipo": "Latifoliada",
        "follaje": "Caduco",
        "lon": -70.052618,
        "lat": -38.898765,
        "imagen": "ULMUS PUMILA.gif\n",
        "url_ficha": "https://www.arbolesurbanos.com.ar/ulmus-pumila-olmo-siberiano/",
        "thumbnail": "/thumbnails/ulmus-pumilia.jpg"
      },
      "geometry": {
        "type": "Point",
        "coordinates": [
          -70.052618,
          -38.898765
        ]
      }
    },
    {
      "type": "Feature",
      "properties": {
        "nombrevulgar": "Alamo negro",
        "nombrecientifico": "Populus nigra",
        "magnitud": 1,
        "tipo": "Latifoliada",
        "follaje": "Caduco",
        "lon": -70.052475,
        "lat": -38.898748,
        "imagen": "POPULUS NIGRA CV ITALICA.gif",
        "url_ficha": "https://www.arbolesurbanos.com.ar/populus-nigra-alamo-criollo/",
        "thumbnail": "/thumbnails/populus-nigra.jpg"
      },
      "geometry": {
        "type": "Point",
        "coordinates": [
          -70.052475,
          -38.898748
        ]
      }
    },
    {
      "type": "Feature",
      "properties": {
        "nombrevulgar": "Olmo siberiano",
        "nombrecientifico": "Ulmus pumila",
        "magnitud": 2,
        "tipo": "Latifoliada",
        "follaje": "Caduco",
        "lon": -70.052613,
        "lat": -38.898766,
        "imagen": "ULMUS PUMILA.gif\n",
        "url_ficha": "https://www.arbolesurbanos.com.ar/ulmus-pumila-olmo-siberiano/",
        "thumbnail": "/thumbnails/ulmus-pumilia.jpg"
      },
      "geometry": {
        "type": "Point",
        "coordinates": [
          -70.052613,
          -38.898766
        ]
      }
    },
    {
      "type": "Feature",
      "properties": {
        "nombrevulgar": "Picea del colorado",
        "nombrecientifico": "Picea pungens",
        "magnitud": 2,
        "tipo": "Conífera",
        "follaje": "Perenne",
        "lon": -70.052615,
        "lat": -38.898696,
        "imagen": "PICEA PUNGENS.gif\n",
        "url_ficha": "https://www.arbolesurbanos.com.ar/picea-pungens-picea-del-colorado/",
        "thumbnail": "/thumbnails/picea-pungens.jpg"
      },
      "geometry": {
        "type": "Point",
        "coordinates": [
          -70.052615,
          -38.898696
        ]
      }
    },
    {
      "type": "Feature",
      "properties": {
        "nombrevulgar": "Olmo siberiano",
        "nombrecientifico": "Ulmus pumila",
        "magnitud": 2,
        "tipo": "Latifoliada",
        "follaje": "Caduco",
        "lon": -70.052578,
        "lat": -38.898798,
        "imagen": "ULMUS PUMILA.gif\n",
        "url_ficha": "https://www.arbolesurbanos.com.ar/ulmus-pumila-olmo-siberiano/",
        "thumbnail": "/thumbnails/ulmus-pumilia.jpg"
      },
      "geometry": {
        "type": "Point",
        "coordinates": [
          -70.052578,
          -38.898798
        ]
      }
    },
    {
      "type": "Feature",
      "properties": {
        "nombrevulgar": "Olmo siberiano",
        "nombrecientifico": "Ulmus pumila",
        "magnitud": 2,
        "tipo": "Latifoliada",
        "follaje": "Caduco",
        "lon": -70.052613,
        "lat": -38.898735,
        "imagen": "ULMUS PUMILA.gif\n",
        "url_ficha": "https://www.arbolesurbanos.com.ar/ulmus-pumila-olmo-siberiano/",
        "thumbnail": "/thumbnails/ulmus-pumilia.jpg"
      },
      "geometry": {
        "type": "Point",
        "coordinates": [
          -70.052613,
          -38.898735
        ]
      }
    },
    {
      "type": "Feature",
      "properties": {
        "nombrevulgar": "Olmo siberiano",
        "nombrecientifico": "Ulmus pumila",
        "magnitud": 2,
        "tipo": "Latifoliada",
        "follaje": "Caduco",
        "lon": -70.052769,
        "lat": -38.898709,
        "imagen": "ULMUS PUMILA.gif\n",
        "url_ficha": "https://www.arbolesurbanos.com.ar/ulmus-pumila-olmo-siberiano/",
        "thumbnail": "/thumbnails/ulmus-pumilia.jpg"
      },
      "geometry": {
        "type": "Point",
        "coordinates": [
          -70.052769,
          -38.898709
        ]
      }
    },
    {
      "type": "Feature",
      "properties": {
        "nombrevulgar": "Olmo siberiano",
        "nombrecientifico": "Ulmus pumila",
        "magnitud": 2,
        "tipo": "Latifoliada",
        "follaje": "Caduco",
        "lon": -70.052684,
        "lat": -38.898721,
        "imagen": "ULMUS PUMILA.gif\n",
        "url_ficha": "https://www.arbolesurbanos.com.ar/ulmus-pumila-olmo-siberiano/",
        "thumbnail": "/thumbnails/ulmus-pumilia.jpg"
      },
      "geometry": {
        "type": "Point",
        "coordinates": [
          -70.052684,
          -38.898721
        ]
      }
    },
    {
      "type": "Feature",
      "properties": {
        "nombrevulgar": "Olmo siberiano",
        "nombrecientifico": "Ulmus pumila",
        "magnitud": 2,
        "tipo": "Latifoliada",
        "follaje": "Caduco",
        "lon": -70.052792,
        "lat": -38.898733,
        "imagen": "ULMUS PUMILA.gif\n",
        "url_ficha": "https://www.arbolesurbanos.com.ar/ulmus-pumila-olmo-siberiano/",
        "thumbnail": "/thumbnails/ulmus-pumilia.jpg"
      },
      "geometry": {
        "type": "Point",
        "coordinates": [
          -70.052792,
          -38.898733
        ]
      }
    },
    {
      "type": "Feature",
      "properties": {
        "nombrevulgar": "Olmo siberiano",
        "nombrecientifico": "Ulmus pumila",
        "magnitud": 2,
        "tipo": "Latifoliada",
        "follaje": "Caduco",
        "lon": -70.052834,
        "lat": -38.898646,
        "imagen": "ULMUS PUMILA.gif\n",
        "url_ficha": "https://www.arbolesurbanos.com.ar/ulmus-pumila-olmo-siberiano/",
        "thumbnail": "/thumbnails/ulmus-pumilia.jpg"
      },
      "geometry": {
        "type": "Point",
        "coordinates": [
          -70.052834,
          -38.898646
        ]
      }
    },
    {
      "type": "Feature",
      "properties": {
        "nombrevulgar": "Picea del colorado",
        "nombrecientifico": "Picea pungens",
        "magnitud": 2,
        "tipo": "Conífera",
        "follaje": "Perenne",
        "lon": -70.05274,
        "lat": -38.898597,
        "imagen": "PICEA PUNGENS.gif\n",
        "url_ficha": "https://www.arbolesurbanos.com.ar/picea-pungens-picea-del-colorado/",
        "thumbnail": "/thumbnails/picea-pungens.jpg"
      },
      "geometry": {
        "type": "Point",
        "coordinates": [
          -70.05274,
          -38.898597
        ]
      }
    },
    {
      "type": "Feature",
      "properties": {
        "nombrevulgar": "Acacia blanca",
        "nombrecientifico": "Robinia pseudoacacia",
        "magnitud": 2,
        "tipo": "Latifoliada",
        "follaje": "Caduco",
        "lon": -70.052855,
        "lat": -38.898788,
        "imagen": "ROBINIA PSEUDOACACIA.gif",
        "url_ficha": "https://www.arbolesurbanos.com.ar/robinia-pseudoacacia-acacia-blanca",
        "thumbnail": "/thumbnails/acacia-blanca.jpg"
      },
      "geometry": {
        "type": "Point",
        "coordinates": [
          -70.052855,
          -38.898788
        ]
      }
    },
    {
      "type": "Feature",
      "properties": {
        "nombrevulgar": "Acacia blanca",
        "nombrecientifico": "Robinia pseudoacacia",
        "magnitud": 2,
        "tipo": "Latifoliada",
        "follaje": "Caduco",
        "lon": -70.052842,
        "lat": -38.898857,
        "imagen": "ROBINIA PSEUDOACACIA.gif",
        "url_ficha": "https://www.arbolesurbanos.com.ar/robinia-pseudoacacia-acacia-blanca",
        "thumbnail": "/thumbnails/acacia-blanca.jpg"
      },
      "geometry": {
        "type": "Point",
        "coordinates": [
          -70.052842,
          -38.898857
        ]
      }
    },
    {
      "type": "Feature",
      "properties": {
        "nombrevulgar": "Olmo siberiano",
        "nombrecientifico": "Ulmus pumila",
        "magnitud": 2,
        "tipo": "Latifoliada",
        "follaje": "Caduco",
        "lon": -70.05254,
        "lat": -38.898802,
        "imagen": "ULMUS PUMILA.gif\n",
        "url_ficha": "https://www.arbolesurbanos.com.ar/ulmus-pumila-olmo-siberiano/",
        "thumbnail": "/thumbnails/ulmus-pumilia.jpg"
      },
      "geometry": {
        "type": "Point",
        "coordinates": [
          -70.05254,
          -38.898802
        ]
      }
    },
    {
      "type": "Feature",
      "properties": {
        "nombrevulgar": "Olmo siberiano",
        "nombrecientifico": "Ulmus pumila",
        "magnitud": 2,
        "tipo": "Latifoliada",
        "follaje": "Caduco",
        "lon": -70.052576,
        "lat": -38.898838,
        "imagen": "ULMUS PUMILA.gif\n",
        "url_ficha": "https://www.arbolesurbanos.com.ar/ulmus-pumila-olmo-siberiano/",
        "thumbnail": "/thumbnails/ulmus-pumilia.jpg"
      },
      "geometry": {
        "type": "Point",
        "coordinates": [
          -70.052576,
          -38.898838
        ]
      }
    },
    {
      "type": "Feature",
      "properties": {
        "nombrevulgar": "Olmo siberiano",
        "nombrecientifico": "Ulmus pumila",
        "magnitud": 2,
        "tipo": "Latifoliada",
        "follaje": "Caduco",
        "lon": -70.052612,
        "lat": -38.898882,
        "imagen": "ULMUS PUMILA.gif\n",
        "url_ficha": "https://www.arbolesurbanos.com.ar/ulmus-pumila-olmo-siberiano/",
        "thumbnail": "/thumbnails/ulmus-pumilia.jpg"
      },
      "geometry": {
        "type": "Point",
        "coordinates": [
          -70.052612,
          -38.898882
        ]
      }
    },
    {
      "type": "Feature",
      "properties": {
        "nombrevulgar": "Olmo siberiano",
        "nombrecientifico": "Ulmus pumila",
        "magnitud": 2,
        "tipo": "Latifoliada",
        "follaje": "Caduco",
        "lon": -70.052691,
        "lat": -38.899045,
        "imagen": "ULMUS PUMILA.gif\n",
        "url_ficha": "https://www.arbolesurbanos.com.ar/ulmus-pumila-olmo-siberiano/",
        "thumbnail": "/thumbnails/ulmus-pumilia.jpg"
      },
      "geometry": {
        "type": "Point",
        "coordinates": [
          -70.052691,
          -38.899045
        ]
      }
    },
    {
      "type": "Feature",
      "properties": {
        "nombrevulgar": "Acacia blanca",
        "nombrecientifico": "Robinia pseudoacacia",
        "magnitud": 2,
        "tipo": "Latifoliada",
        "follaje": "Caduco",
        "lon": -70.052753,
        "lat": -38.899026,
        "imagen": "ROBINIA PSEUDOACACIA.gif",
        "url_ficha": "https://www.arbolesurbanos.com.ar/robinia-pseudoacacia-acacia-blanca",
        "thumbnail": "/thumbnails/acacia-blanca.jpg"
      },
      "geometry": {
        "type": "Point",
        "coordinates": [
          -70.052753,
          -38.899026
        ]
      }
    },
    {
      "type": "Feature",
      "properties": {
        "nombrevulgar": "Acacia blanca",
        "nombrecientifico": "Robinia pseudoacacia",
        "magnitud": 2,
        "tipo": "Latifoliada",
        "follaje": "Caduco",
        "lon": -70.052707,
        "lat": -38.898919,
        "imagen": "ROBINIA PSEUDOACACIA.gif",
        "url_ficha": "https://www.arbolesurbanos.com.ar/robinia-pseudoacacia-acacia-blanca",
        "thumbnail": "/thumbnails/acacia-blanca.jpg"
      },
      "geometry": {
        "type": "Point",
        "coordinates": [
          -70.052707,
          -38.898919
        ]
      }
    },
    {
      "type": "Feature",
      "properties": {
        "nombrevulgar": "Acacia blanca",
        "nombrecientifico": "Robinia pseudoacacia",
        "magnitud": 2,
        "tipo": "Latifoliada",
        "follaje": "Caduco",
        "lon": -70.052671,
        "lat": -38.898876,
        "imagen": "ROBINIA PSEUDOACACIA.gif",
        "url_ficha": "https://www.arbolesurbanos.com.ar/robinia-pseudoacacia-acacia-blanca",
        "thumbnail": "/thumbnails/acacia-blanca.jpg"
      },
      "geometry": {
        "type": "Point",
        "coordinates": [
          -70.052671,
          -38.898876
        ]
      }
    },
    {
      "type": "Feature",
      "properties": {
        "nombrevulgar": "Acacia blanca",
        "nombrecientifico": "Robinia pseudoacacia",
        "magnitud": 2,
        "tipo": "Latifoliada",
        "follaje": "Caduco",
        "lon": -70.052776,
        "lat": -38.898857,
        "imagen": "ROBINIA PSEUDOACACIA.gif",
        "url_ficha": "https://www.arbolesurbanos.com.ar/robinia-pseudoacacia-acacia-blanca",
        "thumbnail": "/thumbnails/acacia-blanca.jpg"
      },
      "geometry": {
        "type": "Point",
        "coordinates": [
          -70.052776,
          -38.898857
        ]
      }
    },
    {
      "type": "Feature",
      "properties": {
        "nombrevulgar": "Acacia blanca",
        "nombrecientifico": "Robinia pseudoacacia",
        "magnitud": 2,
        "tipo": "Latifoliada",
        "follaje": "Caduco",
        "lon": -70.052737,
        "lat": -38.898793,
        "imagen": "ROBINIA PSEUDOACACIA.gif",
        "url_ficha": "https://www.arbolesurbanos.com.ar/robinia-pseudoacacia-acacia-blanca",
        "thumbnail": "/thumbnails/acacia-blanca.jpg"
      },
      "geometry": {
        "type": "Point",
        "coordinates": [
          -70.052737,
          -38.898793
        ]
      }
    },
    {
      "type": "Feature",
      "properties": {
        "nombrevulgar": "Acacia blanca",
        "nombrecientifico": "Robinia pseudoacacia",
        "magnitud": 2,
        "tipo": "Latifoliada",
        "follaje": "Caduco",
        "lon": -70.052709,
        "lat": -38.898833,
        "imagen": "ROBINIA PSEUDOACACIA.gif",
        "url_ficha": "https://www.arbolesurbanos.com.ar/robinia-pseudoacacia-acacia-blanca",
        "thumbnail": "/thumbnails/acacia-blanca.jpg"
      },
      "geometry": {
        "type": "Point",
        "coordinates": [
          -70.052709,
          -38.898833
        ]
      }
    },
    {
      "type": "Feature",
      "properties": {
        "nombrevulgar": "Acacia blanca",
        "nombrecientifico": "Robinia pseudoacacia",
        "magnitud": 2,
        "tipo": "Latifoliada",
        "follaje": "Caduco",
        "lon": -70.052751,
        "lat": -38.898945,
        "imagen": "ROBINIA PSEUDOACACIA.gif",
        "url_ficha": "https://www.arbolesurbanos.com.ar/robinia-pseudoacacia-acacia-blanca",
        "thumbnail": "/thumbnails/acacia-blanca.jpg"
      },
      "geometry": {
        "type": "Point",
        "coordinates": [
          -70.052751,
          -38.898945
        ]
      }
    },
    {
      "type": "Feature",
      "properties": {
        "nombrevulgar": "Olmo siberiano",
        "nombrecientifico": "Ulmus pumila",
        "magnitud": 2,
        "tipo": "Latifoliada",
        "follaje": "Caduco",
        "lon": -70.05282,
        "lat": -38.899022,
        "imagen": "ULMUS PUMILA.gif\n",
        "url_ficha": "https://www.arbolesurbanos.com.ar/ulmus-pumila-olmo-siberiano/",
        "thumbnail": "/thumbnails/ulmus-pumilia.jpg"
      },
      "geometry": {
        "type": "Point",
        "coordinates": [
          -70.05282,
          -38.899022
        ]
      }
    },
    {
      "type": "Feature",
      "properties": {
        "nombrevulgar": "Acacia blanca",
        "nombrecientifico": "Robinia pseudoacacia",
        "magnitud": 2,
        "tipo": "Latifoliada",
        "follaje": "Caduco",
        "lon": -70.052731,
        "lat": -38.898928,
        "imagen": "ROBINIA PSEUDOACACIA.gif",
        "url_ficha": "https://www.arbolesurbanos.com.ar/robinia-pseudoacacia-acacia-blanca",
        "thumbnail": "/thumbnails/acacia-blanca.jpg"
      },
      "geometry": {
        "type": "Point",
        "coordinates": [
          -70.052731,
          -38.898928
        ]
      }
    },
    {
      "type": "Feature",
      "properties": {
        "nombrevulgar": "Acacia blanca",
        "nombrecientifico": "Robinia pseudoacacia",
        "magnitud": 2,
        "tipo": "Latifoliada",
        "follaje": "Caduco",
        "lon": -70.052787,
        "lat": -38.898985,
        "imagen": "ROBINIA PSEUDOACACIA.gif",
        "url_ficha": "https://www.arbolesurbanos.com.ar/robinia-pseudoacacia-acacia-blanca",
        "thumbnail": "/thumbnails/acacia-blanca.jpg"
      },
      "geometry": {
        "type": "Point",
        "coordinates": [
          -70.052787,
          -38.898985
        ]
      }
    },
    {
      "type": "Feature",
      "properties": {
        "nombrevulgar": "Olmo siberiano",
        "nombrecientifico": "Ulmus pumila",
        "magnitud": 2,
        "tipo": "Latifoliada",
        "follaje": "Caduco",
        "lon": -70.052805,
        "lat": -38.898987,
        "imagen": "ULMUS PUMILA.gif\n",
        "url_ficha": "https://www.arbolesurbanos.com.ar/ulmus-pumila-olmo-siberiano/",
        "thumbnail": "/thumbnails/ulmus-pumilia.jpg"
      },
      "geometry": {
        "type": "Point",
        "coordinates": [
          -70.052805,
          -38.898987
        ]
      }
    },
    {
      "type": "Feature",
      "properties": {
        "nombrevulgar": "Olmo siberiano",
        "nombrecientifico": "Ulmus pumila",
        "magnitud": 2,
        "tipo": "Latifoliada",
        "follaje": "Caduco",
        "lon": -70.052687,
        "lat": -38.898942,
        "imagen": "ULMUS PUMILA.gif\n",
        "url_ficha": "https://www.arbolesurbanos.com.ar/ulmus-pumila-olmo-siberiano/",
        "thumbnail": "/thumbnails/ulmus-pumilia.jpg"
      },
      "geometry": {
        "type": "Point",
        "coordinates": [
          -70.052687,
          -38.898942
        ]
      }
    },
    {
      "type": "Feature",
      "properties": {
        "nombrevulgar": "Olmo siberiano",
        "nombrecientifico": "Ulmus pumila",
        "magnitud": 2,
        "tipo": "Latifoliada",
        "follaje": "Caduco",
        "lon": -70.052503,
        "lat": -38.898754,
        "imagen": "ULMUS PUMILA.gif\n",
        "url_ficha": "https://www.arbolesurbanos.com.ar/ulmus-pumila-olmo-siberiano/",
        "thumbnail": "/thumbnails/ulmus-pumilia.jpg"
      },
      "geometry": {
        "type": "Point",
        "coordinates": [
          -70.052503,
          -38.898754
        ]
      }
    },
    {
      "type": "Feature",
      "properties": {
        "nombrevulgar": "Fresno blanco",
        "nombrecientifico": "Fraxinus americana",
        "magnitud": 1,
        "tipo": "Latifoliada",
        "follaje": "Caduco",
        "lon": -70.052574,
        "lat": -38.898838,
        "imagen": "FRAXINUS AMERICANA.gif\n",
        "url_ficha": "https://www.arbolesurbanos.com.ar/fraxinus-americana-fresno-blanco/",
        "thumbnail": "/thumbnails/fresno-americano.jpg"
      },
      "geometry": {
        "type": "Point",
        "coordinates": [
          -70.052574,
          -38.898838
        ]
      }
    },
    {
      "type": "Feature",
      "properties": {
        "nombrevulgar": "Olmo siberiano",
        "nombrecientifico": "Ulmus pumila",
        "magnitud": 2,
        "tipo": "Latifoliada",
        "follaje": "Caduco",
        "lon": -70.05262,
        "lat": -38.898873,
        "imagen": "ULMUS PUMILA.gif\n",
        "url_ficha": "https://www.arbolesurbanos.com.ar/ulmus-pumila-olmo-siberiano/",
        "thumbnail": "/thumbnails/ulmus-pumilia.jpg"
      },
      "geometry": {
        "type": "Point",
        "coordinates": [
          -70.05262,
          -38.898873
        ]
      }
    },
    {
      "type": "Feature",
      "properties": {
        "nombrevulgar": "Olmo siberiano",
        "nombrecientifico": "Ulmus pumila",
        "magnitud": 2,
        "tipo": "Latifoliada",
        "follaje": "Caduco",
        "lon": -70.052865,
        "lat": -38.898955,
        "imagen": "ULMUS PUMILA.gif\n",
        "url_ficha": "https://www.arbolesurbanos.com.ar/ulmus-pumila-olmo-siberiano/",
        "thumbnail": "/thumbnails/ulmus-pumilia.jpg"
      },
      "geometry": {
        "type": "Point",
        "coordinates": [
          -70.052865,
          -38.898955
        ]
      }
    },
    {
      "type": "Feature",
      "properties": {
        "nombrevulgar": "Olmo siberiano",
        "nombrecientifico": "Ulmus pumila",
        "magnitud": 2,
        "tipo": "Latifoliada",
        "follaje": "Caduco",
        "lon": -70.052785,
        "lat": -38.89902,
        "imagen": "ULMUS PUMILA.gif\n",
        "url_ficha": "https://www.arbolesurbanos.com.ar/ulmus-pumila-olmo-siberiano/",
        "thumbnail": "/thumbnails/ulmus-pumilia.jpg"
      },
      "geometry": {
        "type": "Point",
        "coordinates": [
          -70.052785,
          -38.89902
        ]
      }
    },
    {
      "type": "Feature",
      "properties": {
        "nombrevulgar": "Olmo siberiano",
        "nombrecientifico": "Ulmus pumila",
        "magnitud": 2,
        "tipo": "Latifoliada",
        "follaje": "Caduco",
        "lon": -70.052707,
        "lat": -38.899025,
        "imagen": "ULMUS PUMILA.gif\n",
        "url_ficha": "https://www.arbolesurbanos.com.ar/ulmus-pumila-olmo-siberiano/",
        "thumbnail": "/thumbnails/ulmus-pumilia.jpg"
      },
      "geometry": {
        "type": "Point",
        "coordinates": [
          -70.052707,
          -38.899025
        ]
      }
    },
    {
      "type": "Feature",
      "properties": {
        "nombrevulgar": "Alamo negro",
        "nombrecientifico": "Populus nigra",
        "magnitud": 1,
        "tipo": "Latifoliada",
        "follaje": "Caduco",
        "lon": -70.052613,
        "lat": -38.898964,
        "imagen": "POPULUS NIGRA CV ITALICA.gif",
        "url_ficha": "https://www.arbolesurbanos.com.ar/populus-nigra-alamo-criollo/",
        "thumbnail": "/thumbnails/populus-nigra.jpg"
      },
      "geometry": {
        "type": "Point",
        "coordinates": [
          -70.052613,
          -38.898964
        ]
      }
    },
    {
      "type": "Feature",
      "properties": {
        "nombrevulgar": "Olmo siberiano",
        "nombrecientifico": "Ulmus pumila",
        "magnitud": 2,
        "tipo": "Latifoliada",
        "follaje": "Caduco",
        "lon": -70.052563,
        "lat": -38.898914,
        "imagen": "ULMUS PUMILA.gif\n",
        "url_ficha": "https://www.arbolesurbanos.com.ar/ulmus-pumila-olmo-siberiano/",
        "thumbnail": "/thumbnails/ulmus-pumilia.jpg"
      },
      "geometry": {
        "type": "Point",
        "coordinates": [
          -70.052563,
          -38.898914
        ]
      }
    },
    {
      "type": "Feature",
      "properties": {
        "nombrevulgar": "Fresno blanco",
        "nombrecientifico": "Fraxinus americana",
        "magnitud": 1,
        "tipo": "Latifoliada",
        "follaje": "Caduco",
        "lon": -70.052766,
        "lat": -38.898716,
        "imagen": "FRAXINUS AMERICANA.gif\n",
        "url_ficha": "https://www.arbolesurbanos.com.ar/fraxinus-americana-fresno-blanco/",
        "thumbnail": "/thumbnails/fresno-americano.jpg"
      },
      "geometry": {
        "type": "Point",
        "coordinates": [
          -70.052766,
          -38.898716
        ]
      }
    },
    {
      "type": "Feature",
      "properties": {
        "nombrevulgar": "Olmo siberiano",
        "nombrecientifico": "Ulmus pumila",
        "magnitud": 2,
        "tipo": "Latifoliada",
        "follaje": "Caduco",
        "lon": -70.052908,
        "lat": -38.898888,
        "imagen": "ULMUS PUMILA.gif\n",
        "url_ficha": "https://www.arbolesurbanos.com.ar/ulmus-pumila-olmo-siberiano/",
        "thumbnail": "/thumbnails/ulmus-pumilia.jpg"
      },
      "geometry": {
        "type": "Point",
        "coordinates": [
          -70.052908,
          -38.898888
        ]
      }
    },
    {
      "type": "Feature",
      "properties": {
        "nombrevulgar": "Fresno blanco",
        "nombrecientifico": "Fraxinus americana",
        "magnitud": 1,
        "tipo": "Latifoliada",
        "follaje": "Caduco",
        "lon": -70.052738,
        "lat": -38.898971,
        "imagen": "FRAXINUS AMERICANA.gif\n",
        "url_ficha": "https://www.arbolesurbanos.com.ar/fraxinus-americana-fresno-blanco/",
        "thumbnail": "/thumbnails/fresno-americano.jpg"
      },
      "geometry": {
        "type": "Point",
        "coordinates": [
          -70.052738,
          -38.898971
        ]
      }
    },
    {
      "type": "Feature",
      "properties": {
        "nombrevulgar": "Olmo siberiano",
        "nombrecientifico": "Ulmus pumila",
        "magnitud": 2,
        "tipo": "Latifoliada",
        "follaje": "Caduco",
        "lon": -70.052888,
        "lat": -38.898929,
        "imagen": "ULMUS PUMILA.gif\n",
        "url_ficha": "https://www.arbolesurbanos.com.ar/ulmus-pumila-olmo-siberiano/",
        "thumbnail": "/thumbnails/ulmus-pumilia.jpg"
      },
      "geometry": {
        "type": "Point",
        "coordinates": [
          -70.052888,
          -38.898929
        ]
      }
    },
    {
      "type": "Feature",
      "properties": {
        "nombrevulgar": "Olmo siberiano",
        "nombrecientifico": "Ulmus pumila",
        "magnitud": 2,
        "tipo": "Latifoliada",
        "follaje": "Caduco",
        "lon": -70.052912,
        "lat": -38.898715,
        "imagen": "ULMUS PUMILA.gif\n",
        "url_ficha": "https://www.arbolesurbanos.com.ar/ulmus-pumila-olmo-siberiano/",
        "thumbnail": "/thumbnails/ulmus-pumilia.jpg"
      },
      "geometry": {
        "type": "Point",
        "coordinates": [
          -70.052912,
          -38.898715
        ]
      }
    },
    {
      "type": "Feature",
      "properties": {
        "nombrevulgar": "Fresno blanco",
        "nombrecientifico": "Fraxinus americana",
        "magnitud": 1,
        "tipo": "Latifoliada",
        "follaje": "Caduco",
        "lon": -70.052803,
        "lat": -38.898952,
        "imagen": "FRAXINUS AMERICANA.gif\n",
        "url_ficha": "https://www.arbolesurbanos.com.ar/fraxinus-americana-fresno-blanco/",
        "thumbnail": "/thumbnails/fresno-americano.jpg"
      },
      "geometry": {
        "type": "Point",
        "coordinates": [
          -70.052803,
          -38.898952
        ]
      }
    },
    {
      "type": "Feature",
      "properties": {
        "nombrevulgar": "Olmo siberiano",
        "nombrecientifico": "Ulmus pumila",
        "magnitud": 2,
        "tipo": "Latifoliada",
        "follaje": "Caduco",
        "lon": -70.052855,
        "lat": -38.898884,
        "imagen": "ULMUS PUMILA.gif\n",
        "url_ficha": "https://www.arbolesurbanos.com.ar/ulmus-pumila-olmo-siberiano/",
        "thumbnail": "/thumbnails/ulmus-pumilia.jpg"
      },
      "geometry": {
        "type": "Point",
        "coordinates": [
          -70.052855,
          -38.898884
        ]
      }
    },
    {
      "type": "Feature",
      "properties": {
        "nombrevulgar": "Acacia blanca",
        "nombrecientifico": "Robinia pseudoacacia",
        "magnitud": 2,
        "tipo": "Latifoliada",
        "follaje": "Caduco",
        "lon": -70.052852,
        "lat": -38.898756,
        "imagen": "ROBINIA PSEUDOACACIA.gif",
        "url_ficha": "https://www.arbolesurbanos.com.ar/robinia-pseudoacacia-acacia-blanca",
        "thumbnail": "/thumbnails/acacia-blanca.jpg"
      },
      "geometry": {
        "type": "Point",
        "coordinates": [
          -70.052852,
          -38.898756
        ]
      }
    },
    {
      "type": "Feature",
      "properties": {
        "nombrevulgar": "Alamo negro",
        "nombrecientifico": "Populus nigra",
        "magnitud": 1,
        "tipo": "Latifoliada",
        "follaje": "Caduco",
        "lon": -70.052808,
        "lat": -38.898721,
        "imagen": "POPULUS NIGRA CV ITALICA.gif",
        "url_ficha": "https://www.arbolesurbanos.com.ar/populus-nigra-alamo-criollo/",
        "thumbnail": "/thumbnails/populus-nigra.jpg"
      },
      "geometry": {
        "type": "Point",
        "coordinates": [
          -70.052808,
          -38.898721
        ]
      }
    },
    {
      "type": "Feature",
      "properties": {
        "nombrevulgar": "Olmo siberiano",
        "nombrecientifico": "Ulmus pumila",
        "magnitud": 2,
        "tipo": "Latifoliada",
        "follaje": "Caduco",
        "lon": -70.052789,
        "lat": -38.898764,
        "imagen": "ULMUS PUMILA.gif\n",
        "url_ficha": "https://www.arbolesurbanos.com.ar/ulmus-pumila-olmo-siberiano/",
        "thumbnail": "/thumbnails/ulmus-pumilia.jpg"
      },
      "geometry": {
        "type": "Point",
        "coordinates": [
          -70.052789,
          -38.898764
        ]
      }
    },
    {
      "type": "Feature",
      "properties": {
        "nombrevulgar": "Olmo siberiano",
        "nombrecientifico": "Ulmus pumila",
        "magnitud": 2,
        "tipo": "Latifoliada",
        "follaje": "Caduco",
        "lon": -70.052513,
        "lat": -38.898718,
        "imagen": "ULMUS PUMILA.gif\n",
        "url_ficha": "https://www.arbolesurbanos.com.ar/ulmus-pumila-olmo-siberiano/",
        "thumbnail": "/thumbnails/ulmus-pumilia.jpg"
      },
      "geometry": {
        "type": "Point",
        "coordinates": [
          -70.052513,
          -38.898718
        ]
      }
    },
    {
      "type": "Feature",
      "properties": {
        "nombrevulgar": "Olmo siberiano",
        "nombrecientifico": "Ulmus pumila",
        "magnitud": 2,
        "tipo": "Latifoliada",
        "follaje": "Caduco",
        "lon": -70.052644,
        "lat": -38.898753,
        "imagen": "ULMUS PUMILA.gif\n",
        "url_ficha": "https://www.arbolesurbanos.com.ar/ulmus-pumila-olmo-siberiano/",
        "thumbnail": "/thumbnails/ulmus-pumilia.jpg"
      },
      "geometry": {
        "type": "Point",
        "coordinates": [
          -70.052644,
          -38.898753
        ]
      }
    },
    {
      "type": "Feature",
      "properties": {
        "nombrevulgar": "Olmo siberiano",
        "nombrecientifico": "Ulmus pumila",
        "magnitud": 2,
        "tipo": "Latifoliada",
        "follaje": "Caduco",
        "lon": -70.052583,
        "lat": -38.89875,
        "imagen": "ULMUS PUMILA.gif\n",
        "url_ficha": "https://www.arbolesurbanos.com.ar/ulmus-pumila-olmo-siberiano/",
        "thumbnail": "/thumbnails/ulmus-pumilia.jpg"
      },
      "geometry": {
        "type": "Point",
        "coordinates": [
          -70.052583,
          -38.89875
        ]
      }
    },
    {
      "type": "Feature",
      "properties": {
        "nombrevulgar": "Alamo negro",
        "nombrecientifico": "Populus nigra",
        "magnitud": 1,
        "tipo": "Latifoliada",
        "follaje": "Caduco",
        "lon": -70.052585,
        "lat": -38.898909,
        "imagen": "POPULUS NIGRA CV ITALICA.gif",
        "url_ficha": "https://www.arbolesurbanos.com.ar/populus-nigra-alamo-criollo/",
        "thumbnail": "/thumbnails/populus-nigra.jpg"
      },
      "geometry": {
        "type": "Point",
        "coordinates": [
          -70.052585,
          -38.898909
        ]
      }
    },
    {
      "type": "Feature",
      "properties": {
        "nombrevulgar": "Alamo negro",
        "nombrecientifico": "Populus nigra",
        "magnitud": 1,
        "tipo": "Latifoliada",
        "follaje": "Caduco",
        "lon": -70.052628,
        "lat": -38.89904,
        "imagen": "POPULUS NIGRA CV ITALICA.gif",
        "url_ficha": "https://www.arbolesurbanos.com.ar/populus-nigra-alamo-criollo/",
        "thumbnail": "/thumbnails/populus-nigra.jpg"
      },
      "geometry": {
        "type": "Point",
        "coordinates": [
          -70.052628,
          -38.89904
        ]
      }
    },
    {
      "type": "Feature",
      "properties": {
        "nombrevulgar": "Olmo siberiano",
        "nombrecientifico": "Ulmus pumila",
        "magnitud": 2,
        "tipo": "Latifoliada",
        "follaje": "Caduco",
        "lon": -70.053008,
        "lat": -38.898794,
        "imagen": "ULMUS PUMILA.gif\n",
        "url_ficha": "https://www.arbolesurbanos.com.ar/ulmus-pumila-olmo-siberiano/",
        "thumbnail": "/thumbnails/ulmus-pumilia.jpg"
      },
      "geometry": {
        "type": "Point",
        "coordinates": [
          -70.053008,
          -38.898794
        ]
      }
    },
    {
      "type": "Feature",
      "properties": {
        "nombrevulgar": "Olmo siberiano",
        "nombrecientifico": "Ulmus pumila",
        "magnitud": 2,
        "tipo": "Latifoliada",
        "follaje": "Caduco",
        "lon": -70.053119,
        "lat": -38.898856,
        "imagen": "ULMUS PUMILA.gif\n",
        "url_ficha": "https://www.arbolesurbanos.com.ar/ulmus-pumila-olmo-siberiano/",
        "thumbnail": "/thumbnails/ulmus-pumilia.jpg"
      },
      "geometry": {
        "type": "Point",
        "coordinates": [
          -70.053119,
          -38.898856
        ]
      }
    },
    {
      "type": "Feature",
      "properties": {
        "nombrevulgar": "Olmo siberiano",
        "nombrecientifico": "Ulmus pumila",
        "magnitud": 2,
        "tipo": "Latifoliada",
        "follaje": "Caduco",
        "lon": -70.052571,
        "lat": -38.898835,
        "imagen": "ULMUS PUMILA.gif\n",
        "url_ficha": "https://www.arbolesurbanos.com.ar/ulmus-pumila-olmo-siberiano/",
        "thumbnail": "/thumbnails/ulmus-pumilia.jpg"
      },
      "geometry": {
        "type": "Point",
        "coordinates": [
          -70.052571,
          -38.898835
        ]
      }
    },
    {
      "type": "Feature",
      "properties": {
        "nombrevulgar": "Alamo negro",
        "nombrecientifico": "Populus nigra",
        "magnitud": 1,
        "tipo": "Latifoliada",
        "follaje": "Caduco",
        "lon": -70.052746,
        "lat": -38.898998,
        "imagen": "POPULUS NIGRA CV ITALICA.gif",
        "url_ficha": "https://www.arbolesurbanos.com.ar/populus-nigra-alamo-criollo/",
        "thumbnail": "/thumbnails/populus-nigra.jpg"
      },
      "geometry": {
        "type": "Point",
        "coordinates": [
          -70.052746,
          -38.898998
        ]
      }
    },
    {
      "type": "Feature",
      "properties": {
        "nombrevulgar": "Acacia blanca",
        "nombrecientifico": "Robinia pseudoacacia",
        "magnitud": 2,
        "tipo": "Latifoliada",
        "follaje": "Caduco",
        "lon": -70.053186,
        "lat": -38.898988,
        "imagen": "ROBINIA PSEUDOACACIA.gif",
        "url_ficha": "https://www.arbolesurbanos.com.ar/robinia-pseudoacacia-acacia-blanca",
        "thumbnail": "/thumbnails/acacia-blanca.jpg"
      },
      "geometry": {
        "type": "Point",
        "coordinates": [
          -70.053186,
          -38.898988
        ]
      }
    },
    {
      "type": "Feature",
      "properties": {
        "nombrevulgar": "Olmo siberiano",
        "nombrecientifico": "Ulmus pumila",
        "magnitud": 2,
        "tipo": "Latifoliada",
        "follaje": "Caduco",
        "lon": -70.053072,
        "lat": -38.8989,
        "imagen": "ULMUS PUMILA.gif\n",
        "url_ficha": "https://www.arbolesurbanos.com.ar/ulmus-pumila-olmo-siberiano/",
        "thumbnail": "/thumbnails/ulmus-pumilia.jpg"
      },
      "geometry": {
        "type": "Point",
        "coordinates": [
          -70.053072,
          -38.8989
        ]
      }
    },
    {
      "type": "Feature",
      "properties": {
        "nombrevulgar": "Olmo siberiano",
        "nombrecientifico": "Ulmus pumila",
        "magnitud": 2,
        "tipo": "Latifoliada",
        "follaje": "Caduco",
        "lon": -70.053197,
        "lat": -38.898898,
        "imagen": "ULMUS PUMILA.gif\n",
        "url_ficha": "https://www.arbolesurbanos.com.ar/ulmus-pumila-olmo-siberiano/",
        "thumbnail": "/thumbnails/ulmus-pumilia.jpg"
      },
      "geometry": {
        "type": "Point",
        "coordinates": [
          -70.053197,
          -38.898898
        ]
      }
    },
    {
      "type": "Feature",
      "properties": {
        "nombrevulgar": "Acacia blanca",
        "nombrecientifico": "Robinia pseudoacacia",
        "magnitud": 2,
        "tipo": "Latifoliada",
        "follaje": "Caduco",
        "lon": -70.053049,
        "lat": -38.898798,
        "imagen": "ROBINIA PSEUDOACACIA.gif",
        "url_ficha": "https://www.arbolesurbanos.com.ar/robinia-pseudoacacia-acacia-blanca",
        "thumbnail": "/thumbnails/acacia-blanca.jpg"
      },
      "geometry": {
        "type": "Point",
        "coordinates": [
          -70.053049,
          -38.898798
        ]
      }
    },
    {
      "type": "Feature",
      "properties": {
        "nombrevulgar": "Olmo siberiano",
        "nombrecientifico": "Ulmus pumila",
        "magnitud": 2,
        "tipo": "Latifoliada",
        "follaje": "Caduco",
        "lon": -70.052938,
        "lat": -38.89891,
        "imagen": "ULMUS PUMILA.gif\n",
        "url_ficha": "https://www.arbolesurbanos.com.ar/ulmus-pumila-olmo-siberiano/",
        "thumbnail": "/thumbnails/ulmus-pumilia.jpg"
      },
      "geometry": {
        "type": "Point",
        "coordinates": [
          -70.052938,
          -38.89891
        ]
      }
    },
    {
      "type": "Feature",
      "properties": {
        "nombrevulgar": "Acacia blanca",
        "nombrecientifico": "Robinia pseudoacacia",
        "magnitud": 2,
        "tipo": "Latifoliada",
        "follaje": "Caduco",
        "lon": -70.053096,
        "lat": -38.898963,
        "imagen": "ROBINIA PSEUDOACACIA.gif",
        "url_ficha": "https://www.arbolesurbanos.com.ar/robinia-pseudoacacia-acacia-blanca",
        "thumbnail": "/thumbnails/acacia-blanca.jpg"
      },
      "geometry": {
        "type": "Point",
        "coordinates": [
          -70.053096,
          -38.898963
        ]
      }
    },
    {
      "type": "Feature",
      "properties": {
        "nombrevulgar": "Acacia blanca",
        "nombrecientifico": "Robinia pseudoacacia",
        "magnitud": 2,
        "tipo": "Latifoliada",
        "follaje": "Caduco",
        "lon": -70.053035,
        "lat": -38.898976,
        "imagen": "ROBINIA PSEUDOACACIA.gif",
        "url_ficha": "https://www.arbolesurbanos.com.ar/robinia-pseudoacacia-acacia-blanca",
        "thumbnail": "/thumbnails/acacia-blanca.jpg"
      },
      "geometry": {
        "type": "Point",
        "coordinates": [
          -70.053035,
          -38.898976
        ]
      }
    },
    {
      "type": "Feature",
      "properties": {
        "nombrevulgar": "Fresno blanco",
        "nombrecientifico": "Fraxinus americana",
        "magnitud": 1,
        "tipo": "Latifoliada",
        "follaje": "Caduco",
        "lon": -70.052983,
        "lat": -38.899025,
        "imagen": "FRAXINUS AMERICANA.gif\n",
        "url_ficha": "https://www.arbolesurbanos.com.ar/fraxinus-americana-fresno-blanco/",
        "thumbnail": "/thumbnails/fresno-americano.jpg"
      },
      "geometry": {
        "type": "Point",
        "coordinates": [
          -70.052983,
          -38.899025
        ]
      }
    },
    {
      "type": "Feature",
      "properties": {
        "nombrevulgar": "Acacia blanca",
        "nombrecientifico": "Robinia pseudoacacia",
        "magnitud": 2,
        "tipo": "Latifoliada",
        "follaje": "Caduco",
        "lon": -70.053204,
        "lat": -38.899035,
        "imagen": "ROBINIA PSEUDOACACIA.gif",
        "url_ficha": "https://www.arbolesurbanos.com.ar/robinia-pseudoacacia-acacia-blanca",
        "thumbnail": "/thumbnails/acacia-blanca.jpg"
      },
      "geometry": {
        "type": "Point",
        "coordinates": [
          -70.053204,
          -38.899035
        ]
      }
    },
    {
      "type": "Feature",
      "properties": {
        "nombrevulgar": "Acacia blanca",
        "nombrecientifico": "Robinia pseudoacacia",
        "magnitud": 2,
        "tipo": "Latifoliada",
        "follaje": "Caduco",
        "lon": -70.053181,
        "lat": -38.899088,
        "imagen": "ROBINIA PSEUDOACACIA.gif",
        "url_ficha": "https://www.arbolesurbanos.com.ar/robinia-pseudoacacia-acacia-blanca",
        "thumbnail": "/thumbnails/acacia-blanca.jpg"
      },
      "geometry": {
        "type": "Point",
        "coordinates": [
          -70.053181,
          -38.899088
        ]
      }
    },
    {
      "type": "Feature",
      "properties": {
        "nombrevulgar": "Fresno blanco",
        "nombrecientifico": "Fraxinus americana",
        "magnitud": 1,
        "tipo": "Latifoliada",
        "follaje": "Caduco",
        "lon": -70.05294,
        "lat": -38.898903,
        "imagen": "FRAXINUS AMERICANA.gif\n",
        "url_ficha": "https://www.arbolesurbanos.com.ar/fraxinus-americana-fresno-blanco/",
        "thumbnail": "/thumbnails/fresno-americano.jpg"
      },
      "geometry": {
        "type": "Point",
        "coordinates": [
          -70.05294,
          -38.898903
        ]
      }
    },
    {
      "type": "Feature",
      "properties": {
        "nombrevulgar": "Acacia blanca",
        "nombrecientifico": "Robinia pseudoacacia",
        "magnitud": 2,
        "tipo": "Latifoliada",
        "follaje": "Caduco",
        "lon": -70.053058,
        "lat": -38.898962,
        "imagen": "ROBINIA PSEUDOACACIA.gif",
        "url_ficha": "https://www.arbolesurbanos.com.ar/robinia-pseudoacacia-acacia-blanca",
        "thumbnail": "/thumbnails/acacia-blanca.jpg"
      },
      "geometry": {
        "type": "Point",
        "coordinates": [
          -70.053058,
          -38.898962
        ]
      }
    },
    {
      "type": "Feature",
      "properties": {
        "nombrevulgar": "Acacia blanca",
        "nombrecientifico": "Robinia pseudoacacia",
        "magnitud": 2,
        "tipo": "Latifoliada",
        "follaje": "Caduco",
        "lon": -70.053149,
        "lat": -38.899017,
        "imagen": "ROBINIA PSEUDOACACIA.gif",
        "url_ficha": "https://www.arbolesurbanos.com.ar/robinia-pseudoacacia-acacia-blanca",
        "thumbnail": "/thumbnails/acacia-blanca.jpg"
      },
      "geometry": {
        "type": "Point",
        "coordinates": [
          -70.053149,
          -38.899017
        ]
      }
    },
    {
      "type": "Feature",
      "properties": {
        "nombrevulgar": "Acacia blanca",
        "nombrecientifico": "Robinia pseudoacacia",
        "magnitud": 2,
        "tipo": "Latifoliada",
        "follaje": "Caduco",
        "lon": -70.053105,
        "lat": -38.899058,
        "imagen": "ROBINIA PSEUDOACACIA.gif",
        "url_ficha": "https://www.arbolesurbanos.com.ar/robinia-pseudoacacia-acacia-blanca",
        "thumbnail": "/thumbnails/acacia-blanca.jpg"
      },
      "geometry": {
        "type": "Point",
        "coordinates": [
          -70.053105,
          -38.899058
        ]
      }
    },
    {
      "type": "Feature",
      "properties": {
        "nombrevulgar": "Acacia blanca",
        "nombrecientifico": "Robinia pseudoacacia",
        "magnitud": 2,
        "tipo": "Latifoliada",
        "follaje": "Caduco",
        "lon": -70.053149,
        "lat": -38.899038,
        "imagen": "ROBINIA PSEUDOACACIA.gif",
        "url_ficha": "https://www.arbolesurbanos.com.ar/robinia-pseudoacacia-acacia-blanca",
        "thumbnail": "/thumbnails/acacia-blanca.jpg"
      },
      "geometry": {
        "type": "Point",
        "coordinates": [
          -70.053149,
          -38.899038
        ]
      }
    },
    {
      "type": "Feature",
      "properties": {
        "nombrevulgar": "Acacia blanca",
        "nombrecientifico": "Robinia pseudoacacia",
        "magnitud": 2,
        "tipo": "Latifoliada",
        "follaje": "Caduco",
        "lon": -70.053168,
        "lat": -38.899055,
        "imagen": "ROBINIA PSEUDOACACIA.gif",
        "url_ficha": "https://www.arbolesurbanos.com.ar/robinia-pseudoacacia-acacia-blanca",
        "thumbnail": "/thumbnails/acacia-blanca.jpg"
      },
      "geometry": {
        "type": "Point",
        "coordinates": [
          -70.053168,
          -38.899055
        ]
      }
    },
    {
      "type": "Feature",
      "properties": {
        "nombrevulgar": "Fresno blanco",
        "nombrecientifico": "Fraxinus americana",
        "magnitud": 1,
        "tipo": "Latifoliada",
        "follaje": "Caduco",
        "lon": -70.053067,
        "lat": -38.89909,
        "imagen": "FRAXINUS AMERICANA.gif\n",
        "url_ficha": "https://www.arbolesurbanos.com.ar/fraxinus-americana-fresno-blanco/",
        "thumbnail": "/thumbnails/fresno-americano.jpg"
      },
      "geometry": {
        "type": "Point",
        "coordinates": [
          -70.053067,
          -38.89909
        ]
      }
    },
    {
      "type": "Feature",
      "properties": {
        "nombrevulgar": "Olmo siberiano",
        "nombrecientifico": "Ulmus pumila",
        "magnitud": 2,
        "tipo": "Latifoliada",
        "follaje": "Caduco",
        "lon": -70.052963,
        "lat": -38.899079,
        "imagen": "ULMUS PUMILA.gif\n",
        "url_ficha": "https://www.arbolesurbanos.com.ar/ulmus-pumila-olmo-siberiano/",
        "thumbnail": "/thumbnails/ulmus-pumilia.jpg"
      },
      "geometry": {
        "type": "Point",
        "coordinates": [
          -70.052963,
          -38.899079
        ]
      }
    },
    {
      "type": "Feature",
      "properties": {
        "nombrevulgar": "Acacia blanca",
        "nombrecientifico": "Robinia pseudoacacia",
        "magnitud": 2,
        "tipo": "Latifoliada",
        "follaje": "Caduco",
        "lon": -70.052889,
        "lat": -38.899012,
        "imagen": "ROBINIA PSEUDOACACIA.gif",
        "url_ficha": "https://www.arbolesurbanos.com.ar/robinia-pseudoacacia-acacia-blanca",
        "thumbnail": "/thumbnails/acacia-blanca.jpg"
      },
      "geometry": {
        "type": "Point",
        "coordinates": [
          -70.052889,
          -38.899012
        ]
      }
    },
    {
      "type": "Feature",
      "properties": {
        "nombrevulgar": "Olmo siberiano",
        "nombrecientifico": "Ulmus pumila",
        "magnitud": 2,
        "tipo": "Latifoliada",
        "follaje": "Caduco",
        "lon": -70.052889,
        "lat": -38.899056,
        "imagen": "ULMUS PUMILA.gif\n",
        "url_ficha": "https://www.arbolesurbanos.com.ar/ulmus-pumila-olmo-siberiano/",
        "thumbnail": "/thumbnails/ulmus-pumilia.jpg"
      },
      "geometry": {
        "type": "Point",
        "coordinates": [
          -70.052889,
          -38.899056
        ]
      }
    },
    {
      "type": "Feature",
      "properties": {
        "nombrevulgar": "Acacia blanca",
        "nombrecientifico": "Robinia pseudoacacia",
        "magnitud": 2,
        "tipo": "Latifoliada",
        "follaje": "Caduco",
        "lon": -70.052925,
        "lat": -38.899037,
        "imagen": "ROBINIA PSEUDOACACIA.gif",
        "url_ficha": "https://www.arbolesurbanos.com.ar/robinia-pseudoacacia-acacia-blanca",
        "thumbnail": "/thumbnails/acacia-blanca.jpg"
      },
      "geometry": {
        "type": "Point",
        "coordinates": [
          -70.052925,
          -38.899037
        ]
      }
    },
    {
      "type": "Feature",
      "properties": {
        "nombrevulgar": "Acacia blanca",
        "nombrecientifico": "Robinia pseudoacacia",
        "magnitud": 2,
        "tipo": "Latifoliada",
        "follaje": "Caduco",
        "lon": -70.05289,
        "lat": -38.89907,
        "imagen": "ROBINIA PSEUDOACACIA.gif",
        "url_ficha": "https://www.arbolesurbanos.com.ar/robinia-pseudoacacia-acacia-blanca",
        "thumbnail": "/thumbnails/acacia-blanca.jpg"
      },
      "geometry": {
        "type": "Point",
        "coordinates": [
          -70.05289,
          -38.89907
        ]
      }
    },
    {
      "type": "Feature",
      "properties": {
        "nombrevulgar": "Olmo siberiano",
        "nombrecientifico": "Ulmus pumila",
        "magnitud": 2,
        "tipo": "Latifoliada",
        "follaje": "Caduco",
        "lon": -70.052989,
        "lat": -38.899055,
        "imagen": "ULMUS PUMILA.gif\n",
        "url_ficha": "https://www.arbolesurbanos.com.ar/ulmus-pumila-olmo-siberiano/",
        "thumbnail": "/thumbnails/ulmus-pumilia.jpg"
      },
      "geometry": {
        "type": "Point",
        "coordinates": [
          -70.052989,
          -38.899055
        ]
      }
    },
    {
      "type": "Feature",
      "properties": {
        "nombrevulgar": "Olmo siberiano",
        "nombrecientifico": "Ulmus pumila",
        "magnitud": 2,
        "tipo": "Latifoliada",
        "follaje": "Caduco",
        "lon": -70.053147,
        "lat": -38.8991,
        "imagen": "ULMUS PUMILA.gif\n",
        "url_ficha": "https://www.arbolesurbanos.com.ar/ulmus-pumila-olmo-siberiano/",
        "thumbnail": "/thumbnails/ulmus-pumilia.jpg"
      },
      "geometry": {
        "type": "Point",
        "coordinates": [
          -70.053147,
          -38.8991
        ]
      }
    },
    {
      "type": "Feature",
      "properties": {
        "nombrevulgar": "Olmo siberiano",
        "nombrecientifico": "Ulmus pumila",
        "magnitud": 2,
        "tipo": "Latifoliada",
        "follaje": "Caduco",
        "lon": -70.053111,
        "lat": -38.899103,
        "imagen": "ULMUS PUMILA.gif\n",
        "url_ficha": "https://www.arbolesurbanos.com.ar/ulmus-pumila-olmo-siberiano/",
        "thumbnail": "/thumbnails/ulmus-pumilia.jpg"
      },
      "geometry": {
        "type": "Point",
        "coordinates": [
          -70.053111,
          -38.899103
        ]
      }
    },
    {
      "type": "Feature",
      "properties": {
        "nombrevulgar": "Olmo siberiano",
        "nombrecientifico": "Ulmus pumila",
        "magnitud": 2,
        "tipo": "Latifoliada",
        "follaje": "Caduco",
        "lon": -70.052991,
        "lat": -38.899059,
        "imagen": "ULMUS PUMILA.gif\n",
        "url_ficha": "https://www.arbolesurbanos.com.ar/ulmus-pumila-olmo-siberiano/",
        "thumbnail": "/thumbnails/ulmus-pumilia.jpg"
      },
      "geometry": {
        "type": "Point",
        "coordinates": [
          -70.052991,
          -38.899059
        ]
      }
    },
    {
      "type": "Feature",
      "properties": {
        "nombrevulgar": "Olmo siberiano",
        "nombrecientifico": "Ulmus pumila",
        "magnitud": 2,
        "tipo": "Latifoliada",
        "follaje": "Caduco",
        "lon": -70.053104,
        "lat": -38.899014,
        "imagen": "ULMUS PUMILA.gif\n",
        "url_ficha": "https://www.arbolesurbanos.com.ar/ulmus-pumila-olmo-siberiano/",
        "thumbnail": "/thumbnails/ulmus-pumilia.jpg"
      },
      "geometry": {
        "type": "Point",
        "coordinates": [
          -70.053104,
          -38.899014
        ]
      }
    },
    {
      "type": "Feature",
      "properties": {
        "nombrevulgar": "Olmo siberiano",
        "nombrecientifico": "Ulmus pumila",
        "magnitud": 2,
        "tipo": "Latifoliada",
        "follaje": "Caduco",
        "lon": -70.053225,
        "lat": -38.899075,
        "imagen": "ULMUS PUMILA.gif\n",
        "url_ficha": "https://www.arbolesurbanos.com.ar/ulmus-pumila-olmo-siberiano/",
        "thumbnail": "/thumbnails/ulmus-pumilia.jpg"
      },
      "geometry": {
        "type": "Point",
        "coordinates": [
          -70.053225,
          -38.899075
        ]
      }
    },
    {
      "type": "Feature",
      "properties": {
        "nombrevulgar": "Olmo siberiano",
        "nombrecientifico": "Ulmus pumila",
        "magnitud": 2,
        "tipo": "Latifoliada",
        "follaje": "Caduco",
        "lon": -70.052913,
        "lat": -38.899127,
        "imagen": "ULMUS PUMILA.gif\n",
        "url_ficha": "https://www.arbolesurbanos.com.ar/ulmus-pumila-olmo-siberiano/",
        "thumbnail": "/thumbnails/ulmus-pumilia.jpg"
      },
      "geometry": {
        "type": "Point",
        "coordinates": [
          -70.052913,
          -38.899127
        ]
      }
    },
    {
      "type": "Feature",
      "properties": {
        "nombrevulgar": "Alamo negro",
        "nombrecientifico": "Populus nigra",
        "magnitud": 1,
        "tipo": "Latifoliada",
        "follaje": "Caduco",
        "lon": -70.05303,
        "lat": -38.899143,
        "imagen": "POPULUS NIGRA CV ITALICA.gif",
        "url_ficha": "https://www.arbolesurbanos.com.ar/populus-nigra-alamo-criollo/",
        "thumbnail": "/thumbnails/populus-nigra.jpg"
      },
      "geometry": {
        "type": "Point",
        "coordinates": [
          -70.05303,
          -38.899143
        ]
      }
    },
    {
      "type": "Feature",
      "properties": {
        "nombrevulgar": "Alamo negro",
        "nombrecientifico": "Populus nigra",
        "magnitud": 1,
        "tipo": "Latifoliada",
        "follaje": "Caduco",
        "lon": -70.053119,
        "lat": -38.899173,
        "imagen": "POPULUS NIGRA CV ITALICA.gif",
        "url_ficha": "https://www.arbolesurbanos.com.ar/populus-nigra-alamo-criollo/",
        "thumbnail": "/thumbnails/populus-nigra.jpg"
      },
      "geometry": {
        "type": "Point",
        "coordinates": [
          -70.053119,
          -38.899173
        ]
      }
    },
    {
      "type": "Feature",
      "properties": {
        "nombrevulgar": "Olmo siberiano",
        "nombrecientifico": "Ulmus pumila",
        "magnitud": 2,
        "tipo": "Latifoliada",
        "follaje": "Caduco",
        "lon": -70.0532,
        "lat": -38.899119,
        "imagen": "ULMUS PUMILA.gif\n",
        "url_ficha": "https://www.arbolesurbanos.com.ar/ulmus-pumila-olmo-siberiano/",
        "thumbnail": "/thumbnails/ulmus-pumilia.jpg"
      },
      "geometry": {
        "type": "Point",
        "coordinates": [
          -70.0532,
          -38.899119
        ]
      }
    },
    {
      "type": "Feature",
      "properties": {
        "nombrevulgar": "Acacia blanca",
        "nombrecientifico": "Robinia pseudoacacia",
        "magnitud": 2,
        "tipo": "Latifoliada",
        "follaje": "Caduco",
        "lon": -70.053195,
        "lat": -38.899082,
        "imagen": "ROBINIA PSEUDOACACIA.gif",
        "url_ficha": "https://www.arbolesurbanos.com.ar/robinia-pseudoacacia-acacia-blanca",
        "thumbnail": "/thumbnails/acacia-blanca.jpg"
      },
      "geometry": {
        "type": "Point",
        "coordinates": [
          -70.053195,
          -38.899082
        ]
      }
    },
    {
      "type": "Feature",
      "properties": {
        "nombrevulgar": "Alamo negro",
        "nombrecientifico": "Populus nigra",
        "magnitud": 1,
        "tipo": "Latifoliada",
        "follaje": "Caduco",
        "lon": -70.052914,
        "lat": -38.899097,
        "imagen": "POPULUS NIGRA CV ITALICA.gif",
        "url_ficha": "https://www.arbolesurbanos.com.ar/populus-nigra-alamo-criollo/",
        "thumbnail": "/thumbnails/populus-nigra.jpg"
      },
      "geometry": {
        "type": "Point",
        "coordinates": [
          -70.052914,
          -38.899097
        ]
      }
    },
    {
      "type": "Feature",
      "properties": {
        "nombrevulgar": "Olmo siberiano",
        "nombrecientifico": "Ulmus pumila",
        "magnitud": 2,
        "tipo": "Latifoliada",
        "follaje": "Caduco",
        "lon": -70.052994,
        "lat": -38.899228,
        "imagen": "ULMUS PUMILA.gif\n",
        "url_ficha": "https://www.arbolesurbanos.com.ar/ulmus-pumila-olmo-siberiano/",
        "thumbnail": "/thumbnails/ulmus-pumilia.jpg"
      },
      "geometry": {
        "type": "Point",
        "coordinates": [
          -70.052994,
          -38.899228
        ]
      }
    },
    {
      "type": "Feature",
      "properties": {
        "nombrevulgar": "Alamo negro",
        "nombrecientifico": "Populus nigra",
        "magnitud": 1,
        "tipo": "Latifoliada",
        "follaje": "Caduco",
        "lon": -70.052977,
        "lat": -38.89917,
        "imagen": "POPULUS NIGRA CV ITALICA.gif",
        "url_ficha": "https://www.arbolesurbanos.com.ar/populus-nigra-alamo-criollo/",
        "thumbnail": "/thumbnails/populus-nigra.jpg"
      },
      "geometry": {
        "type": "Point",
        "coordinates": [
          -70.052977,
          -38.89917
        ]
      }
    },
    {
      "type": "Feature",
      "properties": {
        "nombrevulgar": "Alamo negro",
        "nombrecientifico": "Populus nigra",
        "magnitud": 1,
        "tipo": "Latifoliada",
        "follaje": "Caduco",
        "lon": -70.053228,
        "lat": -38.899116,
        "imagen": "POPULUS NIGRA CV ITALICA.gif",
        "url_ficha": "https://www.arbolesurbanos.com.ar/populus-nigra-alamo-criollo/",
        "thumbnail": "/thumbnails/populus-nigra.jpg"
      },
      "geometry": {
        "type": "Point",
        "coordinates": [
          -70.053228,
          -38.899116
        ]
      }
    },
    {
      "type": "Feature",
      "properties": {
        "nombrevulgar": "Olmo siberiano",
        "nombrecientifico": "Ulmus pumila",
        "magnitud": 2,
        "tipo": "Latifoliada",
        "follaje": "Caduco",
        "lon": -70.053056,
        "lat": -38.899174,
        "imagen": "ULMUS PUMILA.gif\n",
        "url_ficha": "https://www.arbolesurbanos.com.ar/ulmus-pumila-olmo-siberiano/",
        "thumbnail": "/thumbnails/ulmus-pumilia.jpg"
      },
      "geometry": {
        "type": "Point",
        "coordinates": [
          -70.053056,
          -38.899174
        ]
      }
    },
    {
      "type": "Feature",
      "properties": {
        "nombrevulgar": "Alamo negro",
        "nombrecientifico": "Populus nigra",
        "magnitud": 1,
        "tipo": "Latifoliada",
        "follaje": "Caduco",
        "lon": -70.052784,
        "lat": -38.899123,
        "imagen": "POPULUS NIGRA CV ITALICA.gif",
        "url_ficha": "https://www.arbolesurbanos.com.ar/populus-nigra-alamo-criollo/",
        "thumbnail": "/thumbnails/populus-nigra.jpg"
      },
      "geometry": {
        "type": "Point",
        "coordinates": [
          -70.052784,
          -38.899123
        ]
      }
    },
    {
      "type": "Feature",
      "properties": {
        "nombrevulgar": "Acacia blanca",
        "nombrecientifico": "Robinia pseudoacacia",
        "magnitud": 2,
        "tipo": "Latifoliada",
        "follaje": "Caduco",
        "lon": -70.053347,
        "lat": -38.898892,
        "imagen": "ROBINIA PSEUDOACACIA.gif",
        "url_ficha": "https://www.arbolesurbanos.com.ar/robinia-pseudoacacia-acacia-blanca",
        "thumbnail": "/thumbnails/acacia-blanca.jpg"
      },
      "geometry": {
        "type": "Point",
        "coordinates": [
          -70.053347,
          -38.898892
        ]
      }
    },
    {
      "type": "Feature",
      "properties": {
        "nombrevulgar": "Acacia blanca",
        "nombrecientifico": "Robinia pseudoacacia",
        "magnitud": 2,
        "tipo": "Latifoliada",
        "follaje": "Caduco",
        "lon": -70.053342,
        "lat": -38.898973,
        "imagen": "ROBINIA PSEUDOACACIA.gif",
        "url_ficha": "https://www.arbolesurbanos.com.ar/robinia-pseudoacacia-acacia-blanca",
        "thumbnail": "/thumbnails/acacia-blanca.jpg"
      },
      "geometry": {
        "type": "Point",
        "coordinates": [
          -70.053342,
          -38.898973
        ]
      }
    },
    {
      "type": "Feature",
      "properties": {
        "nombrevulgar": "Acacia blanca",
        "nombrecientifico": "Robinia pseudoacacia",
        "magnitud": 2,
        "tipo": "Latifoliada",
        "follaje": "Caduco",
        "lon": -70.053236,
        "lat": -38.898889,
        "imagen": "ROBINIA PSEUDOACACIA.gif",
        "url_ficha": "https://www.arbolesurbanos.com.ar/robinia-pseudoacacia-acacia-blanca",
        "thumbnail": "/thumbnails/acacia-blanca.jpg"
      },
      "geometry": {
        "type": "Point",
        "coordinates": [
          -70.053236,
          -38.898889
        ]
      }
    },
    {
      "type": "Feature",
      "properties": {
        "nombrevulgar": "Olmo siberiano",
        "nombrecientifico": "Ulmus pumila",
        "magnitud": 2,
        "tipo": "Latifoliada",
        "follaje": "Caduco",
        "lon": -70.05323,
        "lat": -38.898833,
        "imagen": "ULMUS PUMILA.gif\n",
        "url_ficha": "https://www.arbolesurbanos.com.ar/ulmus-pumila-olmo-siberiano/",
        "thumbnail": "/thumbnails/ulmus-pumilia.jpg"
      },
      "geometry": {
        "type": "Point",
        "coordinates": [
          -70.05323,
          -38.898833
        ]
      }
    },
    {
      "type": "Feature",
      "properties": {
        "nombrevulgar": "Acacia blanca",
        "nombrecientifico": "Robinia pseudoacacia",
        "magnitud": 2,
        "tipo": "Latifoliada",
        "follaje": "Caduco",
        "lon": -70.053285,
        "lat": -38.898882,
        "imagen": "ROBINIA PSEUDOACACIA.gif",
        "url_ficha": "https://www.arbolesurbanos.com.ar/robinia-pseudoacacia-acacia-blanca",
        "thumbnail": "/thumbnails/acacia-blanca.jpg"
      },
      "geometry": {
        "type": "Point",
        "coordinates": [
          -70.053285,
          -38.898882
        ]
      }
    },
    {
      "type": "Feature",
      "properties": {
        "nombrevulgar": "Olmo siberiano",
        "nombrecientifico": "Ulmus pumila",
        "magnitud": 2,
        "tipo": "Latifoliada",
        "follaje": "Caduco",
        "lon": -70.053287,
        "lat": -38.898903,
        "imagen": "ULMUS PUMILA.gif\n",
        "url_ficha": "https://www.arbolesurbanos.com.ar/ulmus-pumila-olmo-siberiano/",
        "thumbnail": "/thumbnails/ulmus-pumilia.jpg"
      },
      "geometry": {
        "type": "Point",
        "coordinates": [
          -70.053287,
          -38.898903
        ]
      }
    },
    {
      "type": "Feature",
      "properties": {
        "nombrevulgar": "Acacia blanca",
        "nombrecientifico": "Robinia pseudoacacia",
        "magnitud": 2,
        "tipo": "Latifoliada",
        "follaje": "Caduco",
        "lon": -70.053242,
        "lat": -38.89899,
        "imagen": "ROBINIA PSEUDOACACIA.gif",
        "url_ficha": "https://www.arbolesurbanos.com.ar/robinia-pseudoacacia-acacia-blanca",
        "thumbnail": "/thumbnails/acacia-blanca.jpg"
      },
      "geometry": {
        "type": "Point",
        "coordinates": [
          -70.053242,
          -38.89899
        ]
      }
    },
    {
      "type": "Feature",
      "properties": {
        "nombrevulgar": "Acacia blanca",
        "nombrecientifico": "Robinia pseudoacacia",
        "magnitud": 2,
        "tipo": "Latifoliada",
        "follaje": "Caduco",
        "lon": -70.05321,
        "lat": -38.898895,
        "imagen": "ROBINIA PSEUDOACACIA.gif",
        "url_ficha": "https://www.arbolesurbanos.com.ar/robinia-pseudoacacia-acacia-blanca",
        "thumbnail": "/thumbnails/acacia-blanca.jpg"
      },
      "geometry": {
        "type": "Point",
        "coordinates": [
          -70.05321,
          -38.898895
        ]
      }
    },
    {
      "type": "Feature",
      "properties": {
        "nombrevulgar": "Acacia blanca",
        "nombrecientifico": "Robinia pseudoacacia",
        "magnitud": 2,
        "tipo": "Latifoliada",
        "follaje": "Caduco",
        "lon": -70.053219,
        "lat": -38.898995,
        "imagen": "ROBINIA PSEUDOACACIA.gif",
        "url_ficha": "https://www.arbolesurbanos.com.ar/robinia-pseudoacacia-acacia-blanca",
        "thumbnail": "/thumbnails/acacia-blanca.jpg"
      },
      "geometry": {
        "type": "Point",
        "coordinates": [
          -70.053219,
          -38.898995
        ]
      }
    },
    {
      "type": "Feature",
      "properties": {
        "nombrevulgar": "Olmo siberiano",
        "nombrecientifico": "Ulmus pumila",
        "magnitud": 2,
        "tipo": "Latifoliada",
        "follaje": "Caduco",
        "lon": -70.053362,
        "lat": -38.898833,
        "imagen": "ULMUS PUMILA.gif\n",
        "url_ficha": "https://www.arbolesurbanos.com.ar/ulmus-pumila-olmo-siberiano/",
        "thumbnail": "/thumbnails/ulmus-pumilia.jpg"
      },
      "geometry": {
        "type": "Point",
        "coordinates": [
          -70.053362,
          -38.898833
        ]
      }
    },
    {
      "type": "Feature",
      "properties": {
        "nombrevulgar": "Acacia blanca",
        "nombrecientifico": "Robinia pseudoacacia",
        "magnitud": 2,
        "tipo": "Latifoliada",
        "follaje": "Caduco",
        "lon": -70.053178,
        "lat": -38.898954,
        "imagen": "ROBINIA PSEUDOACACIA.gif",
        "url_ficha": "https://www.arbolesurbanos.com.ar/robinia-pseudoacacia-acacia-blanca",
        "thumbnail": "/thumbnails/acacia-blanca.jpg"
      },
      "geometry": {
        "type": "Point",
        "coordinates": [
          -70.053178,
          -38.898954
        ]
      }
    },
    {
      "type": "Feature",
      "properties": {
        "nombrevulgar": "Acacia blanca",
        "nombrecientifico": "Robinia pseudoacacia",
        "magnitud": 2,
        "tipo": "Latifoliada",
        "follaje": "Caduco",
        "lon": -70.05347,
        "lat": -38.898932,
        "imagen": "ROBINIA PSEUDOACACIA.gif",
        "url_ficha": "https://www.arbolesurbanos.com.ar/robinia-pseudoacacia-acacia-blanca",
        "thumbnail": "/thumbnails/acacia-blanca.jpg"
      },
      "geometry": {
        "type": "Point",
        "coordinates": [
          -70.05347,
          -38.898932
        ]
      }
    },
    {
      "type": "Feature",
      "properties": {
        "nombrevulgar": "Fresno blanco",
        "nombrecientifico": "Fraxinus americana",
        "magnitud": 1,
        "tipo": "Latifoliada",
        "follaje": "Caduco",
        "lon": -70.053373,
        "lat": -38.898896,
        "imagen": "FRAXINUS AMERICANA.gif\n",
        "url_ficha": "https://www.arbolesurbanos.com.ar/fraxinus-americana-fresno-blanco/",
        "thumbnail": "/thumbnails/fresno-americano.jpg"
      },
      "geometry": {
        "type": "Point",
        "coordinates": [
          -70.053373,
          -38.898896
        ]
      }
    },
    {
      "type": "Feature",
      "properties": {
        "nombrevulgar": "Olmo siberiano",
        "nombrecientifico": "Ulmus pumila",
        "magnitud": 2,
        "tipo": "Latifoliada",
        "follaje": "Caduco",
        "lon": -70.053301,
        "lat": -38.899133,
        "imagen": "ULMUS PUMILA.gif\n",
        "url_ficha": "https://www.arbolesurbanos.com.ar/ulmus-pumila-olmo-siberiano/",
        "thumbnail": "/thumbnails/ulmus-pumilia.jpg"
      },
      "geometry": {
        "type": "Point",
        "coordinates": [
          -70.053301,
          -38.899133
        ]
      }
    },
    {
      "type": "Feature",
      "properties": {
        "nombrevulgar": "Olmo siberiano",
        "nombrecientifico": "Ulmus pumila",
        "magnitud": 2,
        "tipo": "Latifoliada",
        "follaje": "Caduco",
        "lon": -70.053382,
        "lat": -38.898988,
        "imagen": "ULMUS PUMILA.gif\n",
        "url_ficha": "https://www.arbolesurbanos.com.ar/ulmus-pumila-olmo-siberiano/",
        "thumbnail": "/thumbnails/ulmus-pumilia.jpg"
      },
      "geometry": {
        "type": "Point",
        "coordinates": [
          -70.053382,
          -38.898988
        ]
      }
    },
    {
      "type": "Feature",
      "properties": {
        "nombrevulgar": "Olmo siberiano",
        "nombrecientifico": "Ulmus pumila",
        "magnitud": 2,
        "tipo": "Latifoliada",
        "follaje": "Caduco",
        "lon": -70.05354,
        "lat": -38.89894,
        "imagen": "ULMUS PUMILA.gif\n",
        "url_ficha": "https://www.arbolesurbanos.com.ar/ulmus-pumila-olmo-siberiano/",
        "thumbnail": "/thumbnails/ulmus-pumilia.jpg"
      },
      "geometry": {
        "type": "Point",
        "coordinates": [
          -70.05354,
          -38.89894
        ]
      }
    },
    {
      "type": "Feature",
      "properties": {
        "nombrevulgar": "Acacia blanca",
        "nombrecientifico": "Robinia pseudoacacia",
        "magnitud": 2,
        "tipo": "Latifoliada",
        "follaje": "Caduco",
        "lon": -70.053345,
        "lat": -38.89899,
        "imagen": "ROBINIA PSEUDOACACIA.gif",
        "url_ficha": "https://www.arbolesurbanos.com.ar/robinia-pseudoacacia-acacia-blanca",
        "thumbnail": "/thumbnails/acacia-blanca.jpg"
      },
      "geometry": {
        "type": "Point",
        "coordinates": [
          -70.053345,
          -38.89899
        ]
      }
    },
    {
      "type": "Feature",
      "properties": {
        "nombrevulgar": "Fresno blanco",
        "nombrecientifico": "Fraxinus americana",
        "magnitud": 1,
        "tipo": "Latifoliada",
        "follaje": "Caduco",
        "lon": -70.053653,
        "lat": -38.898928,
        "imagen": "FRAXINUS AMERICANA.gif\n",
        "url_ficha": "https://www.arbolesurbanos.com.ar/fraxinus-americana-fresno-blanco/",
        "thumbnail": "/thumbnails/fresno-americano.jpg"
      },
      "geometry": {
        "type": "Point",
        "coordinates": [
          -70.053653,
          -38.898928
        ]
      }
    },
    {
      "type": "Feature",
      "properties": {
        "nombrevulgar": "Olmo siberiano",
        "nombrecientifico": "Ulmus pumila",
        "magnitud": 2,
        "tipo": "Latifoliada",
        "follaje": "Caduco",
        "lon": -70.053466,
        "lat": -38.898912,
        "imagen": "ULMUS PUMILA.gif\n",
        "url_ficha": "https://www.arbolesurbanos.com.ar/ulmus-pumila-olmo-siberiano/",
        "thumbnail": "/thumbnails/ulmus-pumilia.jpg"
      },
      "geometry": {
        "type": "Point",
        "coordinates": [
          -70.053466,
          -38.898912
        ]
      }
    },
    {
      "type": "Feature",
      "properties": {
        "nombrevulgar": "Acacia blanca",
        "nombrecientifico": "Robinia pseudoacacia",
        "magnitud": 2,
        "tipo": "Latifoliada",
        "follaje": "Caduco",
        "lon": -70.053253,
        "lat": -38.899059,
        "imagen": "ROBINIA PSEUDOACACIA.gif",
        "url_ficha": "https://www.arbolesurbanos.com.ar/robinia-pseudoacacia-acacia-blanca",
        "thumbnail": "/thumbnails/acacia-blanca.jpg"
      },
      "geometry": {
        "type": "Point",
        "coordinates": [
          -70.053253,
          -38.899059
        ]
      }
    },
    {
      "type": "Feature",
      "properties": {
        "nombrevulgar": "Acacia blanca",
        "nombrecientifico": "Robinia pseudoacacia",
        "magnitud": 2,
        "tipo": "Latifoliada",
        "follaje": "Caduco",
        "lon": -70.053396,
        "lat": -38.898857,
        "imagen": "ROBINIA PSEUDOACACIA.gif",
        "url_ficha": "https://www.arbolesurbanos.com.ar/robinia-pseudoacacia-acacia-blanca",
        "thumbnail": "/thumbnails/acacia-blanca.jpg"
      },
      "geometry": {
        "type": "Point",
        "coordinates": [
          -70.053396,
          -38.898857
        ]
      }
    },
    {
      "type": "Feature",
      "properties": {
        "nombrevulgar": "Acacia blanca",
        "nombrecientifico": "Robinia pseudoacacia",
        "magnitud": 2,
        "tipo": "Latifoliada",
        "follaje": "Caduco",
        "lon": -70.053271,
        "lat": -38.899077,
        "imagen": "ROBINIA PSEUDOACACIA.gif",
        "url_ficha": "https://www.arbolesurbanos.com.ar/robinia-pseudoacacia-acacia-blanca",
        "thumbnail": "/thumbnails/acacia-blanca.jpg"
      },
      "geometry": {
        "type": "Point",
        "coordinates": [
          -70.053271,
          -38.899077
        ]
      }
    },
    {
      "type": "Feature",
      "properties": {
        "nombrevulgar": "Acacia blanca",
        "nombrecientifico": "Robinia pseudoacacia",
        "magnitud": 2,
        "tipo": "Latifoliada",
        "follaje": "Caduco",
        "lon": -70.053275,
        "lat": -38.899018,
        "imagen": "ROBINIA PSEUDOACACIA.gif",
        "url_ficha": "https://www.arbolesurbanos.com.ar/robinia-pseudoacacia-acacia-blanca",
        "thumbnail": "/thumbnails/acacia-blanca.jpg"
      },
      "geometry": {
        "type": "Point",
        "coordinates": [
          -70.053275,
          -38.899018
        ]
      }
    },
    {
      "type": "Feature",
      "properties": {
        "nombrevulgar": "Fresno blanco",
        "nombrecientifico": "Fraxinus americana",
        "magnitud": 1,
        "tipo": "Latifoliada",
        "follaje": "Caduco",
        "lon": -70.053602,
        "lat": -38.898931,
        "imagen": "FRAXINUS AMERICANA.gif\n",
        "url_ficha": "https://www.arbolesurbanos.com.ar/fraxinus-americana-fresno-blanco/",
        "thumbnail": "/thumbnails/fresno-americano.jpg"
      },
      "geometry": {
        "type": "Point",
        "coordinates": [
          -70.053602,
          -38.898931
        ]
      }
    },
    {
      "type": "Feature",
      "properties": {
        "nombrevulgar": "Alamo negro",
        "nombrecientifico": "Populus nigra",
        "magnitud": 1,
        "tipo": "Latifoliada",
        "follaje": "Caduco",
        "lon": -70.053337,
        "lat": -38.899096,
        "imagen": "POPULUS NIGRA CV ITALICA.gif",
        "url_ficha": "https://www.arbolesurbanos.com.ar/populus-nigra-alamo-criollo/",
        "thumbnail": "/thumbnails/populus-nigra.jpg"
      },
      "geometry": {
        "type": "Point",
        "coordinates": [
          -70.053337,
          -38.899096
        ]
      }
    },
    {
      "type": "Feature",
      "properties": {
        "nombrevulgar": "Olmo siberiano",
        "nombrecientifico": "Ulmus pumila",
        "magnitud": 2,
        "tipo": "Latifoliada",
        "follaje": "Caduco",
        "lon": -70.05338,
        "lat": -38.898986,
        "imagen": "ULMUS PUMILA.gif\n",
        "url_ficha": "https://www.arbolesurbanos.com.ar/ulmus-pumila-olmo-siberiano/",
        "thumbnail": "/thumbnails/ulmus-pumilia.jpg"
      },
      "geometry": {
        "type": "Point",
        "coordinates": [
          -70.05338,
          -38.898986
        ]
      }
    },
    {
      "type": "Feature",
      "properties": {
        "nombrevulgar": "Olmo siberiano",
        "nombrecientifico": "Ulmus pumila",
        "magnitud": 2,
        "tipo": "Latifoliada",
        "follaje": "Caduco",
        "lon": -70.053475,
        "lat": -38.898947,
        "imagen": "ULMUS PUMILA.gif\n",
        "url_ficha": "https://www.arbolesurbanos.com.ar/ulmus-pumila-olmo-siberiano/",
        "thumbnail": "/thumbnails/ulmus-pumilia.jpg"
      },
      "geometry": {
        "type": "Point",
        "coordinates": [
          -70.053475,
          -38.898947
        ]
      }
    },
    {
      "type": "Feature",
      "properties": {
        "nombrevulgar": "Olmo siberiano",
        "nombrecientifico": "Ulmus pumila",
        "magnitud": 2,
        "tipo": "Latifoliada",
        "follaje": "Caduco",
        "lon": -70.053557,
        "lat": -38.898942,
        "imagen": "ULMUS PUMILA.gif\n",
        "url_ficha": "https://www.arbolesurbanos.com.ar/ulmus-pumila-olmo-siberiano/",
        "thumbnail": "/thumbnails/ulmus-pumilia.jpg"
      },
      "geometry": {
        "type": "Point",
        "coordinates": [
          -70.053557,
          -38.898942
        ]
      }
    },
    {
      "type": "Feature",
      "properties": {
        "nombrevulgar": "Acacia blanca",
        "nombrecientifico": "Robinia pseudoacacia",
        "magnitud": 2,
        "tipo": "Latifoliada",
        "follaje": "Caduco",
        "lon": -70.053479,
        "lat": -38.898959,
        "imagen": "ROBINIA PSEUDOACACIA.gif",
        "url_ficha": "https://www.arbolesurbanos.com.ar/robinia-pseudoacacia-acacia-blanca",
        "thumbnail": "/thumbnails/acacia-blanca.jpg"
      },
      "geometry": {
        "type": "Point",
        "coordinates": [
          -70.053479,
          -38.898959
        ]
      }
    },
    {
      "type": "Feature",
      "properties": {
        "nombrevulgar": "Acacia blanca",
        "nombrecientifico": "Robinia pseudoacacia",
        "magnitud": 2,
        "tipo": "Latifoliada",
        "follaje": "Caduco",
        "lon": -70.053368,
        "lat": -38.898987,
        "imagen": "ROBINIA PSEUDOACACIA.gif",
        "url_ficha": "https://www.arbolesurbanos.com.ar/robinia-pseudoacacia-acacia-blanca",
        "thumbnail": "/thumbnails/acacia-blanca.jpg"
      },
      "geometry": {
        "type": "Point",
        "coordinates": [
          -70.053368,
          -38.898987
        ]
      }
    },
    {
      "type": "Feature",
      "properties": {
        "nombrevulgar": "Acacia blanca",
        "nombrecientifico": "Robinia pseudoacacia",
        "magnitud": 2,
        "tipo": "Latifoliada",
        "follaje": "Caduco",
        "lon": -70.053404,
        "lat": -38.89897,
        "imagen": "ROBINIA PSEUDOACACIA.gif",
        "url_ficha": "https://www.arbolesurbanos.com.ar/robinia-pseudoacacia-acacia-blanca",
        "thumbnail": "/thumbnails/acacia-blanca.jpg"
      },
      "geometry": {
        "type": "Point",
        "coordinates": [
          -70.053404,
          -38.89897
        ]
      }
    },
    {
      "type": "Feature",
      "properties": {
        "nombrevulgar": "Acacia blanca",
        "nombrecientifico": "Robinia pseudoacacia",
        "magnitud": 2,
        "tipo": "Latifoliada",
        "follaje": "Caduco",
        "lon": -70.053475,
        "lat": -38.898924,
        "imagen": "ROBINIA PSEUDOACACIA.gif",
        "url_ficha": "https://www.arbolesurbanos.com.ar/robinia-pseudoacacia-acacia-blanca",
        "thumbnail": "/thumbnails/acacia-blanca.jpg"
      },
      "geometry": {
        "type": "Point",
        "coordinates": [
          -70.053475,
          -38.898924
        ]
      }
    },
    {
      "type": "Feature",
      "properties": {
        "nombrevulgar": "Olmo siberiano",
        "nombrecientifico": "Ulmus pumila",
        "magnitud": 2,
        "tipo": "Latifoliada",
        "follaje": "Caduco",
        "lon": -70.053584,
        "lat": -38.898914,
        "imagen": "ULMUS PUMILA.gif\n",
        "url_ficha": "https://www.arbolesurbanos.com.ar/ulmus-pumila-olmo-siberiano/",
        "thumbnail": "/thumbnails/ulmus-pumilia.jpg"
      },
      "geometry": {
        "type": "Point",
        "coordinates": [
          -70.053584,
          -38.898914
        ]
      }
    },
    {
      "type": "Feature",
      "properties": {
        "nombrevulgar": "Olmo siberiano",
        "nombrecientifico": "Ulmus pumila",
        "magnitud": 2,
        "tipo": "Latifoliada",
        "follaje": "Caduco",
        "lon": -70.05317,
        "lat": -38.899062,
        "imagen": "ULMUS PUMILA.gif\n",
        "url_ficha": "https://www.arbolesurbanos.com.ar/ulmus-pumila-olmo-siberiano/",
        "thumbnail": "/thumbnails/ulmus-pumilia.jpg"
      },
      "geometry": {
        "type": "Point",
        "coordinates": [
          -70.05317,
          -38.899062
        ]
      }
    },
    {
      "type": "Feature",
      "properties": {
        "nombrevulgar": "Olmo siberiano",
        "nombrecientifico": "Ulmus pumila",
        "magnitud": 2,
        "tipo": "Latifoliada",
        "follaje": "Caduco",
        "lon": -70.053523,
        "lat": -38.89899,
        "imagen": "ULMUS PUMILA.gif\n",
        "url_ficha": "https://www.arbolesurbanos.com.ar/ulmus-pumila-olmo-siberiano/",
        "thumbnail": "/thumbnails/ulmus-pumilia.jpg"
      },
      "geometry": {
        "type": "Point",
        "coordinates": [
          -70.053523,
          -38.89899
        ]
      }
    },
    {
      "type": "Feature",
      "properties": {
        "nombrevulgar": "Olmo siberiano",
        "nombrecientifico": "Ulmus pumila",
        "magnitud": 2,
        "tipo": "Latifoliada",
        "follaje": "Caduco",
        "lon": -70.053319,
        "lat": -38.899031,
        "imagen": "ULMUS PUMILA.gif\n",
        "url_ficha": "https://www.arbolesurbanos.com.ar/ulmus-pumila-olmo-siberiano/",
        "thumbnail": "/thumbnails/ulmus-pumilia.jpg"
      },
      "geometry": {
        "type": "Point",
        "coordinates": [
          -70.053319,
          -38.899031
        ]
      }
    },
    {
      "type": "Feature",
      "properties": {
        "nombrevulgar": "Olmo siberiano",
        "nombrecientifico": "Ulmus pumila",
        "magnitud": 2,
        "tipo": "Latifoliada",
        "follaje": "Caduco",
        "lon": -70.053319,
        "lat": -38.89913,
        "imagen": "ULMUS PUMILA.gif\n",
        "url_ficha": "https://www.arbolesurbanos.com.ar/ulmus-pumila-olmo-siberiano/",
        "thumbnail": "/thumbnails/ulmus-pumilia.jpg"
      },
      "geometry": {
        "type": "Point",
        "coordinates": [
          -70.053319,
          -38.89913
        ]
      }
    },
    {
      "type": "Feature",
      "properties": {
        "nombrevulgar": "Olmo siberiano",
        "nombrecientifico": "Ulmus pumila",
        "magnitud": 2,
        "tipo": "Latifoliada",
        "follaje": "Caduco",
        "lon": -70.053358,
        "lat": -38.899125,
        "imagen": "ULMUS PUMILA.gif\n",
        "url_ficha": "https://www.arbolesurbanos.com.ar/ulmus-pumila-olmo-siberiano/",
        "thumbnail": "/thumbnails/ulmus-pumilia.jpg"
      },
      "geometry": {
        "type": "Point",
        "coordinates": [
          -70.053358,
          -38.899125
        ]
      }
    },
    {
      "type": "Feature",
      "properties": {
        "nombrevulgar": "Alamo negro",
        "nombrecientifico": "Populus nigra",
        "magnitud": 1,
        "tipo": "Latifoliada",
        "follaje": "Caduco",
        "lon": -70.053444,
        "lat": -38.899141,
        "imagen": "POPULUS NIGRA CV ITALICA.gif",
        "url_ficha": "https://www.arbolesurbanos.com.ar/populus-nigra-alamo-criollo/",
        "thumbnail": "/thumbnails/populus-nigra.jpg"
      },
      "geometry": {
        "type": "Point",
        "coordinates": [
          -70.053444,
          -38.899141
        ]
      }
    },
    {
      "type": "Feature",
      "properties": {
        "nombrevulgar": "Alamo negro",
        "nombrecientifico": "Populus nigra",
        "magnitud": 1,
        "tipo": "Latifoliada",
        "follaje": "Caduco",
        "lon": -70.05353,
        "lat": -38.89906,
        "imagen": "POPULUS NIGRA CV ITALICA.gif",
        "url_ficha": "https://www.arbolesurbanos.com.ar/populus-nigra-alamo-criollo/",
        "thumbnail": "/thumbnails/populus-nigra.jpg"
      },
      "geometry": {
        "type": "Point",
        "coordinates": [
          -70.05353,
          -38.89906
        ]
      }
    },
    {
      "type": "Feature",
      "properties": {
        "nombrevulgar": "Acacia blanca",
        "nombrecientifico": "Robinia pseudoacacia",
        "magnitud": 2,
        "tipo": "Latifoliada",
        "follaje": "Caduco",
        "lon": -70.053485,
        "lat": -38.898805,
        "imagen": "ROBINIA PSEUDOACACIA.gif",
        "url_ficha": "https://www.arbolesurbanos.com.ar/robinia-pseudoacacia-acacia-blanca",
        "thumbnail": "/thumbnails/acacia-blanca.jpg"
      },
      "geometry": {
        "type": "Point",
        "coordinates": [
          -70.053485,
          -38.898805
        ]
      }
    },
    {
      "type": "Feature",
      "properties": {
        "nombrevulgar": "Olmo siberiano",
        "nombrecientifico": "Ulmus pumila",
        "magnitud": 2,
        "tipo": "Latifoliada",
        "follaje": "Caduco",
        "lon": -70.053403,
        "lat": -38.898785,
        "imagen": "ULMUS PUMILA.gif\n",
        "url_ficha": "https://www.arbolesurbanos.com.ar/ulmus-pumila-olmo-siberiano/",
        "thumbnail": "/thumbnails/ulmus-pumilia.jpg"
      },
      "geometry": {
        "type": "Point",
        "coordinates": [
          -70.053403,
          -38.898785
        ]
      }
    },
    {
      "type": "Feature",
      "properties": {
        "nombrevulgar": "Olmo siberiano",
        "nombrecientifico": "Ulmus pumila",
        "magnitud": 2,
        "tipo": "Latifoliada",
        "follaje": "Caduco",
        "lon": -70.053597,
        "lat": -38.898808,
        "imagen": "ULMUS PUMILA.gif\n",
        "url_ficha": "https://www.arbolesurbanos.com.ar/ulmus-pumila-olmo-siberiano/",
        "thumbnail": "/thumbnails/ulmus-pumilia.jpg"
      },
      "geometry": {
        "type": "Point",
        "coordinates": [
          -70.053597,
          -38.898808
        ]
      }
    },
    {
      "type": "Feature",
      "properties": {
        "nombrevulgar": "Olmo siberiano",
        "nombrecientifico": "Ulmus pumila",
        "magnitud": 2,
        "tipo": "Latifoliada",
        "follaje": "Caduco",
        "lon": -70.053482,
        "lat": -38.898715,
        "imagen": "ULMUS PUMILA.gif\n",
        "url_ficha": "https://www.arbolesurbanos.com.ar/ulmus-pumila-olmo-siberiano/",
        "thumbnail": "/thumbnails/ulmus-pumilia.jpg"
      },
      "geometry": {
        "type": "Point",
        "coordinates": [
          -70.053482,
          -38.898715
        ]
      }
    },
    {
      "type": "Feature",
      "properties": {
        "nombrevulgar": "Acacia blanca",
        "nombrecientifico": "Robinia pseudoacacia",
        "magnitud": 2,
        "tipo": "Latifoliada",
        "follaje": "Caduco",
        "lon": -70.053313,
        "lat": -38.898753,
        "imagen": "ROBINIA PSEUDOACACIA.gif",
        "url_ficha": "https://www.arbolesurbanos.com.ar/robinia-pseudoacacia-acacia-blanca",
        "thumbnail": "/thumbnails/acacia-blanca.jpg"
      },
      "geometry": {
        "type": "Point",
        "coordinates": [
          -70.053313,
          -38.898753
        ]
      }
    },
    {
      "type": "Feature",
      "properties": {
        "nombrevulgar": "Acacia blanca",
        "nombrecientifico": "Robinia pseudoacacia",
        "magnitud": 2,
        "tipo": "Latifoliada",
        "follaje": "Caduco",
        "lon": -70.053335,
        "lat": -38.898727,
        "imagen": "ROBINIA PSEUDOACACIA.gif",
        "url_ficha": "https://www.arbolesurbanos.com.ar/robinia-pseudoacacia-acacia-blanca",
        "thumbnail": "/thumbnails/acacia-blanca.jpg"
      },
      "geometry": {
        "type": "Point",
        "coordinates": [
          -70.053335,
          -38.898727
        ]
      }
    },
    {
      "type": "Feature",
      "properties": {
        "nombrevulgar": "Acacia blanca",
        "nombrecientifico": "Robinia pseudoacacia",
        "magnitud": 2,
        "tipo": "Latifoliada",
        "follaje": "Caduco",
        "lon": -70.053418,
        "lat": -38.898685,
        "imagen": "ROBINIA PSEUDOACACIA.gif",
        "url_ficha": "https://www.arbolesurbanos.com.ar/robinia-pseudoacacia-acacia-blanca",
        "thumbnail": "/thumbnails/acacia-blanca.jpg"
      },
      "geometry": {
        "type": "Point",
        "coordinates": [
          -70.053418,
          -38.898685
        ]
      }
    },
    {
      "type": "Feature",
      "properties": {
        "nombrevulgar": "Acacia blanca",
        "nombrecientifico": "Robinia pseudoacacia",
        "magnitud": 2,
        "tipo": "Latifoliada",
        "follaje": "Caduco",
        "lon": -70.053597,
        "lat": -38.898653,
        "imagen": "ROBINIA PSEUDOACACIA.gif",
        "url_ficha": "https://www.arbolesurbanos.com.ar/robinia-pseudoacacia-acacia-blanca",
        "thumbnail": "/thumbnails/acacia-blanca.jpg"
      },
      "geometry": {
        "type": "Point",
        "coordinates": [
          -70.053597,
          -38.898653
        ]
      }
    },
    {
      "type": "Feature",
      "properties": {
        "nombrevulgar": "Cipres de arizona",
        "nombrecientifico": "Cupressus arizonica",
        "magnitud": 2,
        "tipo": "Conífera",
        "follaje": "Perenne",
        "lon": -70.053558,
        "lat": -38.898793,
        "imagen": "Cupressus arizonica.gif",
        "url_ficha": "https://www.arbolesurbanos.com.ar/cupressus-arizonica-cipres-de-arizona/",
        "thumbnail": "/thumbnails/cipres-de-arizona.jpg"
      },
      "geometry": {
        "type": "Point",
        "coordinates": [
          -70.053558,
          -38.898793
        ]
      }
    },
    {
      "type": "Feature",
      "properties": {
        "nombrevulgar": "Fresno blanco",
        "nombrecientifico": "Fraxinus americana",
        "magnitud": 1,
        "tipo": "Latifoliada",
        "follaje": "Caduco",
        "lon": -70.053711,
        "lat": -38.898733,
        "imagen": "FRAXINUS AMERICANA.gif\n",
        "url_ficha": "https://www.arbolesurbanos.com.ar/fraxinus-americana-fresno-blanco/",
        "thumbnail": "/thumbnails/fresno-americano.jpg"
      },
      "geometry": {
        "type": "Point",
        "coordinates": [
          -70.053711,
          -38.898733
        ]
      }
    },
    {
      "type": "Feature",
      "properties": {
        "nombrevulgar": "Olmo siberiano",
        "nombrecientifico": "Ulmus pumila",
        "magnitud": 2,
        "tipo": "Latifoliada",
        "follaje": "Caduco",
        "lon": -70.053708,
        "lat": -38.898728,
        "imagen": "ULMUS PUMILA.gif\n",
        "url_ficha": "https://www.arbolesurbanos.com.ar/ulmus-pumila-olmo-siberiano/",
        "thumbnail": "/thumbnails/ulmus-pumilia.jpg"
      },
      "geometry": {
        "type": "Point",
        "coordinates": [
          -70.053708,
          -38.898728
        ]
      }
    },
    {
      "type": "Feature",
      "properties": {
        "nombrevulgar": "Olmo siberiano",
        "nombrecientifico": "Ulmus pumila",
        "magnitud": 2,
        "tipo": "Latifoliada",
        "follaje": "Caduco",
        "lon": -70.053657,
        "lat": -38.8988,
        "imagen": "ULMUS PUMILA.gif\n",
        "url_ficha": "https://www.arbolesurbanos.com.ar/ulmus-pumila-olmo-siberiano/",
        "thumbnail": "/thumbnails/ulmus-pumilia.jpg"
      },
      "geometry": {
        "type": "Point",
        "coordinates": [
          -70.053657,
          -38.8988
        ]
      }
    },
    {
      "type": "Feature",
      "properties": {
        "nombrevulgar": "Olmo siberiano",
        "nombrecientifico": "Ulmus pumila",
        "magnitud": 2,
        "tipo": "Latifoliada",
        "follaje": "Caduco",
        "lon": -70.053666,
        "lat": -38.898826,
        "imagen": "ULMUS PUMILA.gif\n",
        "url_ficha": "https://www.arbolesurbanos.com.ar/ulmus-pumila-olmo-siberiano/",
        "thumbnail": "/thumbnails/ulmus-pumilia.jpg"
      },
      "geometry": {
        "type": "Point",
        "coordinates": [
          -70.053666,
          -38.898826
        ]
      }
    },
    {
      "type": "Feature",
      "properties": {
        "nombrevulgar": "Olmo siberiano",
        "nombrecientifico": "Ulmus pumila",
        "magnitud": 2,
        "tipo": "Latifoliada",
        "follaje": "Caduco",
        "lon": -70.05369,
        "lat": -38.898888,
        "imagen": "ULMUS PUMILA.gif\n",
        "url_ficha": "https://www.arbolesurbanos.com.ar/ulmus-pumila-olmo-siberiano/",
        "thumbnail": "/thumbnails/ulmus-pumilia.jpg"
      },
      "geometry": {
        "type": "Point",
        "coordinates": [
          -70.05369,
          -38.898888
        ]
      }
    },
    {
      "type": "Feature",
      "properties": {
        "nombrevulgar": "Olmo siberiano",
        "nombrecientifico": "Ulmus pumila",
        "magnitud": 2,
        "tipo": "Latifoliada",
        "follaje": "Caduco",
        "lon": -70.053648,
        "lat": -38.89891,
        "imagen": "ULMUS PUMILA.gif\n",
        "url_ficha": "https://www.arbolesurbanos.com.ar/ulmus-pumila-olmo-siberiano/",
        "thumbnail": "/thumbnails/ulmus-pumilia.jpg"
      },
      "geometry": {
        "type": "Point",
        "coordinates": [
          -70.053648,
          -38.89891
        ]
      }
    },
    {
      "type": "Feature",
      "properties": {
        "nombrevulgar": "Olmo siberiano",
        "nombrecientifico": "Ulmus pumila",
        "magnitud": 2,
        "tipo": "Latifoliada",
        "follaje": "Caduco",
        "lon": -70.053576,
        "lat": -38.898852,
        "imagen": "ULMUS PUMILA.gif\n",
        "url_ficha": "https://www.arbolesurbanos.com.ar/ulmus-pumila-olmo-siberiano/",
        "thumbnail": "/thumbnails/ulmus-pumilia.jpg"
      },
      "geometry": {
        "type": "Point",
        "coordinates": [
          -70.053576,
          -38.898852
        ]
      }
    },
    {
      "type": "Feature",
      "properties": {
        "nombrevulgar": "Olmo siberiano",
        "nombrecientifico": "Ulmus pumila",
        "magnitud": 2,
        "tipo": "Latifoliada",
        "follaje": "Caduco",
        "lon": -70.05367,
        "lat": -38.89863,
        "imagen": "ULMUS PUMILA.gif\n",
        "url_ficha": "https://www.arbolesurbanos.com.ar/ulmus-pumila-olmo-siberiano/",
        "thumbnail": "/thumbnails/ulmus-pumilia.jpg"
      },
      "geometry": {
        "type": "Point",
        "coordinates": [
          -70.05367,
          -38.89863
        ]
      }
    },
    {
      "type": "Feature",
      "properties": {
        "nombrevulgar": "Olmo siberiano",
        "nombrecientifico": "Ulmus pumila",
        "magnitud": 2,
        "tipo": "Latifoliada",
        "follaje": "Caduco",
        "lon": -70.053675,
        "lat": -38.8987,
        "imagen": "ULMUS PUMILA.gif\n",
        "url_ficha": "https://www.arbolesurbanos.com.ar/ulmus-pumila-olmo-siberiano/",
        "thumbnail": "/thumbnails/ulmus-pumilia.jpg"
      },
      "geometry": {
        "type": "Point",
        "coordinates": [
          -70.053675,
          -38.8987
        ]
      }
    },
    {
      "type": "Feature",
      "properties": {
        "nombrevulgar": "Olmo siberiano",
        "nombrecientifico": "Ulmus pumila",
        "magnitud": 2,
        "tipo": "Latifoliada",
        "follaje": "Caduco",
        "lon": -70.053667,
        "lat": -38.898697,
        "imagen": "ULMUS PUMILA.gif\n",
        "url_ficha": "https://www.arbolesurbanos.com.ar/ulmus-pumila-olmo-siberiano/",
        "thumbnail": "/thumbnails/ulmus-pumilia.jpg"
      },
      "geometry": {
        "type": "Point",
        "coordinates": [
          -70.053667,
          -38.898697
        ]
      }
    },
    {
      "type": "Feature",
      "properties": {
        "nombrevulgar": "Olmo siberiano",
        "nombrecientifico": "Ulmus pumila",
        "magnitud": 2,
        "tipo": "Latifoliada",
        "follaje": "Caduco",
        "lon": -70.05368,
        "lat": -38.898707,
        "imagen": "ULMUS PUMILA.gif\n",
        "url_ficha": "https://www.arbolesurbanos.com.ar/ulmus-pumila-olmo-siberiano/",
        "thumbnail": "/thumbnails/ulmus-pumilia.jpg"
      },
      "geometry": {
        "type": "Point",
        "coordinates": [
          -70.05368,
          -38.898707
        ]
      }
    },
    {
      "type": "Feature",
      "properties": {
        "nombrevulgar": "Olmo siberiano",
        "nombrecientifico": "Ulmus pumila",
        "magnitud": 2,
        "tipo": "Latifoliada",
        "follaje": "Caduco",
        "lon": -70.053704,
        "lat": -38.898612,
        "imagen": "ULMUS PUMILA.gif\n",
        "url_ficha": "https://www.arbolesurbanos.com.ar/ulmus-pumila-olmo-siberiano/",
        "thumbnail": "/thumbnails/ulmus-pumilia.jpg"
      },
      "geometry": {
        "type": "Point",
        "coordinates": [
          -70.053704,
          -38.898612
        ]
      }
    },
    {
      "type": "Feature",
      "properties": {
        "nombrevulgar": "Olmo siberiano",
        "nombrecientifico": "Ulmus pumila",
        "magnitud": 2,
        "tipo": "Latifoliada",
        "follaje": "Caduco",
        "lon": -70.053679,
        "lat": -38.89864,
        "imagen": "ULMUS PUMILA.gif\n",
        "url_ficha": "https://www.arbolesurbanos.com.ar/ulmus-pumila-olmo-siberiano/",
        "thumbnail": "/thumbnails/ulmus-pumilia.jpg"
      },
      "geometry": {
        "type": "Point",
        "coordinates": [
          -70.053679,
          -38.89864
        ]
      }
    },
    {
      "type": "Feature",
      "properties": {
        "nombrevulgar": "Olmo siberiano",
        "nombrecientifico": "Ulmus pumila",
        "magnitud": 2,
        "tipo": "Latifoliada",
        "follaje": "Caduco",
        "lon": -70.053687,
        "lat": -38.898682,
        "imagen": "ULMUS PUMILA.gif\n",
        "url_ficha": "https://www.arbolesurbanos.com.ar/ulmus-pumila-olmo-siberiano/",
        "thumbnail": "/thumbnails/ulmus-pumilia.jpg"
      },
      "geometry": {
        "type": "Point",
        "coordinates": [
          -70.053687,
          -38.898682
        ]
      }
    },
    {
      "type": "Feature",
      "properties": {
        "nombrevulgar": "Fresno blanco",
        "nombrecientifico": "Fraxinus americana",
        "magnitud": 1,
        "tipo": "Latifoliada",
        "follaje": "Caduco",
        "lon": -70.053573,
        "lat": -38.898627,
        "imagen": "FRAXINUS AMERICANA.gif\n",
        "url_ficha": "https://www.arbolesurbanos.com.ar/fraxinus-americana-fresno-blanco/",
        "thumbnail": "/thumbnails/fresno-americano.jpg"
      },
      "geometry": {
        "type": "Point",
        "coordinates": [
          -70.053573,
          -38.898627
        ]
      }
    },
    {
      "type": "Feature",
      "properties": {
        "nombrevulgar": "Olmo siberiano",
        "nombrecientifico": "Ulmus pumila",
        "magnitud": 2,
        "tipo": "Latifoliada",
        "follaje": "Caduco",
        "lon": -70.053565,
        "lat": -38.89858,
        "imagen": "ULMUS PUMILA.gif\n",
        "url_ficha": "https://www.arbolesurbanos.com.ar/ulmus-pumila-olmo-siberiano/",
        "thumbnail": "/thumbnails/ulmus-pumilia.jpg"
      },
      "geometry": {
        "type": "Point",
        "coordinates": [
          -70.053565,
          -38.89858
        ]
      }
    },
    {
      "type": "Feature",
      "properties": {
        "nombrevulgar": "Olmo siberiano",
        "nombrecientifico": "Ulmus pumila",
        "magnitud": 2,
        "tipo": "Latifoliada",
        "follaje": "Caduco",
        "lon": -70.053593,
        "lat": -38.898568,
        "imagen": "ULMUS PUMILA.gif\n",
        "url_ficha": "https://www.arbolesurbanos.com.ar/ulmus-pumila-olmo-siberiano/",
        "thumbnail": "/thumbnails/ulmus-pumilia.jpg"
      },
      "geometry": {
        "type": "Point",
        "coordinates": [
          -70.053593,
          -38.898568
        ]
      }
    },
    {
      "type": "Feature",
      "properties": {
        "nombrevulgar": "Olmo siberiano",
        "nombrecientifico": "Ulmus pumila",
        "magnitud": 2,
        "tipo": "Latifoliada",
        "follaje": "Caduco",
        "lon": -70.053653,
        "lat": -38.898572,
        "imagen": "ULMUS PUMILA.gif\n",
        "url_ficha": "https://www.arbolesurbanos.com.ar/ulmus-pumila-olmo-siberiano/",
        "thumbnail": "/thumbnails/ulmus-pumilia.jpg"
      },
      "geometry": {
        "type": "Point",
        "coordinates": [
          -70.053653,
          -38.898572
        ]
      }
    },
    {
      "type": "Feature",
      "properties": {
        "nombrevulgar": "Olmo siberiano",
        "nombrecientifico": "Ulmus pumila",
        "magnitud": 2,
        "tipo": "Latifoliada",
        "follaje": "Caduco",
        "lon": -70.053442,
        "lat": -38.898647,
        "imagen": "ULMUS PUMILA.gif\n",
        "url_ficha": "https://www.arbolesurbanos.com.ar/ulmus-pumila-olmo-siberiano/",
        "thumbnail": "/thumbnails/ulmus-pumilia.jpg"
      },
      "geometry": {
        "type": "Point",
        "coordinates": [
          -70.053442,
          -38.898647
        ]
      }
    },
    {
      "type": "Feature",
      "properties": {
        "nombrevulgar": "Acacia blanca",
        "nombrecientifico": "Robinia pseudoacacia",
        "magnitud": 2,
        "tipo": "Latifoliada",
        "follaje": "Caduco",
        "lon": -70.053612,
        "lat": -38.898692,
        "imagen": "ROBINIA PSEUDOACACIA.gif",
        "url_ficha": "https://www.arbolesurbanos.com.ar/robinia-pseudoacacia-acacia-blanca",
        "thumbnail": "/thumbnails/acacia-blanca.jpg"
      },
      "geometry": {
        "type": "Point",
        "coordinates": [
          -70.053612,
          -38.898692
        ]
      }
    },
    {
      "type": "Feature",
      "properties": {
        "nombrevulgar": "Olmo siberiano",
        "nombrecientifico": "Ulmus pumila",
        "magnitud": 2,
        "tipo": "Latifoliada",
        "follaje": "Caduco",
        "lon": -70.05346,
        "lat": -38.898627,
        "imagen": "ULMUS PUMILA.gif\n",
        "url_ficha": "https://www.arbolesurbanos.com.ar/ulmus-pumila-olmo-siberiano/",
        "thumbnail": "/thumbnails/ulmus-pumilia.jpg"
      },
      "geometry": {
        "type": "Point",
        "coordinates": [
          -70.05346,
          -38.898627
        ]
      }
    },
    {
      "type": "Feature",
      "properties": {
        "nombrevulgar": "Olmo siberiano",
        "nombrecientifico": "Ulmus pumila",
        "magnitud": 2,
        "tipo": "Latifoliada",
        "follaje": "Caduco",
        "lon": -70.053505,
        "lat": -38.898638,
        "imagen": "ULMUS PUMILA.gif\n",
        "url_ficha": "https://www.arbolesurbanos.com.ar/ulmus-pumila-olmo-siberiano/",
        "thumbnail": "/thumbnails/ulmus-pumilia.jpg"
      },
      "geometry": {
        "type": "Point",
        "coordinates": [
          -70.053505,
          -38.898638
        ]
      }
    },
    {
      "type": "Feature",
      "properties": {
        "nombrevulgar": "Olmo siberiano",
        "nombrecientifico": "Ulmus pumila",
        "magnitud": 2,
        "tipo": "Latifoliada",
        "follaje": "Caduco",
        "lon": -70.064081,
        "lat": -38.903182,
        "imagen": "ULMUS PUMILA.gif\n",
        "url_ficha": "https://www.arbolesurbanos.com.ar/ulmus-pumila-olmo-siberiano/",
        "thumbnail": "/thumbnails/ulmus-pumilia.jpg"
      },
      "geometry": {
        "type": "Point",
        "coordinates": [
          -70.064081,
          -38.903182
        ]
      }
    },
    {
      "type": "Feature",
      "properties": {
        "nombrevulgar": "Olmo siberiano",
        "nombrecientifico": "Ulmus pumila",
        "magnitud": 2,
        "tipo": "Latifoliada",
        "follaje": "Caduco",
        "lon": -70.064131,
        "lat": -38.90321,
        "imagen": "ULMUS PUMILA.gif\n",
        "url_ficha": "https://www.arbolesurbanos.com.ar/ulmus-pumila-olmo-siberiano/",
        "thumbnail": "/thumbnails/ulmus-pumilia.jpg"
      },
      "geometry": {
        "type": "Point",
        "coordinates": [
          -70.064131,
          -38.90321
        ]
      }
    },
    {
      "type": "Feature",
      "properties": {
        "nombrevulgar": "Olmo siberiano",
        "nombrecientifico": "Ulmus pumila",
        "magnitud": 2,
        "tipo": "Latifoliada",
        "follaje": "Caduco",
        "lon": -70.064196,
        "lat": -38.903207,
        "imagen": "ULMUS PUMILA.gif\n",
        "url_ficha": "https://www.arbolesurbanos.com.ar/ulmus-pumila-olmo-siberiano/",
        "thumbnail": "/thumbnails/ulmus-pumilia.jpg"
      },
      "geometry": {
        "type": "Point",
        "coordinates": [
          -70.064196,
          -38.903207
        ]
      }
    },
    {
      "type": "Feature",
      "properties": {
        "nombrevulgar": "Olmo siberiano",
        "nombrecientifico": "Ulmus pumila",
        "magnitud": 2,
        "tipo": "Latifoliada",
        "follaje": "Caduco",
        "lon": -70.064566,
        "lat": -38.903267,
        "imagen": "ULMUS PUMILA.gif\n",
        "url_ficha": "https://www.arbolesurbanos.com.ar/ulmus-pumila-olmo-siberiano/",
        "thumbnail": "/thumbnails/ulmus-pumilia.jpg"
      },
      "geometry": {
        "type": "Point",
        "coordinates": [
          -70.064566,
          -38.903267
        ]
      }
    },
    {
      "type": "Feature",
      "properties": {
        "nombrevulgar": "Picea del colorado",
        "nombrecientifico": "Picea pungens",
        "magnitud": 2,
        "tipo": "Conífera",
        "follaje": "Perenne",
        "lon": -70.06457,
        "lat": -38.903329,
        "imagen": "PICEA PUNGENS.gif\n",
        "url_ficha": "https://www.arbolesurbanos.com.ar/picea-pungens-picea-del-colorado/",
        "thumbnail": "/thumbnails/picea-pungens.jpg"
      },
      "geometry": {
        "type": "Point",
        "coordinates": [
          -70.06457,
          -38.903329
        ]
      }
    },
    {
      "type": "Feature",
      "properties": {
        "nombrevulgar": "Ciruelo de flor",
        "nombrecientifico": "Prunus cerasifera var. pisardii",
        "magnitud": 3,
        "tipo": "Latifoliada",
        "follaje": "Caduco",
        "lon": -70.064516,
        "lat": -38.903095,
        "imagen": "PRUNUS CERACIFERA VAR PISARDI.gif",
        "url_ficha": "https://www.arbolesurbanos.com.ar/prunus-cerasifera-ciruelo-de-flor/",
        "thumbnail": "/thumbnails/ciruelo-de-flor.jpg"
      },
      "geometry": {
        "type": "Point",
        "coordinates": [
          -70.064516,
          -38.903095
        ]
      }
    },
    {
      "type": "Feature",
      "properties": {
        "nombrevulgar": "Picea del colorado",
        "nombrecientifico": "Picea pungens",
        "magnitud": 2,
        "tipo": "Conífera",
        "follaje": "Perenne",
        "lon": -70.0645,
        "lat": -38.902965,
        "imagen": "PICEA PUNGENS.gif\n",
        "url_ficha": "https://www.arbolesurbanos.com.ar/picea-pungens-picea-del-colorado/",
        "thumbnail": "/thumbnails/picea-pungens.jpg"
      },
      "geometry": {
        "type": "Point",
        "coordinates": [
          -70.0645,
          -38.902965
        ]
      }
    },
    {
      "type": "Feature",
      "properties": {
        "nombrevulgar": "Picea del colorado",
        "nombrecientifico": "Picea pungens",
        "magnitud": 2,
        "tipo": "Conífera",
        "follaje": "Perenne",
        "lon": -70.064582,
        "lat": -38.902993,
        "imagen": "PICEA PUNGENS.gif\n",
        "url_ficha": "https://www.arbolesurbanos.com.ar/picea-pungens-picea-del-colorado/",
        "thumbnail": "/thumbnails/picea-pungens.jpg"
      },
      "geometry": {
        "type": "Point",
        "coordinates": [
          -70.064582,
          -38.902993
        ]
      }
    },
    {
      "type": "Feature",
      "properties": {
        "nombrevulgar": "Picea del colorado",
        "nombrecientifico": "Picea pungens",
        "magnitud": 2,
        "tipo": "Conífera",
        "follaje": "Perenne",
        "lon": -70.064667,
        "lat": -38.903033,
        "imagen": "PICEA PUNGENS.gif\n",
        "url_ficha": "https://www.arbolesurbanos.com.ar/picea-pungens-picea-del-colorado/",
        "thumbnail": "/thumbnails/picea-pungens.jpg"
      },
      "geometry": {
        "type": "Point",
        "coordinates": [
          -70.064667,
          -38.903033
        ]
      }
    },
    {
      "type": "Feature",
      "properties": {
        "nombrevulgar": "Picea del colorado",
        "nombrecientifico": "Picea pungens",
        "magnitud": 2,
        "tipo": "Conífera",
        "follaje": "Perenne",
        "lon": -70.064692,
        "lat": -38.903047,
        "imagen": "PICEA PUNGENS.gif\n",
        "url_ficha": "https://www.arbolesurbanos.com.ar/picea-pungens-picea-del-colorado/",
        "thumbnail": "/thumbnails/picea-pungens.jpg"
      },
      "geometry": {
        "type": "Point",
        "coordinates": [
          -70.064692,
          -38.903047
        ]
      }
    },
    {
      "type": "Feature",
      "properties": {
        "nombrevulgar": "Olmo siberiano",
        "nombrecientifico": "Ulmus pumila",
        "magnitud": 2,
        "tipo": "Latifoliada",
        "follaje": "Caduco",
        "lon": -70.064788,
        "lat": -38.903118,
        "imagen": "ULMUS PUMILA.gif\n",
        "url_ficha": "https://www.arbolesurbanos.com.ar/ulmus-pumila-olmo-siberiano/",
        "thumbnail": "/thumbnails/ulmus-pumilia.jpg"
      },
      "geometry": {
        "type": "Point",
        "coordinates": [
          -70.064788,
          -38.903118
        ]
      }
    },
    {
      "type": "Feature",
      "properties": {
        "nombrevulgar": "Olmo siberiano",
        "nombrecientifico": "Ulmus pumila",
        "magnitud": 2,
        "tipo": "Latifoliada",
        "follaje": "Caduco",
        "lon": -70.06479,
        "lat": -38.903014,
        "imagen": "ULMUS PUMILA.gif\n",
        "url_ficha": "https://www.arbolesurbanos.com.ar/ulmus-pumila-olmo-siberiano/",
        "thumbnail": "/thumbnails/ulmus-pumilia.jpg"
      },
      "geometry": {
        "type": "Point",
        "coordinates": [
          -70.06479,
          -38.903014
        ]
      }
    },
    {
      "type": "Feature",
      "properties": {
        "nombrevulgar": "Acacia blanca",
        "nombrecientifico": "Robinia pseudoacacia",
        "magnitud": 2,
        "tipo": "Latifoliada",
        "follaje": "Caduco",
        "lon": -70.064654,
        "lat": -38.902846,
        "imagen": "ROBINIA PSEUDOACACIA.gif",
        "url_ficha": "https://www.arbolesurbanos.com.ar/robinia-pseudoacacia-acacia-blanca",
        "thumbnail": "/thumbnails/acacia-blanca.jpg"
      },
      "geometry": {
        "type": "Point",
        "coordinates": [
          -70.064654,
          -38.902846
        ]
      }
    },
    {
      "type": "Feature",
      "properties": {
        "nombrevulgar": "Acacia blanca",
        "nombrecientifico": "Robinia pseudoacacia",
        "magnitud": 2,
        "tipo": "Latifoliada",
        "follaje": "Caduco",
        "lon": -70.064548,
        "lat": -38.902871,
        "imagen": "ROBINIA PSEUDOACACIA.gif",
        "url_ficha": "https://www.arbolesurbanos.com.ar/robinia-pseudoacacia-acacia-blanca",
        "thumbnail": "/thumbnails/acacia-blanca.jpg"
      },
      "geometry": {
        "type": "Point",
        "coordinates": [
          -70.064548,
          -38.902871
        ]
      }
    },
    {
      "type": "Feature",
      "properties": {
        "nombrevulgar": "Tilo",
        "nombrecientifico": "Tilia cordata",
        "magnitud": 1,
        "tipo": "Latifoliada",
        "follaje": "Caduco",
        "lon": -70.064593,
        "lat": -38.902807,
        "imagen": "TILIA SP.gif",
        "url_ficha": "https://www.arbolesurbanos.com.ar/tilia-cordata-tilo-comun/",
        "thumbnail": "/thumbnails/tilo.jpg"
      },
      "geometry": {
        "type": "Point",
        "coordinates": [
          -70.064593,
          -38.902807
        ]
      }
    },
    {
      "type": "Feature",
      "properties": {
        "nombrevulgar": "Olmo siberiano",
        "nombrecientifico": "Ulmus pumila",
        "magnitud": 2,
        "tipo": "Latifoliada",
        "follaje": "Caduco",
        "lon": -70.064525,
        "lat": -38.902691,
        "imagen": "ULMUS PUMILA.gif\n",
        "url_ficha": "https://www.arbolesurbanos.com.ar/ulmus-pumila-olmo-siberiano/",
        "thumbnail": "/thumbnails/ulmus-pumilia.jpg"
      },
      "geometry": {
        "type": "Point",
        "coordinates": [
          -70.064525,
          -38.902691
        ]
      }
    },
    {
      "type": "Feature",
      "properties": {
        "nombrevulgar": "Olmo siberiano",
        "nombrecientifico": "Ulmus pumila",
        "magnitud": 2,
        "tipo": "Latifoliada",
        "follaje": "Caduco",
        "lon": -70.064554,
        "lat": -38.902666,
        "imagen": "ULMUS PUMILA.gif\n",
        "url_ficha": "https://www.arbolesurbanos.com.ar/ulmus-pumila-olmo-siberiano/",
        "thumbnail": "/thumbnails/ulmus-pumilia.jpg"
      },
      "geometry": {
        "type": "Point",
        "coordinates": [
          -70.064554,
          -38.902666
        ]
      }
    },
    {
      "type": "Feature",
      "properties": {
        "nombrevulgar": "Olmo siberiano",
        "nombrecientifico": "Ulmus pumila",
        "magnitud": 2,
        "tipo": "Latifoliada",
        "follaje": "Caduco",
        "lon": -70.064485,
        "lat": -38.902691,
        "imagen": "ULMUS PUMILA.gif\n",
        "url_ficha": "https://www.arbolesurbanos.com.ar/ulmus-pumila-olmo-siberiano/",
        "thumbnail": "/thumbnails/ulmus-pumilia.jpg"
      },
      "geometry": {
        "type": "Point",
        "coordinates": [
          -70.064485,
          -38.902691
        ]
      }
    },
    {
      "type": "Feature",
      "properties": {
        "nombrevulgar": "Acacia blanca",
        "nombrecientifico": "Robinia pseudoacacia",
        "magnitud": 2,
        "tipo": "Latifoliada",
        "follaje": "Caduco",
        "lon": -70.064474,
        "lat": -38.902695,
        "imagen": "ROBINIA PSEUDOACACIA.gif",
        "url_ficha": "https://www.arbolesurbanos.com.ar/robinia-pseudoacacia-acacia-blanca",
        "thumbnail": "/thumbnails/acacia-blanca.jpg"
      },
      "geometry": {
        "type": "Point",
        "coordinates": [
          -70.064474,
          -38.902695
        ]
      }
    },
    {
      "type": "Feature",
      "properties": {
        "nombrevulgar": "Olmo siberiano",
        "nombrecientifico": "Ulmus pumila",
        "magnitud": 2,
        "tipo": "Latifoliada",
        "follaje": "Caduco",
        "lon": -70.064534,
        "lat": -38.902836,
        "imagen": "ULMUS PUMILA.gif\n",
        "url_ficha": "https://www.arbolesurbanos.com.ar/ulmus-pumila-olmo-siberiano/",
        "thumbnail": "/thumbnails/ulmus-pumilia.jpg"
      },
      "geometry": {
        "type": "Point",
        "coordinates": [
          -70.064534,
          -38.902836
        ]
      }
    },
    {
      "type": "Feature",
      "properties": {
        "nombrevulgar": "Olmo siberiano",
        "nombrecientifico": "Ulmus pumila",
        "magnitud": 2,
        "tipo": "Latifoliada",
        "follaje": "Caduco",
        "lon": -70.064552,
        "lat": -38.902737,
        "imagen": "ULMUS PUMILA.gif\n",
        "url_ficha": "https://www.arbolesurbanos.com.ar/ulmus-pumila-olmo-siberiano/",
        "thumbnail": "/thumbnails/ulmus-pumilia.jpg"
      },
      "geometry": {
        "type": "Point",
        "coordinates": [
          -70.064552,
          -38.902737
        ]
      }
    },
    {
      "type": "Feature",
      "properties": {
        "nombrevulgar": "Libustro",
        "nombrecientifico": "Arbutus unedo",
        "magnitud": 3,
        "tipo": "Latifoliada",
        "follaje": "Perenne",
        "lon": -70.064416,
        "lat": -38.902675,
        "imagen": null,
        "url_ficha": null,
        "thumbnail": "latifoliada_perenne.gif"
      },
      "geometry": {
        "type": "Point",
        "coordinates": [
          -70.064416,
          -38.902675
        ]
      }
    },
    {
      "type": "Feature",
      "properties": {
        "nombrevulgar": "Libustro",
        "nombrecientifico": "Arbutus unedo",
        "magnitud": 3,
        "tipo": "Latifoliada",
        "follaje": "Perenne",
        "lon": -70.064375,
        "lat": -38.90255,
        "imagen": null,
        "url_ficha": null,
        "thumbnail": "latifoliada_perenne.gif"
      },
      "geometry": {
        "type": "Point",
        "coordinates": [
          -70.064375,
          -38.90255
        ]
      }
    },
    {
      "type": "Feature",
      "properties": {
        "nombrevulgar": "Olmo siberiano",
        "nombrecientifico": "Ulmus pumila",
        "magnitud": 2,
        "tipo": "Latifoliada",
        "follaje": "Caduco",
        "lon": -70.06449,
        "lat": -38.902853,
        "imagen": "ULMUS PUMILA.gif\n",
        "url_ficha": "https://www.arbolesurbanos.com.ar/ulmus-pumila-olmo-siberiano/",
        "thumbnail": "/thumbnails/ulmus-pumilia.jpg"
      },
      "geometry": {
        "type": "Point",
        "coordinates": [
          -70.06449,
          -38.902853
        ]
      }
    },
    {
      "type": "Feature",
      "properties": {
        "nombrevulgar": "Olmo siberiano",
        "nombrecientifico": "Ulmus pumila",
        "magnitud": 2,
        "tipo": "Latifoliada",
        "follaje": "Caduco",
        "lon": -70.064417,
        "lat": -38.902753,
        "imagen": "ULMUS PUMILA.gif\n",
        "url_ficha": "https://www.arbolesurbanos.com.ar/ulmus-pumila-olmo-siberiano/",
        "thumbnail": "/thumbnails/ulmus-pumilia.jpg"
      },
      "geometry": {
        "type": "Point",
        "coordinates": [
          -70.064417,
          -38.902753
        ]
      }
    },
    {
      "type": "Feature",
      "properties": {
        "nombrevulgar": "Acacia blanca",
        "nombrecientifico": "Robinia pseudoacacia",
        "magnitud": 2,
        "tipo": "Latifoliada",
        "follaje": "Caduco",
        "lon": -70.064682,
        "lat": -38.90284,
        "imagen": "ROBINIA PSEUDOACACIA.gif",
        "url_ficha": "https://www.arbolesurbanos.com.ar/robinia-pseudoacacia-acacia-blanca",
        "thumbnail": "/thumbnails/acacia-blanca.jpg"
      },
      "geometry": {
        "type": "Point",
        "coordinates": [
          -70.064682,
          -38.90284
        ]
      }
    },
    {
      "type": "Feature",
      "properties": {
        "nombrevulgar": "Acacia blanca",
        "nombrecientifico": "Robinia pseudoacacia",
        "magnitud": 2,
        "tipo": "Latifoliada",
        "follaje": "Caduco",
        "lon": -70.064696,
        "lat": -38.902824,
        "imagen": "ROBINIA PSEUDOACACIA.gif",
        "url_ficha": "https://www.arbolesurbanos.com.ar/robinia-pseudoacacia-acacia-blanca",
        "thumbnail": "/thumbnails/acacia-blanca.jpg"
      },
      "geometry": {
        "type": "Point",
        "coordinates": [
          -70.064696,
          -38.902824
        ]
      }
    },
    {
      "type": "Feature",
      "properties": {
        "nombrevulgar": "Acacia blanca",
        "nombrecientifico": "Robinia pseudoacacia",
        "magnitud": 2,
        "tipo": "Latifoliada",
        "follaje": "Caduco",
        "lon": -70.064386,
        "lat": -38.902697,
        "imagen": "ROBINIA PSEUDOACACIA.gif",
        "url_ficha": "https://www.arbolesurbanos.com.ar/robinia-pseudoacacia-acacia-blanca",
        "thumbnail": "/thumbnails/acacia-blanca.jpg"
      },
      "geometry": {
        "type": "Point",
        "coordinates": [
          -70.064386,
          -38.902697
        ]
      }
    },
    {
      "type": "Feature",
      "properties": {
        "nombrevulgar": "Olmo siberiano",
        "nombrecientifico": "Ulmus pumila",
        "magnitud": 2,
        "tipo": "Latifoliada",
        "follaje": "Caduco",
        "lon": -70.064927,
        "lat": -38.90294,
        "imagen": "ULMUS PUMILA.gif\n",
        "url_ficha": "https://www.arbolesurbanos.com.ar/ulmus-pumila-olmo-siberiano/",
        "thumbnail": "/thumbnails/ulmus-pumilia.jpg"
      },
      "geometry": {
        "type": "Point",
        "coordinates": [
          -70.064927,
          -38.90294
        ]
      }
    },
    {
      "type": "Feature",
      "properties": {
        "nombrevulgar": "Olmo siberiano",
        "nombrecientifico": "Ulmus pumila",
        "magnitud": 2,
        "tipo": "Latifoliada",
        "follaje": "Caduco",
        "lon": -70.064891,
        "lat": -38.902894,
        "imagen": "ULMUS PUMILA.gif\n",
        "url_ficha": "https://www.arbolesurbanos.com.ar/ulmus-pumila-olmo-siberiano/",
        "thumbnail": "/thumbnails/ulmus-pumilia.jpg"
      },
      "geometry": {
        "type": "Point",
        "coordinates": [
          -70.064891,
          -38.902894
        ]
      }
    },
    {
      "type": "Feature",
      "properties": {
        "nombrevulgar": "Libustro",
        "nombrecientifico": "Arbutus unedo",
        "magnitud": 3,
        "tipo": "Latifoliada",
        "follaje": "Perenne",
        "lon": -70.064807,
        "lat": -38.902873,
        "imagen": null,
        "url_ficha": null,
        "thumbnail": "latifoliada_perenne.gif"
      },
      "geometry": {
        "type": "Point",
        "coordinates": [
          -70.064807,
          -38.902873
        ]
      }
    },
    {
      "type": "Feature",
      "properties": {
        "nombrevulgar": "Picea del colorado",
        "nombrecientifico": "Picea pungens",
        "magnitud": 2,
        "tipo": "Conífera",
        "follaje": "Perenne",
        "lon": -70.064632,
        "lat": -38.903137,
        "imagen": "PICEA PUNGENS.gif\n",
        "url_ficha": "https://www.arbolesurbanos.com.ar/picea-pungens-picea-del-colorado/",
        "thumbnail": "/thumbnails/picea-pungens.jpg"
      },
      "geometry": {
        "type": "Point",
        "coordinates": [
          -70.064632,
          -38.903137
        ]
      }
    },
    {
      "type": "Feature",
      "properties": {
        "nombrevulgar": "Picea del colorado",
        "nombrecientifico": "Picea pungens",
        "magnitud": 2,
        "tipo": "Conífera",
        "follaje": "Perenne",
        "lon": -70.06469,
        "lat": -38.9032,
        "imagen": "PICEA PUNGENS.gif\n",
        "url_ficha": "https://www.arbolesurbanos.com.ar/picea-pungens-picea-del-colorado/",
        "thumbnail": "/thumbnails/picea-pungens.jpg"
      },
      "geometry": {
        "type": "Point",
        "coordinates": [
          -70.06469,
          -38.9032
        ]
      }
    },
    {
      "type": "Feature",
      "properties": {
        "nombrevulgar": "Picea del colorado",
        "nombrecientifico": "Picea pungens",
        "magnitud": 2,
        "tipo": "Conífera",
        "follaje": "Perenne",
        "lon": -70.064689,
        "lat": -38.90314,
        "imagen": "PICEA PUNGENS.gif\n",
        "url_ficha": "https://www.arbolesurbanos.com.ar/picea-pungens-picea-del-colorado/",
        "thumbnail": "/thumbnails/picea-pungens.jpg"
      },
      "geometry": {
        "type": "Point",
        "coordinates": [
          -70.064689,
          -38.90314
        ]
      }
    },
    {
      "type": "Feature",
      "properties": {
        "nombrevulgar": "Olmo siberiano",
        "nombrecientifico": "Ulmus pumila",
        "magnitud": 2,
        "tipo": "Latifoliada",
        "follaje": "Caduco",
        "lon": -70.064646,
        "lat": -38.90323,
        "imagen": "ULMUS PUMILA.gif\n",
        "url_ficha": "https://www.arbolesurbanos.com.ar/ulmus-pumila-olmo-siberiano/",
        "thumbnail": "/thumbnails/ulmus-pumilia.jpg"
      },
      "geometry": {
        "type": "Point",
        "coordinates": [
          -70.064646,
          -38.90323
        ]
      }
    },
    {
      "type": "Feature",
      "properties": {
        "nombrevulgar": "Acacia blanca",
        "nombrecientifico": "Robinia pseudoacacia",
        "magnitud": 2,
        "tipo": "Latifoliada",
        "follaje": "Caduco",
        "lon": -70.064639,
        "lat": -38.903196,
        "imagen": "ROBINIA PSEUDOACACIA.gif",
        "url_ficha": "https://www.arbolesurbanos.com.ar/robinia-pseudoacacia-acacia-blanca",
        "thumbnail": "/thumbnails/acacia-blanca.jpg"
      },
      "geometry": {
        "type": "Point",
        "coordinates": [
          -70.064639,
          -38.903196
        ]
      }
    },
    {
      "type": "Feature",
      "properties": {
        "nombrevulgar": "Olmo siberiano",
        "nombrecientifico": "Ulmus pumila",
        "magnitud": 2,
        "tipo": "Latifoliada",
        "follaje": "Caduco",
        "lon": -70.064227,
        "lat": -38.903072,
        "imagen": "ULMUS PUMILA.gif\n",
        "url_ficha": "https://www.arbolesurbanos.com.ar/ulmus-pumila-olmo-siberiano/",
        "thumbnail": "/thumbnails/ulmus-pumilia.jpg"
      },
      "geometry": {
        "type": "Point",
        "coordinates": [
          -70.064227,
          -38.903072
        ]
      }
    },
    {
      "type": "Feature",
      "properties": {
        "nombrevulgar": "Olmo siberiano",
        "nombrecientifico": "Ulmus pumila",
        "magnitud": 2,
        "tipo": "Latifoliada",
        "follaje": "Caduco",
        "lon": -70.064234,
        "lat": -38.903129,
        "imagen": "ULMUS PUMILA.gif\n",
        "url_ficha": "https://www.arbolesurbanos.com.ar/ulmus-pumila-olmo-siberiano/",
        "thumbnail": "/thumbnails/ulmus-pumilia.jpg"
      },
      "geometry": {
        "type": "Point",
        "coordinates": [
          -70.064234,
          -38.903129
        ]
      }
    },
    {
      "type": "Feature",
      "properties": {
        "nombrevulgar": "Acacia blanca",
        "nombrecientifico": "Robinia pseudoacacia",
        "magnitud": 2,
        "tipo": "Latifoliada",
        "follaje": "Caduco",
        "lon": -70.0641,
        "lat": -38.902987,
        "imagen": "ROBINIA PSEUDOACACIA.gif",
        "url_ficha": "https://www.arbolesurbanos.com.ar/robinia-pseudoacacia-acacia-blanca",
        "thumbnail": "/thumbnails/acacia-blanca.jpg"
      },
      "geometry": {
        "type": "Point",
        "coordinates": [
          -70.0641,
          -38.902987
        ]
      }
    },
    {
      "type": "Feature",
      "properties": {
        "nombrevulgar": "Olmo siberiano",
        "nombrecientifico": "Ulmus pumila",
        "magnitud": 2,
        "tipo": "Latifoliada",
        "follaje": "Caduco",
        "lon": -70.064193,
        "lat": -38.903193,
        "imagen": "ULMUS PUMILA.gif\n",
        "url_ficha": "https://www.arbolesurbanos.com.ar/ulmus-pumila-olmo-siberiano/",
        "thumbnail": "/thumbnails/ulmus-pumilia.jpg"
      },
      "geometry": {
        "type": "Point",
        "coordinates": [
          -70.064193,
          -38.903193
        ]
      }
    },
    {
      "type": "Feature",
      "properties": {
        "nombrevulgar": "Olmo siberiano",
        "nombrecientifico": "Ulmus pumila",
        "magnitud": 2,
        "tipo": "Latifoliada",
        "follaje": "Caduco",
        "lon": -70.06413,
        "lat": -38.9033,
        "imagen": "ULMUS PUMILA.gif\n",
        "url_ficha": "https://www.arbolesurbanos.com.ar/ulmus-pumila-olmo-siberiano/",
        "thumbnail": "/thumbnails/ulmus-pumilia.jpg"
      },
      "geometry": {
        "type": "Point",
        "coordinates": [
          -70.06413,
          -38.9033
        ]
      }
    },
    {
      "type": "Feature",
      "properties": {
        "nombrevulgar": "Acacia blanca",
        "nombrecientifico": "Robinia pseudoacacia",
        "magnitud": 2,
        "tipo": "Latifoliada",
        "follaje": "Caduco",
        "lon": -70.064,
        "lat": -38.903071,
        "imagen": "ROBINIA PSEUDOACACIA.gif",
        "url_ficha": "https://www.arbolesurbanos.com.ar/robinia-pseudoacacia-acacia-blanca",
        "thumbnail": "/thumbnails/acacia-blanca.jpg"
      },
      "geometry": {
        "type": "Point",
        "coordinates": [
          -70.064,
          -38.903071
        ]
      }
    },
    {
      "type": "Feature",
      "properties": {
        "nombrevulgar": "Olmo siberiano",
        "nombrecientifico": "Ulmus pumila",
        "magnitud": 2,
        "tipo": "Latifoliada",
        "follaje": "Caduco",
        "lon": -70.064087,
        "lat": -38.903297,
        "imagen": "ULMUS PUMILA.gif\n",
        "url_ficha": "https://www.arbolesurbanos.com.ar/ulmus-pumila-olmo-siberiano/",
        "thumbnail": "/thumbnails/ulmus-pumilia.jpg"
      },
      "geometry": {
        "type": "Point",
        "coordinates": [
          -70.064087,
          -38.903297
        ]
      }
    },
    {
      "type": "Feature",
      "properties": {
        "nombrevulgar": "Acacia blanca",
        "nombrecientifico": "Robinia pseudoacacia",
        "magnitud": 2,
        "tipo": "Latifoliada",
        "follaje": "Caduco",
        "lon": -70.063969,
        "lat": -38.903098,
        "imagen": "ROBINIA PSEUDOACACIA.gif",
        "url_ficha": "https://www.arbolesurbanos.com.ar/robinia-pseudoacacia-acacia-blanca",
        "thumbnail": "/thumbnails/acacia-blanca.jpg"
      },
      "geometry": {
        "type": "Point",
        "coordinates": [
          -70.063969,
          -38.903098
        ]
      }
    },
    {
      "type": "Feature",
      "properties": {
        "nombrevulgar": "Picea del colorado",
        "nombrecientifico": "Picea pungens",
        "magnitud": 2,
        "tipo": "Conífera",
        "follaje": "Perenne",
        "lon": -70.064311,
        "lat": -38.903304,
        "imagen": "PICEA PUNGENS.gif\n",
        "url_ficha": "https://www.arbolesurbanos.com.ar/picea-pungens-picea-del-colorado/",
        "thumbnail": "/thumbnails/picea-pungens.jpg"
      },
      "geometry": {
        "type": "Point",
        "coordinates": [
          -70.064311,
          -38.903304
        ]
      }
    },
    {
      "type": "Feature",
      "properties": {
        "nombrevulgar": "Acacia blanca",
        "nombrecientifico": "Robinia pseudoacacia",
        "magnitud": 2,
        "tipo": "Latifoliada",
        "follaje": "Caduco",
        "lon": -70.063829,
        "lat": -38.903103,
        "imagen": "ROBINIA PSEUDOACACIA.gif",
        "url_ficha": "https://www.arbolesurbanos.com.ar/robinia-pseudoacacia-acacia-blanca",
        "thumbnail": "/thumbnails/acacia-blanca.jpg"
      },
      "geometry": {
        "type": "Point",
        "coordinates": [
          -70.063829,
          -38.903103
        ]
      }
    },
    {
      "type": "Feature",
      "properties": {
        "nombrevulgar": "Libustro",
        "nombrecientifico": "Arbutus unedo",
        "magnitud": 3,
        "tipo": "Latifoliada",
        "follaje": "Perenne",
        "lon": -70.064048,
        "lat": -38.903336,
        "imagen": null,
        "url_ficha": null,
        "thumbnail": "latifoliada_perenne.gif"
      },
      "geometry": {
        "type": "Point",
        "coordinates": [
          -70.064048,
          -38.903336
        ]
      }
    },
    {
      "type": "Feature",
      "properties": {
        "nombrevulgar": "Acacia blanca",
        "nombrecientifico": "Robinia pseudoacacia",
        "magnitud": 2,
        "tipo": "Latifoliada",
        "follaje": "Caduco",
        "lon": -70.063752,
        "lat": -38.903162,
        "imagen": "ROBINIA PSEUDOACACIA.gif",
        "url_ficha": "https://www.arbolesurbanos.com.ar/robinia-pseudoacacia-acacia-blanca",
        "thumbnail": "/thumbnails/acacia-blanca.jpg"
      },
      "geometry": {
        "type": "Point",
        "coordinates": [
          -70.063752,
          -38.903162
        ]
      }
    },
    {
      "type": "Feature",
      "properties": {
        "nombrevulgar": "Olmo siberiano",
        "nombrecientifico": "Ulmus pumila",
        "magnitud": 2,
        "tipo": "Latifoliada",
        "follaje": "Caduco",
        "lon": -70.064062,
        "lat": -38.903288,
        "imagen": "ULMUS PUMILA.gif\n",
        "url_ficha": "https://www.arbolesurbanos.com.ar/ulmus-pumila-olmo-siberiano/",
        "thumbnail": "/thumbnails/ulmus-pumilia.jpg"
      },
      "geometry": {
        "type": "Point",
        "coordinates": [
          -70.064062,
          -38.903288
        ]
      }
    },
    {
      "type": "Feature",
      "properties": {
        "nombrevulgar": "Acacia blanca",
        "nombrecientifico": "Robinia pseudoacacia",
        "magnitud": 2,
        "tipo": "Latifoliada",
        "follaje": "Caduco",
        "lon": -70.064037,
        "lat": -38.903128,
        "imagen": "ROBINIA PSEUDOACACIA.gif",
        "url_ficha": "https://www.arbolesurbanos.com.ar/robinia-pseudoacacia-acacia-blanca",
        "thumbnail": "/thumbnails/acacia-blanca.jpg"
      },
      "geometry": {
        "type": "Point",
        "coordinates": [
          -70.064037,
          -38.903128
        ]
      }
    },
    {
      "type": "Feature",
      "properties": {
        "nombrevulgar": "Olmo siberiano",
        "nombrecientifico": "Ulmus pumila",
        "magnitud": 2,
        "tipo": "Latifoliada",
        "follaje": "Caduco",
        "lon": -70.06411,
        "lat": -38.903191,
        "imagen": "ULMUS PUMILA.gif\n",
        "url_ficha": "https://www.arbolesurbanos.com.ar/ulmus-pumila-olmo-siberiano/",
        "thumbnail": "/thumbnails/ulmus-pumilia.jpg"
      },
      "geometry": {
        "type": "Point",
        "coordinates": [
          -70.06411,
          -38.903191
        ]
      }
    },
    {
      "type": "Feature",
      "properties": {
        "nombrevulgar": "Acacia blanca",
        "nombrecientifico": "Robinia pseudoacacia",
        "magnitud": 2,
        "tipo": "Latifoliada",
        "follaje": "Caduco",
        "lon": -70.064127,
        "lat": -38.903082,
        "imagen": "ROBINIA PSEUDOACACIA.gif",
        "url_ficha": "https://www.arbolesurbanos.com.ar/robinia-pseudoacacia-acacia-blanca",
        "thumbnail": "/thumbnails/acacia-blanca.jpg"
      },
      "geometry": {
        "type": "Point",
        "coordinates": [
          -70.064127,
          -38.903082
        ]
      }
    },
    {
      "type": "Feature",
      "properties": {
        "nombrevulgar": "Olmo siberiano",
        "nombrecientifico": "Ulmus pumila",
        "magnitud": 2,
        "tipo": "Latifoliada",
        "follaje": "Caduco",
        "lon": -70.064203,
        "lat": -38.903167,
        "imagen": "ULMUS PUMILA.gif\n",
        "url_ficha": "https://www.arbolesurbanos.com.ar/ulmus-pumila-olmo-siberiano/",
        "thumbnail": "/thumbnails/ulmus-pumilia.jpg"
      },
      "geometry": {
        "type": "Point",
        "coordinates": [
          -70.064203,
          -38.903167
        ]
      }
    },
    {
      "type": "Feature",
      "properties": {
        "nombrevulgar": "Fresno blanco",
        "nombrecientifico": "Fraxinus americana",
        "magnitud": 1,
        "tipo": "Latifoliada",
        "follaje": "Caduco",
        "lon": -70.064701,
        "lat": -38.902957,
        "imagen": "FRAXINUS AMERICANA.gif\n",
        "url_ficha": "https://www.arbolesurbanos.com.ar/fraxinus-americana-fresno-blanco/",
        "thumbnail": "/thumbnails/fresno-americano.jpg"
      },
      "geometry": {
        "type": "Point",
        "coordinates": [
          -70.064701,
          -38.902957
        ]
      }
    },
    {
      "type": "Feature",
      "properties": {
        "nombrevulgar": "Acacia blanca",
        "nombrecientifico": "Robinia pseudoacacia",
        "magnitud": 2,
        "tipo": "Latifoliada",
        "follaje": "Caduco",
        "lon": -70.064666,
        "lat": -38.902956,
        "imagen": "ROBINIA PSEUDOACACIA.gif",
        "url_ficha": "https://www.arbolesurbanos.com.ar/robinia-pseudoacacia-acacia-blanca",
        "thumbnail": "/thumbnails/acacia-blanca.jpg"
      },
      "geometry": {
        "type": "Point",
        "coordinates": [
          -70.064666,
          -38.902956
        ]
      }
    },
    {
      "type": "Feature",
      "properties": {
        "nombrevulgar": "Acacia blanca",
        "nombrecientifico": "Robinia pseudoacacia",
        "magnitud": 2,
        "tipo": "Latifoliada",
        "follaje": "Caduco",
        "lon": -70.064135,
        "lat": -38.903004,
        "imagen": "ROBINIA PSEUDOACACIA.gif",
        "url_ficha": "https://www.arbolesurbanos.com.ar/robinia-pseudoacacia-acacia-blanca",
        "thumbnail": "/thumbnails/acacia-blanca.jpg"
      },
      "geometry": {
        "type": "Point",
        "coordinates": [
          -70.064135,
          -38.903004
        ]
      }
    },
    {
      "type": "Feature",
      "properties": {
        "nombrevulgar": "Olmo siberiano",
        "nombrecientifico": "Ulmus pumila",
        "magnitud": 2,
        "tipo": "Latifoliada",
        "follaje": "Caduco",
        "lon": -70.064796,
        "lat": -38.903013,
        "imagen": "ULMUS PUMILA.gif\n",
        "url_ficha": "https://www.arbolesurbanos.com.ar/ulmus-pumila-olmo-siberiano/",
        "thumbnail": "/thumbnails/ulmus-pumilia.jpg"
      },
      "geometry": {
        "type": "Point",
        "coordinates": [
          -70.064796,
          -38.903013
        ]
      }
    },
    {
      "type": "Feature",
      "properties": {
        "nombrevulgar": "Olmo siberiano",
        "nombrecientifico": "Ulmus pumila",
        "magnitud": 2,
        "tipo": "Latifoliada",
        "follaje": "Caduco",
        "lon": -70.064769,
        "lat": -38.903002,
        "imagen": "ULMUS PUMILA.gif\n",
        "url_ficha": "https://www.arbolesurbanos.com.ar/ulmus-pumila-olmo-siberiano/",
        "thumbnail": "/thumbnails/ulmus-pumilia.jpg"
      },
      "geometry": {
        "type": "Point",
        "coordinates": [
          -70.064769,
          -38.903002
        ]
      }
    },
    {
      "type": "Feature",
      "properties": {
        "nombrevulgar": "Acacia blanca",
        "nombrecientifico": "Robinia pseudoacacia",
        "magnitud": 2,
        "tipo": "Latifoliada",
        "follaje": "Caduco",
        "lon": -70.06442,
        "lat": -38.903295,
        "imagen": "ROBINIA PSEUDOACACIA.gif",
        "url_ficha": "https://www.arbolesurbanos.com.ar/robinia-pseudoacacia-acacia-blanca",
        "thumbnail": "/thumbnails/acacia-blanca.jpg"
      },
      "geometry": {
        "type": "Point",
        "coordinates": [
          -70.06442,
          -38.903295
        ]
      }
    },
    {
      "type": "Feature",
      "properties": {
        "nombrevulgar": "Acacia blanca",
        "nombrecientifico": "Robinia pseudoacacia",
        "magnitud": 2,
        "tipo": "Latifoliada",
        "follaje": "Caduco",
        "lon": -70.064408,
        "lat": -38.90342,
        "imagen": "ROBINIA PSEUDOACACIA.gif",
        "url_ficha": "https://www.arbolesurbanos.com.ar/robinia-pseudoacacia-acacia-blanca",
        "thumbnail": "/thumbnails/acacia-blanca.jpg"
      },
      "geometry": {
        "type": "Point",
        "coordinates": [
          -70.064408,
          -38.90342
        ]
      }
    },
    {
      "type": "Feature",
      "properties": {
        "nombrevulgar": "Olmo siberiano",
        "nombrecientifico": "Ulmus pumila",
        "magnitud": 2,
        "tipo": "Latifoliada",
        "follaje": "Caduco",
        "lon": -70.064097,
        "lat": -38.902879,
        "imagen": "ULMUS PUMILA.gif\n",
        "url_ficha": "https://www.arbolesurbanos.com.ar/ulmus-pumila-olmo-siberiano/",
        "thumbnail": "/thumbnails/ulmus-pumilia.jpg"
      },
      "geometry": {
        "type": "Point",
        "coordinates": [
          -70.064097,
          -38.902879
        ]
      }
    },
    {
      "type": "Feature",
      "properties": {
        "nombrevulgar": "Picea del colorado",
        "nombrecientifico": "Picea pungens",
        "magnitud": 2,
        "tipo": "Conífera",
        "follaje": "Perenne",
        "lon": -70.064041,
        "lat": -38.902867,
        "imagen": "PICEA PUNGENS.gif\n",
        "url_ficha": "https://www.arbolesurbanos.com.ar/picea-pungens-picea-del-colorado/",
        "thumbnail": "/thumbnails/picea-pungens.jpg"
      },
      "geometry": {
        "type": "Point",
        "coordinates": [
          -70.064041,
          -38.902867
        ]
      }
    },
    {
      "type": "Feature",
      "properties": {
        "nombrevulgar": "Picea del colorado",
        "nombrecientifico": "Picea pungens",
        "magnitud": 2,
        "tipo": "Conífera",
        "follaje": "Perenne",
        "lon": -70.063962,
        "lat": -38.902937,
        "imagen": "PICEA PUNGENS.gif\n",
        "url_ficha": "https://www.arbolesurbanos.com.ar/picea-pungens-picea-del-colorado/",
        "thumbnail": "/thumbnails/picea-pungens.jpg"
      },
      "geometry": {
        "type": "Point",
        "coordinates": [
          -70.063962,
          -38.902937
        ]
      }
    },
    {
      "type": "Feature",
      "properties": {
        "nombrevulgar": "Fresno blanco",
        "nombrecientifico": "Fraxinus americana",
        "magnitud": 1,
        "tipo": "Latifoliada",
        "follaje": "Caduco",
        "lon": -70.06387,
        "lat": -38.903014,
        "imagen": "FRAXINUS AMERICANA.gif\n",
        "url_ficha": "https://www.arbolesurbanos.com.ar/fraxinus-americana-fresno-blanco/",
        "thumbnail": "/thumbnails/fresno-americano.jpg"
      },
      "geometry": {
        "type": "Point",
        "coordinates": [
          -70.06387,
          -38.903014
        ]
      }
    },
    {
      "type": "Feature",
      "properties": {
        "nombrevulgar": "Olmo siberiano",
        "nombrecientifico": "Ulmus pumila",
        "magnitud": 2,
        "tipo": "Latifoliada",
        "follaje": "Caduco",
        "lon": -70.064182,
        "lat": -38.902953,
        "imagen": "ULMUS PUMILA.gif\n",
        "url_ficha": "https://www.arbolesurbanos.com.ar/ulmus-pumila-olmo-siberiano/",
        "thumbnail": "/thumbnails/ulmus-pumilia.jpg"
      },
      "geometry": {
        "type": "Point",
        "coordinates": [
          -70.064182,
          -38.902953
        ]
      }
    },
    {
      "type": "Feature",
      "properties": {
        "nombrevulgar": "Acacia blanca",
        "nombrecientifico": "Robinia pseudoacacia",
        "magnitud": 2,
        "tipo": "Latifoliada",
        "follaje": "Caduco",
        "lon": -70.064293,
        "lat": -38.902478,
        "imagen": "ROBINIA PSEUDOACACIA.gif",
        "url_ficha": "https://www.arbolesurbanos.com.ar/robinia-pseudoacacia-acacia-blanca",
        "thumbnail": "/thumbnails/acacia-blanca.jpg"
      },
      "geometry": {
        "type": "Point",
        "coordinates": [
          -70.064293,
          -38.902478
        ]
      }
    },
    {
      "type": "Feature",
      "properties": {
        "nombrevulgar": "Acacia blanca",
        "nombrecientifico": "Robinia pseudoacacia",
        "magnitud": 2,
        "tipo": "Latifoliada",
        "follaje": "Caduco",
        "lon": -70.064254,
        "lat": -38.902441,
        "imagen": "ROBINIA PSEUDOACACIA.gif",
        "url_ficha": "https://www.arbolesurbanos.com.ar/robinia-pseudoacacia-acacia-blanca",
        "thumbnail": "/thumbnails/acacia-blanca.jpg"
      },
      "geometry": {
        "type": "Point",
        "coordinates": [
          -70.064254,
          -38.902441
        ]
      }
    },
    {
      "type": "Feature",
      "properties": {
        "nombrevulgar": "Acacia blanca",
        "nombrecientifico": "Robinia pseudoacacia",
        "magnitud": 2,
        "tipo": "Latifoliada",
        "follaje": "Caduco",
        "lon": -70.064289,
        "lat": -38.902543,
        "imagen": "ROBINIA PSEUDOACACIA.gif",
        "url_ficha": "https://www.arbolesurbanos.com.ar/robinia-pseudoacacia-acacia-blanca",
        "thumbnail": "/thumbnails/acacia-blanca.jpg"
      },
      "geometry": {
        "type": "Point",
        "coordinates": [
          -70.064289,
          -38.902543
        ]
      }
    },
    {
      "type": "Feature",
      "properties": {
        "nombrevulgar": "Acacia blanca",
        "nombrecientifico": "Robinia pseudoacacia",
        "magnitud": 2,
        "tipo": "Latifoliada",
        "follaje": "Caduco",
        "lon": -70.064257,
        "lat": -38.902686,
        "imagen": "ROBINIA PSEUDOACACIA.gif",
        "url_ficha": "https://www.arbolesurbanos.com.ar/robinia-pseudoacacia-acacia-blanca",
        "thumbnail": "/thumbnails/acacia-blanca.jpg"
      },
      "geometry": {
        "type": "Point",
        "coordinates": [
          -70.064257,
          -38.902686
        ]
      }
    },
    {
      "type": "Feature",
      "properties": {
        "nombrevulgar": "Acacia blanca",
        "nombrecientifico": "Robinia pseudoacacia",
        "magnitud": 2,
        "tipo": "Latifoliada",
        "follaje": "Caduco",
        "lon": -70.064427,
        "lat": -38.903106,
        "imagen": "ROBINIA PSEUDOACACIA.gif",
        "url_ficha": "https://www.arbolesurbanos.com.ar/robinia-pseudoacacia-acacia-blanca",
        "thumbnail": "/thumbnails/acacia-blanca.jpg"
      },
      "geometry": {
        "type": "Point",
        "coordinates": [
          -70.064427,
          -38.903106
        ]
      }
    },
    {
      "type": "Feature",
      "properties": {
        "nombrevulgar": "Acacia blanca",
        "nombrecientifico": "Robinia pseudoacacia",
        "magnitud": 2,
        "tipo": "Latifoliada",
        "follaje": "Caduco",
        "lon": -70.064309,
        "lat": -38.903157,
        "imagen": "ROBINIA PSEUDOACACIA.gif",
        "url_ficha": "https://www.arbolesurbanos.com.ar/robinia-pseudoacacia-acacia-blanca",
        "thumbnail": "/thumbnails/acacia-blanca.jpg"
      },
      "geometry": {
        "type": "Point",
        "coordinates": [
          -70.064309,
          -38.903157
        ]
      }
    },
    {
      "type": "Feature",
      "properties": {
        "nombrevulgar": "Acacia blanca",
        "nombrecientifico": "Robinia pseudoacacia",
        "magnitud": 2,
        "tipo": "Latifoliada",
        "follaje": "Caduco",
        "lon": -70.06445,
        "lat": -38.903358,
        "imagen": "ROBINIA PSEUDOACACIA.gif",
        "url_ficha": "https://www.arbolesurbanos.com.ar/robinia-pseudoacacia-acacia-blanca",
        "thumbnail": "/thumbnails/acacia-blanca.jpg"
      },
      "geometry": {
        "type": "Point",
        "coordinates": [
          -70.06445,
          -38.903358
        ]
      }
    },
    {
      "type": "Feature",
      "properties": {
        "nombrevulgar": "Acacia blanca",
        "nombrecientifico": "Robinia pseudoacacia",
        "magnitud": 2,
        "tipo": "Latifoliada",
        "follaje": "Caduco",
        "lon": -70.064392,
        "lat": -38.903344,
        "imagen": "ROBINIA PSEUDOACACIA.gif",
        "url_ficha": "https://www.arbolesurbanos.com.ar/robinia-pseudoacacia-acacia-blanca",
        "thumbnail": "/thumbnails/acacia-blanca.jpg"
      },
      "geometry": {
        "type": "Point",
        "coordinates": [
          -70.064392,
          -38.903344
        ]
      }
    },
    {
      "type": "Feature",
      "properties": {
        "nombrevulgar": "Acacia blanca",
        "nombrecientifico": "Robinia pseudoacacia",
        "magnitud": 2,
        "tipo": "Latifoliada",
        "follaje": "Caduco",
        "lon": -70.064422,
        "lat": -38.903312,
        "imagen": "ROBINIA PSEUDOACACIA.gif",
        "url_ficha": "https://www.arbolesurbanos.com.ar/robinia-pseudoacacia-acacia-blanca",
        "thumbnail": "/thumbnails/acacia-blanca.jpg"
      },
      "geometry": {
        "type": "Point",
        "coordinates": [
          -70.064422,
          -38.903312
        ]
      }
    },
    {
      "type": "Feature",
      "properties": {
        "nombrevulgar": "Acacia blanca",
        "nombrecientifico": "Robinia pseudoacacia",
        "magnitud": 2,
        "tipo": "Latifoliada",
        "follaje": "Caduco",
        "lon": -70.064375,
        "lat": -38.903292,
        "imagen": "ROBINIA PSEUDOACACIA.gif",
        "url_ficha": "https://www.arbolesurbanos.com.ar/robinia-pseudoacacia-acacia-blanca",
        "thumbnail": "/thumbnails/acacia-blanca.jpg"
      },
      "geometry": {
        "type": "Point",
        "coordinates": [
          -70.064375,
          -38.903292
        ]
      }
    },
    {
      "type": "Feature",
      "properties": {
        "nombrevulgar": "Acacia blanca",
        "nombrecientifico": "Robinia pseudoacacia",
        "magnitud": 2,
        "tipo": "Latifoliada",
        "follaje": "Caduco",
        "lon": -70.06429,
        "lat": -38.902784,
        "imagen": "ROBINIA PSEUDOACACIA.gif",
        "url_ficha": "https://www.arbolesurbanos.com.ar/robinia-pseudoacacia-acacia-blanca",
        "thumbnail": "/thumbnails/acacia-blanca.jpg"
      },
      "geometry": {
        "type": "Point",
        "coordinates": [
          -70.06429,
          -38.902784
        ]
      }
    },
    {
      "type": "Feature",
      "properties": {
        "nombrevulgar": "Acacia blanca",
        "nombrecientifico": "Robinia pseudoacacia",
        "magnitud": 2,
        "tipo": "Latifoliada",
        "follaje": "Caduco",
        "lon": -70.06432,
        "lat": -38.903216,
        "imagen": "ROBINIA PSEUDOACACIA.gif",
        "url_ficha": "https://www.arbolesurbanos.com.ar/robinia-pseudoacacia-acacia-blanca",
        "thumbnail": "/thumbnails/acacia-blanca.jpg"
      },
      "geometry": {
        "type": "Point",
        "coordinates": [
          -70.06432,
          -38.903216
        ]
      }
    },
    {
      "type": "Feature",
      "properties": {
        "nombrevulgar": "Acacia blanca",
        "nombrecientifico": "Robinia pseudoacacia",
        "magnitud": 2,
        "tipo": "Latifoliada",
        "follaje": "Caduco",
        "lon": -70.064378,
        "lat": -38.903251,
        "imagen": "ROBINIA PSEUDOACACIA.gif",
        "url_ficha": "https://www.arbolesurbanos.com.ar/robinia-pseudoacacia-acacia-blanca",
        "thumbnail": "/thumbnails/acacia-blanca.jpg"
      },
      "geometry": {
        "type": "Point",
        "coordinates": [
          -70.064378,
          -38.903251
        ]
      }
    },
    {
      "type": "Feature",
      "properties": {
        "nombrevulgar": "Picea del colorado",
        "nombrecientifico": "Picea pungens",
        "magnitud": 2,
        "tipo": "Conífera",
        "follaje": "Perenne",
        "lon": -70.064374,
        "lat": -38.902762,
        "imagen": "PICEA PUNGENS.gif\n",
        "url_ficha": "https://www.arbolesurbanos.com.ar/picea-pungens-picea-del-colorado/",
        "thumbnail": "/thumbnails/picea-pungens.jpg"
      },
      "geometry": {
        "type": "Point",
        "coordinates": [
          -70.064374,
          -38.902762
        ]
      }
    },
    {
      "type": "Feature",
      "properties": {
        "nombrevulgar": "Olmo siberiano",
        "nombrecientifico": "Ulmus pumila",
        "magnitud": 2,
        "tipo": "Latifoliada",
        "follaje": "Caduco",
        "lon": -70.064052,
        "lat": -38.902858,
        "imagen": "ULMUS PUMILA.gif\n",
        "url_ficha": "https://www.arbolesurbanos.com.ar/ulmus-pumila-olmo-siberiano/",
        "thumbnail": "/thumbnails/ulmus-pumilia.jpg"
      },
      "geometry": {
        "type": "Point",
        "coordinates": [
          -70.064052,
          -38.902858
        ]
      }
    },
    {
      "type": "Feature",
      "properties": {
        "nombrevulgar": "Acacia blanca",
        "nombrecientifico": "Robinia pseudoacacia",
        "magnitud": 2,
        "tipo": "Latifoliada",
        "follaje": "Caduco",
        "lon": -70.064026,
        "lat": -38.902832,
        "imagen": "ROBINIA PSEUDOACACIA.gif",
        "url_ficha": "https://www.arbolesurbanos.com.ar/robinia-pseudoacacia-acacia-blanca",
        "thumbnail": "/thumbnails/acacia-blanca.jpg"
      },
      "geometry": {
        "type": "Point",
        "coordinates": [
          -70.064026,
          -38.902832
        ]
      }
    },
    {
      "type": "Feature",
      "properties": {
        "nombrevulgar": "Olmo siberiano",
        "nombrecientifico": "Ulmus pumila",
        "magnitud": 2,
        "tipo": "Latifoliada",
        "follaje": "Caduco",
        "lon": -70.064139,
        "lat": -38.902772,
        "imagen": "ULMUS PUMILA.gif\n",
        "url_ficha": "https://www.arbolesurbanos.com.ar/ulmus-pumila-olmo-siberiano/",
        "thumbnail": "/thumbnails/ulmus-pumilia.jpg"
      },
      "geometry": {
        "type": "Point",
        "coordinates": [
          -70.064139,
          -38.902772
        ]
      }
    },
    {
      "type": "Feature",
      "properties": {
        "nombrevulgar": "Acacia blanca",
        "nombrecientifico": "Robinia pseudoacacia",
        "magnitud": 2,
        "tipo": "Latifoliada",
        "follaje": "Caduco",
        "lon": -70.064237,
        "lat": -38.902556,
        "imagen": "ROBINIA PSEUDOACACIA.gif",
        "url_ficha": "https://www.arbolesurbanos.com.ar/robinia-pseudoacacia-acacia-blanca",
        "thumbnail": "/thumbnails/acacia-blanca.jpg"
      },
      "geometry": {
        "type": "Point",
        "coordinates": [
          -70.064237,
          -38.902556
        ]
      }
    },
    {
      "type": "Feature",
      "properties": {
        "nombrevulgar": "Acacia blanca",
        "nombrecientifico": "Robinia pseudoacacia",
        "magnitud": 2,
        "tipo": "Latifoliada",
        "follaje": "Caduco",
        "lon": -70.06425,
        "lat": -38.902666,
        "imagen": "ROBINIA PSEUDOACACIA.gif",
        "url_ficha": "https://www.arbolesurbanos.com.ar/robinia-pseudoacacia-acacia-blanca",
        "thumbnail": "/thumbnails/acacia-blanca.jpg"
      },
      "geometry": {
        "type": "Point",
        "coordinates": [
          -70.06425,
          -38.902666
        ]
      }
    },
    {
      "type": "Feature",
      "properties": {
        "nombrevulgar": "Acacia blanca",
        "nombrecientifico": "Robinia pseudoacacia",
        "magnitud": 2,
        "tipo": "Latifoliada",
        "follaje": "Caduco",
        "lon": -70.064231,
        "lat": -38.902684,
        "imagen": "ROBINIA PSEUDOACACIA.gif",
        "url_ficha": "https://www.arbolesurbanos.com.ar/robinia-pseudoacacia-acacia-blanca",
        "thumbnail": "/thumbnails/acacia-blanca.jpg"
      },
      "geometry": {
        "type": "Point",
        "coordinates": [
          -70.064231,
          -38.902684
        ]
      }
    },
    {
      "type": "Feature",
      "properties": {
        "nombrevulgar": "Acacia blanca",
        "nombrecientifico": "Robinia pseudoacacia",
        "magnitud": 2,
        "tipo": "Latifoliada",
        "follaje": "Caduco",
        "lon": -70.064273,
        "lat": -38.902717,
        "imagen": "ROBINIA PSEUDOACACIA.gif",
        "url_ficha": "https://www.arbolesurbanos.com.ar/robinia-pseudoacacia-acacia-blanca",
        "thumbnail": "/thumbnails/acacia-blanca.jpg"
      },
      "geometry": {
        "type": "Point",
        "coordinates": [
          -70.064273,
          -38.902717
        ]
      }
    },
    {
      "type": "Feature",
      "properties": {
        "nombrevulgar": "Acacia blanca",
        "nombrecientifico": "Robinia pseudoacacia",
        "magnitud": 2,
        "tipo": "Latifoliada",
        "follaje": "Caduco",
        "lon": -70.064297,
        "lat": -38.902791,
        "imagen": "ROBINIA PSEUDOACACIA.gif",
        "url_ficha": "https://www.arbolesurbanos.com.ar/robinia-pseudoacacia-acacia-blanca",
        "thumbnail": "/thumbnails/acacia-blanca.jpg"
      },
      "geometry": {
        "type": "Point",
        "coordinates": [
          -70.064297,
          -38.902791
        ]
      }
    },
    {
      "type": "Feature",
      "properties": {
        "nombrevulgar": "Pino ponderosa",
        "nombrecientifico": "Pinus ponderosa",
        "magnitud": 1,
        "tipo": "Conífera",
        "follaje": "Perenne",
        "lon": -70.064145,
        "lat": -38.902719,
        "imagen": "PINUS PONDEROSA.gif",
        "url_ficha": "https://www.arbolesurbanos.com.ar/pinus-ponderosa-pino-ponderosa",
        "thumbnail": "/thumbnails/pino-ponderosa.jpg"
      },
      "geometry": {
        "type": "Point",
        "coordinates": [
          -70.064145,
          -38.902719
        ]
      }
    },
    {
      "type": "Feature",
      "properties": {
        "nombrevulgar": "Acacia blanca",
        "nombrecientifico": "Robinia pseudoacacia",
        "magnitud": 2,
        "tipo": "Latifoliada",
        "follaje": "Caduco",
        "lon": -70.063705,
        "lat": -38.903189,
        "imagen": "ROBINIA PSEUDOACACIA.gif",
        "url_ficha": "https://www.arbolesurbanos.com.ar/robinia-pseudoacacia-acacia-blanca",
        "thumbnail": "/thumbnails/acacia-blanca.jpg"
      },
      "geometry": {
        "type": "Point",
        "coordinates": [
          -70.063705,
          -38.903189
        ]
      }
    },
    {
      "type": "Feature",
      "properties": {
        "nombrevulgar": "Acacia blanca",
        "nombrecientifico": "Robinia pseudoacacia",
        "magnitud": 2,
        "tipo": "Latifoliada",
        "follaje": "Caduco",
        "lon": -70.063789,
        "lat": -38.903224,
        "imagen": "ROBINIA PSEUDOACACIA.gif",
        "url_ficha": "https://www.arbolesurbanos.com.ar/robinia-pseudoacacia-acacia-blanca",
        "thumbnail": "/thumbnails/acacia-blanca.jpg"
      },
      "geometry": {
        "type": "Point",
        "coordinates": [
          -70.063789,
          -38.903224
        ]
      }
    },
    {
      "type": "Feature",
      "properties": {
        "nombrevulgar": "Acacia blanca",
        "nombrecientifico": "Robinia pseudoacacia",
        "magnitud": 2,
        "tipo": "Latifoliada",
        "follaje": "Caduco",
        "lon": -70.063797,
        "lat": -38.903225,
        "imagen": "ROBINIA PSEUDOACACIA.gif",
        "url_ficha": "https://www.arbolesurbanos.com.ar/robinia-pseudoacacia-acacia-blanca",
        "thumbnail": "/thumbnails/acacia-blanca.jpg"
      },
      "geometry": {
        "type": "Point",
        "coordinates": [
          -70.063797,
          -38.903225
        ]
      }
    },
    {
      "type": "Feature",
      "properties": {
        "nombrevulgar": "Acacia blanca",
        "nombrecientifico": "Robinia pseudoacacia",
        "magnitud": 2,
        "tipo": "Latifoliada",
        "follaje": "Caduco",
        "lon": -70.063846,
        "lat": -38.903288,
        "imagen": "ROBINIA PSEUDOACACIA.gif",
        "url_ficha": "https://www.arbolesurbanos.com.ar/robinia-pseudoacacia-acacia-blanca",
        "thumbnail": "/thumbnails/acacia-blanca.jpg"
      },
      "geometry": {
        "type": "Point",
        "coordinates": [
          -70.063846,
          -38.903288
        ]
      }
    },
    {
      "type": "Feature",
      "properties": {
        "nombrevulgar": "Olmo siberiano",
        "nombrecientifico": "Ulmus pumila",
        "magnitud": 2,
        "tipo": "Latifoliada",
        "follaje": "Caduco",
        "lon": -70.063934,
        "lat": -38.903303,
        "imagen": "ULMUS PUMILA.gif\n",
        "url_ficha": "https://www.arbolesurbanos.com.ar/ulmus-pumila-olmo-siberiano/",
        "thumbnail": "/thumbnails/ulmus-pumilia.jpg"
      },
      "geometry": {
        "type": "Point",
        "coordinates": [
          -70.063934,
          -38.903303
        ]
      }
    },
    {
      "type": "Feature",
      "properties": {
        "nombrevulgar": "Ciruelo de flor",
        "nombrecientifico": "Prunus cerasifera var. pisardii",
        "magnitud": 3,
        "tipo": "Latifoliada",
        "follaje": "Caduco",
        "lon": -70.064557,
        "lat": -38.903374,
        "imagen": "PRUNUS CERACIFERA VAR PISARDI.gif",
        "url_ficha": "https://www.arbolesurbanos.com.ar/prunus-cerasifera-ciruelo-de-flor/",
        "thumbnail": "/thumbnails/ciruelo-de-flor.jpg"
      },
      "geometry": {
        "type": "Point",
        "coordinates": [
          -70.064557,
          -38.903374
        ]
      }
    },
    {
      "type": "Feature",
      "properties": {
        "nombrevulgar": "Acacia blanca",
        "nombrecientifico": "Robinia pseudoacacia",
        "magnitud": 2,
        "tipo": "Latifoliada",
        "follaje": "Caduco",
        "lon": -70.064471,
        "lat": -38.903508,
        "imagen": "ROBINIA PSEUDOACACIA.gif",
        "url_ficha": "https://www.arbolesurbanos.com.ar/robinia-pseudoacacia-acacia-blanca",
        "thumbnail": "/thumbnails/acacia-blanca.jpg"
      },
      "geometry": {
        "type": "Point",
        "coordinates": [
          -70.064471,
          -38.903508
        ]
      }
    },
    {
      "type": "Feature",
      "properties": {
        "nombrevulgar": "Acacia blanca",
        "nombrecientifico": "Robinia pseudoacacia",
        "magnitud": 2,
        "tipo": "Latifoliada",
        "follaje": "Caduco",
        "lon": -70.064364,
        "lat": -38.90352,
        "imagen": "ROBINIA PSEUDOACACIA.gif",
        "url_ficha": "https://www.arbolesurbanos.com.ar/robinia-pseudoacacia-acacia-blanca",
        "thumbnail": "/thumbnails/acacia-blanca.jpg"
      },
      "geometry": {
        "type": "Point",
        "coordinates": [
          -70.064364,
          -38.90352
        ]
      }
    },
    {
      "type": "Feature",
      "properties": {
        "nombrevulgar": "Acacia blanca",
        "nombrecientifico": "Robinia pseudoacacia",
        "magnitud": 2,
        "tipo": "Latifoliada",
        "follaje": "Caduco",
        "lon": -70.063785,
        "lat": -38.902904,
        "imagen": "ROBINIA PSEUDOACACIA.gif",
        "url_ficha": "https://www.arbolesurbanos.com.ar/robinia-pseudoacacia-acacia-blanca",
        "thumbnail": "/thumbnails/acacia-blanca.jpg"
      },
      "geometry": {
        "type": "Point",
        "coordinates": [
          -70.063785,
          -38.902904
        ]
      }
    },
    {
      "type": "Feature",
      "properties": {
        "nombrevulgar": "Acacia blanca",
        "nombrecientifico": "Robinia pseudoacacia",
        "magnitud": 2,
        "tipo": "Latifoliada",
        "follaje": "Caduco",
        "lon": -70.063777,
        "lat": -38.902985,
        "imagen": "ROBINIA PSEUDOACACIA.gif",
        "url_ficha": "https://www.arbolesurbanos.com.ar/robinia-pseudoacacia-acacia-blanca",
        "thumbnail": "/thumbnails/acacia-blanca.jpg"
      },
      "geometry": {
        "type": "Point",
        "coordinates": [
          -70.063777,
          -38.902985
        ]
      }
    },
    {
      "type": "Feature",
      "properties": {
        "nombrevulgar": "Acacia blanca",
        "nombrecientifico": "Robinia pseudoacacia",
        "magnitud": 2,
        "tipo": "Latifoliada",
        "follaje": "Caduco",
        "lon": -70.063674,
        "lat": -38.903042,
        "imagen": "ROBINIA PSEUDOACACIA.gif",
        "url_ficha": "https://www.arbolesurbanos.com.ar/robinia-pseudoacacia-acacia-blanca",
        "thumbnail": "/thumbnails/acacia-blanca.jpg"
      },
      "geometry": {
        "type": "Point",
        "coordinates": [
          -70.063674,
          -38.903042
        ]
      }
    },
    {
      "type": "Feature",
      "properties": {
        "nombrevulgar": "Acacia blanca",
        "nombrecientifico": "Robinia pseudoacacia",
        "magnitud": 2,
        "tipo": "Latifoliada",
        "follaje": "Caduco",
        "lon": -70.06367,
        "lat": -38.903112,
        "imagen": "ROBINIA PSEUDOACACIA.gif",
        "url_ficha": "https://www.arbolesurbanos.com.ar/robinia-pseudoacacia-acacia-blanca",
        "thumbnail": "/thumbnails/acacia-blanca.jpg"
      },
      "geometry": {
        "type": "Point",
        "coordinates": [
          -70.06367,
          -38.903112
        ]
      }
    },
    {
      "type": "Feature",
      "properties": {
        "nombrevulgar": "Olmo siberiano",
        "nombrecientifico": "Ulmus pumila",
        "magnitud": 2,
        "tipo": "Latifoliada",
        "follaje": "Caduco",
        "lon": -70.06391,
        "lat": -38.903305,
        "imagen": "ULMUS PUMILA.gif\n",
        "url_ficha": "https://www.arbolesurbanos.com.ar/ulmus-pumila-olmo-siberiano/",
        "thumbnail": "/thumbnails/ulmus-pumilia.jpg"
      },
      "geometry": {
        "type": "Point",
        "coordinates": [
          -70.06391,
          -38.903305
        ]
      }
    },
    {
      "type": "Feature",
      "properties": {
        "nombrevulgar": "Olmo siberiano",
        "nombrecientifico": "Ulmus pumila",
        "magnitud": 2,
        "tipo": "Latifoliada",
        "follaje": "Caduco",
        "lon": -70.063965,
        "lat": -38.903311,
        "imagen": "ULMUS PUMILA.gif\n",
        "url_ficha": "https://www.arbolesurbanos.com.ar/ulmus-pumila-olmo-siberiano/",
        "thumbnail": "/thumbnails/ulmus-pumilia.jpg"
      },
      "geometry": {
        "type": "Point",
        "coordinates": [
          -70.063965,
          -38.903311
        ]
      }
    },
    {
      "type": "Feature",
      "properties": {
        "nombrevulgar": "Olmo siberiano",
        "nombrecientifico": "Ulmus pumila",
        "magnitud": 2,
        "tipo": "Latifoliada",
        "follaje": "Caduco",
        "lon": -70.064021,
        "lat": -38.903359,
        "imagen": "ULMUS PUMILA.gif\n",
        "url_ficha": "https://www.arbolesurbanos.com.ar/ulmus-pumila-olmo-siberiano/",
        "thumbnail": "/thumbnails/ulmus-pumilia.jpg"
      },
      "geometry": {
        "type": "Point",
        "coordinates": [
          -70.064021,
          -38.903359
        ]
      }
    },
    {
      "type": "Feature",
      "properties": {
        "nombrevulgar": "Acacia blanca",
        "nombrecientifico": "Robinia pseudoacacia",
        "magnitud": 2,
        "tipo": "Latifoliada",
        "follaje": "Caduco",
        "lon": -70.064067,
        "lat": -38.903358,
        "imagen": "ROBINIA PSEUDOACACIA.gif",
        "url_ficha": "https://www.arbolesurbanos.com.ar/robinia-pseudoacacia-acacia-blanca",
        "thumbnail": "/thumbnails/acacia-blanca.jpg"
      },
      "geometry": {
        "type": "Point",
        "coordinates": [
          -70.064067,
          -38.903358
        ]
      }
    },
    {
      "type": "Feature",
      "properties": {
        "nombrevulgar": "Olmo siberiano",
        "nombrecientifico": "Ulmus pumila",
        "magnitud": 2,
        "tipo": "Latifoliada",
        "follaje": "Caduco",
        "lon": -70.064101,
        "lat": -38.903382,
        "imagen": "ULMUS PUMILA.gif\n",
        "url_ficha": "https://www.arbolesurbanos.com.ar/ulmus-pumila-olmo-siberiano/",
        "thumbnail": "/thumbnails/ulmus-pumilia.jpg"
      },
      "geometry": {
        "type": "Point",
        "coordinates": [
          -70.064101,
          -38.903382
        ]
      }
    },
    {
      "type": "Feature",
      "properties": {
        "nombrevulgar": "Olmo siberiano",
        "nombrecientifico": "Ulmus pumila",
        "magnitud": 2,
        "tipo": "Latifoliada",
        "follaje": "Caduco",
        "lon": -70.064168,
        "lat": -38.903423,
        "imagen": "ULMUS PUMILA.gif\n",
        "url_ficha": "https://www.arbolesurbanos.com.ar/ulmus-pumila-olmo-siberiano/",
        "thumbnail": "/thumbnails/ulmus-pumilia.jpg"
      },
      "geometry": {
        "type": "Point",
        "coordinates": [
          -70.064168,
          -38.903423
        ]
      }
    },
    {
      "type": "Feature",
      "properties": {
        "nombrevulgar": "Acacia blanca",
        "nombrecientifico": "Robinia pseudoacacia",
        "magnitud": 2,
        "tipo": "Latifoliada",
        "follaje": "Caduco",
        "lon": -70.064199,
        "lat": -38.903395,
        "imagen": "ROBINIA PSEUDOACACIA.gif",
        "url_ficha": "https://www.arbolesurbanos.com.ar/robinia-pseudoacacia-acacia-blanca",
        "thumbnail": "/thumbnails/acacia-blanca.jpg"
      },
      "geometry": {
        "type": "Point",
        "coordinates": [
          -70.064199,
          -38.903395
        ]
      }
    },
    {
      "type": "Feature",
      "properties": {
        "nombrevulgar": "Acacia blanca",
        "nombrecientifico": "Robinia pseudoacacia",
        "magnitud": 2,
        "tipo": "Latifoliada",
        "follaje": "Caduco",
        "lon": -70.064223,
        "lat": -38.903509,
        "imagen": "ROBINIA PSEUDOACACIA.gif",
        "url_ficha": "https://www.arbolesurbanos.com.ar/robinia-pseudoacacia-acacia-blanca",
        "thumbnail": "/thumbnails/acacia-blanca.jpg"
      },
      "geometry": {
        "type": "Point",
        "coordinates": [
          -70.064223,
          -38.903509
        ]
      }
    },
    {
      "type": "Feature",
      "properties": {
        "nombrevulgar": "Acacia blanca",
        "nombrecientifico": "Robinia pseudoacacia",
        "magnitud": 2,
        "tipo": "Latifoliada",
        "follaje": "Caduco",
        "lon": -70.064307,
        "lat": -38.903491,
        "imagen": "ROBINIA PSEUDOACACIA.gif",
        "url_ficha": "https://www.arbolesurbanos.com.ar/robinia-pseudoacacia-acacia-blanca",
        "thumbnail": "/thumbnails/acacia-blanca.jpg"
      },
      "geometry": {
        "type": "Point",
        "coordinates": [
          -70.064307,
          -38.903491
        ]
      }
    },
    {
      "type": "Feature",
      "properties": {
        "nombrevulgar": "Olmo siberiano",
        "nombrecientifico": "Ulmus pumila",
        "magnitud": 2,
        "tipo": "Latifoliada",
        "follaje": "Caduco",
        "lon": -70.063829,
        "lat": -38.902956,
        "imagen": "ULMUS PUMILA.gif\n",
        "url_ficha": "https://www.arbolesurbanos.com.ar/ulmus-pumila-olmo-siberiano/",
        "thumbnail": "/thumbnails/ulmus-pumilia.jpg"
      },
      "geometry": {
        "type": "Point",
        "coordinates": [
          -70.063829,
          -38.902956
        ]
      }
    },
    {
      "type": "Feature",
      "properties": {
        "nombrevulgar": "Acacia blanca",
        "nombrecientifico": "Robinia pseudoacacia",
        "magnitud": 2,
        "tipo": "Latifoliada",
        "follaje": "Caduco",
        "lon": -70.063892,
        "lat": -38.90285,
        "imagen": "ROBINIA PSEUDOACACIA.gif",
        "url_ficha": "https://www.arbolesurbanos.com.ar/robinia-pseudoacacia-acacia-blanca",
        "thumbnail": "/thumbnails/acacia-blanca.jpg"
      },
      "geometry": {
        "type": "Point",
        "coordinates": [
          -70.063892,
          -38.90285
        ]
      }
    },
    {
      "type": "Feature",
      "properties": {
        "nombrevulgar": "Acacia blanca",
        "nombrecientifico": "Robinia pseudoacacia",
        "magnitud": 2,
        "tipo": "Latifoliada",
        "follaje": "Caduco",
        "lon": -70.063825,
        "lat": -38.902865,
        "imagen": "ROBINIA PSEUDOACACIA.gif",
        "url_ficha": "https://www.arbolesurbanos.com.ar/robinia-pseudoacacia-acacia-blanca",
        "thumbnail": "/thumbnails/acacia-blanca.jpg"
      },
      "geometry": {
        "type": "Point",
        "coordinates": [
          -70.063825,
          -38.902865
        ]
      }
    },
    {
      "type": "Feature",
      "properties": {
        "nombrevulgar": "Acacia blanca",
        "nombrecientifico": "Robinia pseudoacacia",
        "magnitud": 2,
        "tipo": "Latifoliada",
        "follaje": "Caduco",
        "lon": -70.063976,
        "lat": -38.902735,
        "imagen": "ROBINIA PSEUDOACACIA.gif",
        "url_ficha": "https://www.arbolesurbanos.com.ar/robinia-pseudoacacia-acacia-blanca",
        "thumbnail": "/thumbnails/acacia-blanca.jpg"
      },
      "geometry": {
        "type": "Point",
        "coordinates": [
          -70.063976,
          -38.902735
        ]
      }
    },
    {
      "type": "Feature",
      "properties": {
        "nombrevulgar": "Acacia blanca",
        "nombrecientifico": "Robinia pseudoacacia",
        "magnitud": 2,
        "tipo": "Latifoliada",
        "follaje": "Caduco",
        "lon": -70.063986,
        "lat": -38.902691,
        "imagen": "ROBINIA PSEUDOACACIA.gif",
        "url_ficha": "https://www.arbolesurbanos.com.ar/robinia-pseudoacacia-acacia-blanca",
        "thumbnail": "/thumbnails/acacia-blanca.jpg"
      },
      "geometry": {
        "type": "Point",
        "coordinates": [
          -70.063986,
          -38.902691
        ]
      }
    },
    {
      "type": "Feature",
      "properties": {
        "nombrevulgar": "Acacia blanca",
        "nombrecientifico": "Robinia pseudoacacia",
        "magnitud": 2,
        "tipo": "Latifoliada",
        "follaje": "Caduco",
        "lon": -70.06397,
        "lat": -38.902642,
        "imagen": "ROBINIA PSEUDOACACIA.gif",
        "url_ficha": "https://www.arbolesurbanos.com.ar/robinia-pseudoacacia-acacia-blanca",
        "thumbnail": "/thumbnails/acacia-blanca.jpg"
      },
      "geometry": {
        "type": "Point",
        "coordinates": [
          -70.06397,
          -38.902642
        ]
      }
    },
    {
      "type": "Feature",
      "properties": {
        "nombrevulgar": "Olmo siberiano",
        "nombrecientifico": "Ulmus pumila",
        "magnitud": 2,
        "tipo": "Latifoliada",
        "follaje": "Caduco",
        "lon": -70.064874,
        "lat": -38.90273,
        "imagen": "ULMUS PUMILA.gif\n",
        "url_ficha": "https://www.arbolesurbanos.com.ar/ulmus-pumila-olmo-siberiano/",
        "thumbnail": "/thumbnails/ulmus-pumilia.jpg"
      },
      "geometry": {
        "type": "Point",
        "coordinates": [
          -70.064874,
          -38.90273
        ]
      }
    },
    {
      "type": "Feature",
      "properties": {
        "nombrevulgar": "Olmo siberiano",
        "nombrecientifico": "Ulmus pumila",
        "magnitud": 2,
        "tipo": "Latifoliada",
        "follaje": "Caduco",
        "lon": -70.064744,
        "lat": -38.902668,
        "imagen": "ULMUS PUMILA.gif\n",
        "url_ficha": "https://www.arbolesurbanos.com.ar/ulmus-pumila-olmo-siberiano/",
        "thumbnail": "/thumbnails/ulmus-pumilia.jpg"
      },
      "geometry": {
        "type": "Point",
        "coordinates": [
          -70.064744,
          -38.902668
        ]
      }
    },
    {
      "type": "Feature",
      "properties": {
        "nombrevulgar": "Olmo siberiano",
        "nombrecientifico": "Ulmus pumila",
        "magnitud": 2,
        "tipo": "Latifoliada",
        "follaje": "Caduco",
        "lon": -70.064731,
        "lat": -38.902639,
        "imagen": "ULMUS PUMILA.gif\n",
        "url_ficha": "https://www.arbolesurbanos.com.ar/ulmus-pumila-olmo-siberiano/",
        "thumbnail": "/thumbnails/ulmus-pumilia.jpg"
      },
      "geometry": {
        "type": "Point",
        "coordinates": [
          -70.064731,
          -38.902639
        ]
      }
    },
    {
      "type": "Feature",
      "properties": {
        "nombrevulgar": "Olmo siberiano",
        "nombrecientifico": "Ulmus pumila",
        "magnitud": 2,
        "tipo": "Latifoliada",
        "follaje": "Caduco",
        "lon": -70.064555,
        "lat": -38.902593,
        "imagen": "ULMUS PUMILA.gif\n",
        "url_ficha": "https://www.arbolesurbanos.com.ar/ulmus-pumila-olmo-siberiano/",
        "thumbnail": "/thumbnails/ulmus-pumilia.jpg"
      },
      "geometry": {
        "type": "Point",
        "coordinates": [
          -70.064555,
          -38.902593
        ]
      }
    },
    {
      "type": "Feature",
      "properties": {
        "nombrevulgar": "Olmo siberiano",
        "nombrecientifico": "Ulmus pumila",
        "magnitud": 2,
        "tipo": "Latifoliada",
        "follaje": "Caduco",
        "lon": -70.064616,
        "lat": -38.902639,
        "imagen": "ULMUS PUMILA.gif\n",
        "url_ficha": "https://www.arbolesurbanos.com.ar/ulmus-pumila-olmo-siberiano/",
        "thumbnail": "/thumbnails/ulmus-pumilia.jpg"
      },
      "geometry": {
        "type": "Point",
        "coordinates": [
          -70.064616,
          -38.902639
        ]
      }
    },
    {
      "type": "Feature",
      "properties": {
        "nombrevulgar": "Tilo",
        "nombrecientifico": "Tilia cordata",
        "magnitud": 1,
        "tipo": "Latifoliada",
        "follaje": "Caduco",
        "lon": -70.064654,
        "lat": -38.90272,
        "imagen": "TILIA SP.gif",
        "url_ficha": "https://www.arbolesurbanos.com.ar/tilia-cordata-tilo-comun/",
        "thumbnail": "/thumbnails/tilo.jpg"
      },
      "geometry": {
        "type": "Point",
        "coordinates": [
          -70.064654,
          -38.90272
        ]
      }
    },
    {
      "type": "Feature",
      "properties": {
        "nombrevulgar": "Olmo siberiano",
        "nombrecientifico": "Ulmus pumila",
        "magnitud": 2,
        "tipo": "Latifoliada",
        "follaje": "Caduco",
        "lon": -70.06453,
        "lat": -38.902566,
        "imagen": "ULMUS PUMILA.gif\n",
        "url_ficha": "https://www.arbolesurbanos.com.ar/ulmus-pumila-olmo-siberiano/",
        "thumbnail": "/thumbnails/ulmus-pumilia.jpg"
      },
      "geometry": {
        "type": "Point",
        "coordinates": [
          -70.06453,
          -38.902566
        ]
      }
    },
    {
      "type": "Feature",
      "properties": {
        "nombrevulgar": "Acacia blanca",
        "nombrecientifico": "Robinia pseudoacacia",
        "magnitud": 2,
        "tipo": "Latifoliada",
        "follaje": "Caduco",
        "lon": -70.06422,
        "lat": -38.902413,
        "imagen": "ROBINIA PSEUDOACACIA.gif",
        "url_ficha": "https://www.arbolesurbanos.com.ar/robinia-pseudoacacia-acacia-blanca",
        "thumbnail": "/thumbnails/acacia-blanca.jpg"
      },
      "geometry": {
        "type": "Point",
        "coordinates": [
          -70.06422,
          -38.902413
        ]
      }
    },
    {
      "type": "Feature",
      "properties": {
        "nombrevulgar": "Olmo siberiano",
        "nombrecientifico": "Ulmus pumila",
        "magnitud": 2,
        "tipo": "Latifoliada",
        "follaje": "Caduco",
        "lon": -70.064169,
        "lat": -38.902407,
        "imagen": "ULMUS PUMILA.gif\n",
        "url_ficha": "https://www.arbolesurbanos.com.ar/ulmus-pumila-olmo-siberiano/",
        "thumbnail": "/thumbnails/ulmus-pumilia.jpg"
      },
      "geometry": {
        "type": "Point",
        "coordinates": [
          -70.064169,
          -38.902407
        ]
      }
    },
    {
      "type": "Feature",
      "properties": {
        "nombrevulgar": "Olmo siberiano",
        "nombrecientifico": "Ulmus pumila",
        "magnitud": 2,
        "tipo": "Latifoliada",
        "follaje": "Caduco",
        "lon": -70.064127,
        "lat": -38.902526,
        "imagen": "ULMUS PUMILA.gif\n",
        "url_ficha": "https://www.arbolesurbanos.com.ar/ulmus-pumila-olmo-siberiano/",
        "thumbnail": "/thumbnails/ulmus-pumilia.jpg"
      },
      "geometry": {
        "type": "Point",
        "coordinates": [
          -70.064127,
          -38.902526
        ]
      }
    },
    {
      "type": "Feature",
      "properties": {
        "nombrevulgar": "Olmo siberiano",
        "nombrecientifico": "Ulmus pumila",
        "magnitud": 2,
        "tipo": "Latifoliada",
        "follaje": "Caduco",
        "lon": -70.064049,
        "lat": -38.902551,
        "imagen": "ULMUS PUMILA.gif\n",
        "url_ficha": "https://www.arbolesurbanos.com.ar/ulmus-pumila-olmo-siberiano/",
        "thumbnail": "/thumbnails/ulmus-pumilia.jpg"
      },
      "geometry": {
        "type": "Point",
        "coordinates": [
          -70.064049,
          -38.902551
        ]
      }
    },
    {
      "type": "Feature",
      "properties": {
        "nombrevulgar": "Acacia blanca",
        "nombrecientifico": "Robinia pseudoacacia",
        "magnitud": 2,
        "tipo": "Latifoliada",
        "follaje": "Caduco",
        "lon": -70.064044,
        "lat": -38.902659,
        "imagen": "ROBINIA PSEUDOACACIA.gif",
        "url_ficha": "https://www.arbolesurbanos.com.ar/robinia-pseudoacacia-acacia-blanca",
        "thumbnail": "/thumbnails/acacia-blanca.jpg"
      },
      "geometry": {
        "type": "Point",
        "coordinates": [
          -70.064044,
          -38.902659
        ]
      }
    },
    {
      "type": "Feature",
      "properties": {
        "nombrevulgar": "Olmo siberiano",
        "nombrecientifico": "Ulmus pumila",
        "magnitud": 2,
        "tipo": "Latifoliada",
        "follaje": "Caduco",
        "lon": -70.064445,
        "lat": -38.90244,
        "imagen": "ULMUS PUMILA.gif\n",
        "url_ficha": "https://www.arbolesurbanos.com.ar/ulmus-pumila-olmo-siberiano/",
        "thumbnail": "/thumbnails/ulmus-pumilia.jpg"
      },
      "geometry": {
        "type": "Point",
        "coordinates": [
          -70.064445,
          -38.90244
        ]
      }
    },
    {
      "type": "Feature",
      "properties": {
        "nombrevulgar": "Olmo siberiano",
        "nombrecientifico": "Ulmus pumila",
        "magnitud": 2,
        "tipo": "Latifoliada",
        "follaje": "Caduco",
        "lon": -70.064905,
        "lat": -38.902689,
        "imagen": "ULMUS PUMILA.gif\n",
        "url_ficha": "https://www.arbolesurbanos.com.ar/ulmus-pumila-olmo-siberiano/",
        "thumbnail": "/thumbnails/ulmus-pumilia.jpg"
      },
      "geometry": {
        "type": "Point",
        "coordinates": [
          -70.064905,
          -38.902689
        ]
      }
    },
    {
      "type": "Feature",
      "properties": {
        "nombrevulgar": "Olmo siberiano",
        "nombrecientifico": "Ulmus pumila",
        "magnitud": 2,
        "tipo": "Latifoliada",
        "follaje": "Caduco",
        "lon": -70.065027,
        "lat": -38.90269,
        "imagen": "ULMUS PUMILA.gif\n",
        "url_ficha": "https://www.arbolesurbanos.com.ar/ulmus-pumila-olmo-siberiano/",
        "thumbnail": "/thumbnails/ulmus-pumilia.jpg"
      },
      "geometry": {
        "type": "Point",
        "coordinates": [
          -70.065027,
          -38.90269
        ]
      }
    },
    {
      "type": "Feature",
      "properties": {
        "nombrevulgar": "Acacia blanca",
        "nombrecientifico": "Robinia pseudoacacia",
        "magnitud": 2,
        "tipo": "Latifoliada",
        "follaje": "Caduco",
        "lon": -70.064477,
        "lat": -38.902549,
        "imagen": "ROBINIA PSEUDOACACIA.gif",
        "url_ficha": "https://www.arbolesurbanos.com.ar/robinia-pseudoacacia-acacia-blanca",
        "thumbnail": "/thumbnails/acacia-blanca.jpg"
      },
      "geometry": {
        "type": "Point",
        "coordinates": [
          -70.064477,
          -38.902549
        ]
      }
    },
    {
      "type": "Feature",
      "properties": {
        "nombrevulgar": "Acacia blanca",
        "nombrecientifico": "Robinia pseudoacacia",
        "magnitud": 2,
        "tipo": "Latifoliada",
        "follaje": "Caduco",
        "lon": -70.065038,
        "lat": -38.902728,
        "imagen": "ROBINIA PSEUDOACACIA.gif",
        "url_ficha": "https://www.arbolesurbanos.com.ar/robinia-pseudoacacia-acacia-blanca",
        "thumbnail": "/thumbnails/acacia-blanca.jpg"
      },
      "geometry": {
        "type": "Point",
        "coordinates": [
          -70.065038,
          -38.902728
        ]
      }
    },
    {
      "type": "Feature",
      "properties": {
        "nombrevulgar": "Alamo negro",
        "nombrecientifico": "Populus nigra",
        "magnitud": 1,
        "tipo": "Latifoliada",
        "follaje": "Caduco",
        "lon": -70.064515,
        "lat": -38.90251,
        "imagen": "POPULUS NIGRA CV ITALICA.gif",
        "url_ficha": "https://www.arbolesurbanos.com.ar/populus-nigra-alamo-criollo/",
        "thumbnail": "/thumbnails/populus-nigra.jpg"
      },
      "geometry": {
        "type": "Point",
        "coordinates": [
          -70.064515,
          -38.90251
        ]
      }
    },
    {
      "type": "Feature",
      "properties": {
        "nombrevulgar": "Acacia blanca",
        "nombrecientifico": "Robinia pseudoacacia",
        "magnitud": 2,
        "tipo": "Latifoliada",
        "follaje": "Caduco",
        "lon": -70.065104,
        "lat": -38.90275,
        "imagen": "ROBINIA PSEUDOACACIA.gif",
        "url_ficha": "https://www.arbolesurbanos.com.ar/robinia-pseudoacacia-acacia-blanca",
        "thumbnail": "/thumbnails/acacia-blanca.jpg"
      },
      "geometry": {
        "type": "Point",
        "coordinates": [
          -70.065104,
          -38.90275
        ]
      }
    },
    {
      "type": "Feature",
      "properties": {
        "nombrevulgar": "Acacia blanca",
        "nombrecientifico": "Robinia pseudoacacia",
        "magnitud": 2,
        "tipo": "Latifoliada",
        "follaje": "Caduco",
        "lon": -70.064552,
        "lat": -38.9025,
        "imagen": "ROBINIA PSEUDOACACIA.gif",
        "url_ficha": "https://www.arbolesurbanos.com.ar/robinia-pseudoacacia-acacia-blanca",
        "thumbnail": "/thumbnails/acacia-blanca.jpg"
      },
      "geometry": {
        "type": "Point",
        "coordinates": [
          -70.064552,
          -38.9025
        ]
      }
    },
    {
      "type": "Feature",
      "properties": {
        "nombrevulgar": "Acacia blanca",
        "nombrecientifico": "Robinia pseudoacacia",
        "magnitud": 2,
        "tipo": "Latifoliada",
        "follaje": "Caduco",
        "lon": -70.064972,
        "lat": -38.902762,
        "imagen": "ROBINIA PSEUDOACACIA.gif",
        "url_ficha": "https://www.arbolesurbanos.com.ar/robinia-pseudoacacia-acacia-blanca",
        "thumbnail": "/thumbnails/acacia-blanca.jpg"
      },
      "geometry": {
        "type": "Point",
        "coordinates": [
          -70.064972,
          -38.902762
        ]
      }
    },
    {
      "type": "Feature",
      "properties": {
        "nombrevulgar": "Olmo siberiano",
        "nombrecientifico": "Ulmus pumila",
        "magnitud": 2,
        "tipo": "Latifoliada",
        "follaje": "Caduco",
        "lon": -70.064885,
        "lat": -38.902636,
        "imagen": "ULMUS PUMILA.gif\n",
        "url_ficha": "https://www.arbolesurbanos.com.ar/ulmus-pumila-olmo-siberiano/",
        "thumbnail": "/thumbnails/ulmus-pumilia.jpg"
      },
      "geometry": {
        "type": "Point",
        "coordinates": [
          -70.064885,
          -38.902636
        ]
      }
    },
    {
      "type": "Feature",
      "properties": {
        "nombrevulgar": "Olmo siberiano",
        "nombrecientifico": "Ulmus pumila",
        "magnitud": 2,
        "tipo": "Latifoliada",
        "follaje": "Caduco",
        "lon": -70.064834,
        "lat": -38.90264,
        "imagen": "ULMUS PUMILA.gif\n",
        "url_ficha": "https://www.arbolesurbanos.com.ar/ulmus-pumila-olmo-siberiano/",
        "thumbnail": "/thumbnails/ulmus-pumilia.jpg"
      },
      "geometry": {
        "type": "Point",
        "coordinates": [
          -70.064834,
          -38.90264
        ]
      }
    },
    {
      "type": "Feature",
      "properties": {
        "nombrevulgar": "Olmo siberiano",
        "nombrecientifico": "Ulmus pumila",
        "magnitud": 2,
        "tipo": "Latifoliada",
        "follaje": "Caduco",
        "lon": -70.064795,
        "lat": -38.902591,
        "imagen": "ULMUS PUMILA.gif\n",
        "url_ficha": "https://www.arbolesurbanos.com.ar/ulmus-pumila-olmo-siberiano/",
        "thumbnail": "/thumbnails/ulmus-pumilia.jpg"
      },
      "geometry": {
        "type": "Point",
        "coordinates": [
          -70.064795,
          -38.902591
        ]
      }
    },
    {
      "type": "Feature",
      "properties": {
        "nombrevulgar": "Acacia blanca",
        "nombrecientifico": "Robinia pseudoacacia",
        "magnitud": 2,
        "tipo": "Latifoliada",
        "follaje": "Caduco",
        "lon": -70.064703,
        "lat": -38.902586,
        "imagen": "ROBINIA PSEUDOACACIA.gif",
        "url_ficha": "https://www.arbolesurbanos.com.ar/robinia-pseudoacacia-acacia-blanca",
        "thumbnail": "/thumbnails/acacia-blanca.jpg"
      },
      "geometry": {
        "type": "Point",
        "coordinates": [
          -70.064703,
          -38.902586
        ]
      }
    },
    {
      "type": "Feature",
      "properties": {
        "nombrevulgar": "Acacia blanca",
        "nombrecientifico": "Robinia pseudoacacia",
        "magnitud": 2,
        "tipo": "Latifoliada",
        "follaje": "Caduco",
        "lon": -70.064696,
        "lat": -38.902502,
        "imagen": "ROBINIA PSEUDOACACIA.gif",
        "url_ficha": "https://www.arbolesurbanos.com.ar/robinia-pseudoacacia-acacia-blanca",
        "thumbnail": "/thumbnails/acacia-blanca.jpg"
      },
      "geometry": {
        "type": "Point",
        "coordinates": [
          -70.064696,
          -38.902502
        ]
      }
    },
    {
      "type": "Feature",
      "properties": {
        "nombrevulgar": "Olmo siberiano",
        "nombrecientifico": "Ulmus pumila",
        "magnitud": 2,
        "tipo": "Latifoliada",
        "follaje": "Caduco",
        "lon": -70.064566,
        "lat": -38.902532,
        "imagen": "ULMUS PUMILA.gif\n",
        "url_ficha": "https://www.arbolesurbanos.com.ar/ulmus-pumila-olmo-siberiano/",
        "thumbnail": "/thumbnails/ulmus-pumilia.jpg"
      },
      "geometry": {
        "type": "Point",
        "coordinates": [
          -70.064566,
          -38.902532
        ]
      }
    },
    {
      "type": "Feature",
      "properties": {
        "nombrevulgar": "Fresno Europeo",
        "nombrecientifico": "Fraxinus excelsior",
        "magnitud": 2,
        "tipo": "Latifoliada",
        "follaje": "Caduco",
        "lon": -70.059046,
        "lat": -38.907925,
        "imagen": "FRAXINUS EXELCIOR.gif\n",
        "url_ficha": "https://www.arbolesurbanos.com.ar/fraxinus-excelsior-fresno-europeo/",
        "thumbnail": "/thumbnails/fresno-europeo.jpg"
      },
      "geometry": {
        "type": "Point",
        "coordinates": [
          -70.059046,
          -38.907925
        ]
      }
    },
    {
      "type": "Feature",
      "properties": {
        "nombrevulgar": "Fresno Europeo",
        "nombrecientifico": "Fraxinus excelsior",
        "magnitud": 2,
        "tipo": "Latifoliada",
        "follaje": "Caduco",
        "lon": -70.058964,
        "lat": -38.907901,
        "imagen": "FRAXINUS EXELCIOR.gif\n",
        "url_ficha": "https://www.arbolesurbanos.com.ar/fraxinus-excelsior-fresno-europeo/",
        "thumbnail": "/thumbnails/fresno-europeo.jpg"
      },
      "geometry": {
        "type": "Point",
        "coordinates": [
          -70.058964,
          -38.907901
        ]
      }
    },
    {
      "type": "Feature",
      "properties": {
        "nombrevulgar": "Fresno Europeo",
        "nombrecientifico": "Fraxinus excelsior",
        "magnitud": 2,
        "tipo": "Latifoliada",
        "follaje": "Caduco",
        "lon": -70.058942,
        "lat": -38.907855,
        "imagen": "FRAXINUS EXELCIOR.gif\n",
        "url_ficha": "https://www.arbolesurbanos.com.ar/fraxinus-excelsior-fresno-europeo/",
        "thumbnail": "/thumbnails/fresno-europeo.jpg"
      },
      "geometry": {
        "type": "Point",
        "coordinates": [
          -70.058942,
          -38.907855
        ]
      }
    },
    {
      "type": "Feature",
      "properties": {
        "nombrevulgar": "Fresno Europeo",
        "nombrecientifico": "Fraxinus excelsior",
        "magnitud": 2,
        "tipo": "Latifoliada",
        "follaje": "Caduco",
        "lon": -70.058936,
        "lat": -38.907857,
        "imagen": "FRAXINUS EXELCIOR.gif\n",
        "url_ficha": "https://www.arbolesurbanos.com.ar/fraxinus-excelsior-fresno-europeo/",
        "thumbnail": "/thumbnails/fresno-europeo.jpg"
      },
      "geometry": {
        "type": "Point",
        "coordinates": [
          -70.058936,
          -38.907857
        ]
      }
    },
    {
      "type": "Feature",
      "properties": {
        "nombrevulgar": "Fresno blanco",
        "nombrecientifico": "Fraxinus americana",
        "magnitud": 1,
        "tipo": "Latifoliada",
        "follaje": "Caduco",
        "lon": -70.058904,
        "lat": -38.907881,
        "imagen": "FRAXINUS AMERICANA.gif\n",
        "url_ficha": "https://www.arbolesurbanos.com.ar/fraxinus-americana-fresno-blanco/",
        "thumbnail": "/thumbnails/fresno-americano.jpg"
      },
      "geometry": {
        "type": "Point",
        "coordinates": [
          -70.058904,
          -38.907881
        ]
      }
    },
    {
      "type": "Feature",
      "properties": {
        "nombrevulgar": "Fresno Europeo",
        "nombrecientifico": "Fraxinus excelsior",
        "magnitud": 2,
        "tipo": "Latifoliada",
        "follaje": "Caduco",
        "lon": -70.059108,
        "lat": -38.907959,
        "imagen": "FRAXINUS EXELCIOR.gif\n",
        "url_ficha": "https://www.arbolesurbanos.com.ar/fraxinus-excelsior-fresno-europeo/",
        "thumbnail": "/thumbnails/fresno-europeo.jpg"
      },
      "geometry": {
        "type": "Point",
        "coordinates": [
          -70.059108,
          -38.907959
        ]
      }
    },
    {
      "type": "Feature",
      "properties": {
        "nombrevulgar": "Olmo siberiano",
        "nombrecientifico": "Ulmus pumila",
        "magnitud": 2,
        "tipo": "Latifoliada",
        "follaje": "Caduco",
        "lon": -70.059123,
        "lat": -38.907726,
        "imagen": "ULMUS PUMILA.gif\n",
        "url_ficha": "https://www.arbolesurbanos.com.ar/ulmus-pumila-olmo-siberiano/",
        "thumbnail": "/thumbnails/ulmus-pumilia.jpg"
      },
      "geometry": {
        "type": "Point",
        "coordinates": [
          -70.059123,
          -38.907726
        ]
      }
    },
    {
      "type": "Feature",
      "properties": {
        "nombrevulgar": "Fresno Europeo",
        "nombrecientifico": "Fraxinus excelsior",
        "magnitud": 2,
        "tipo": "Latifoliada",
        "follaje": "Caduco",
        "lon": -70.058914,
        "lat": -38.907633,
        "imagen": "FRAXINUS EXELCIOR.gif\n",
        "url_ficha": "https://www.arbolesurbanos.com.ar/fraxinus-excelsior-fresno-europeo/",
        "thumbnail": "/thumbnails/fresno-europeo.jpg"
      },
      "geometry": {
        "type": "Point",
        "coordinates": [
          -70.058914,
          -38.907633
        ]
      }
    },
    {
      "type": "Feature",
      "properties": {
        "nombrevulgar": "Fresno Europeo",
        "nombrecientifico": "Fraxinus excelsior",
        "magnitud": 2,
        "tipo": "Latifoliada",
        "follaje": "Caduco",
        "lon": -70.058817,
        "lat": -38.90772,
        "imagen": "FRAXINUS EXELCIOR.gif\n",
        "url_ficha": "https://www.arbolesurbanos.com.ar/fraxinus-excelsior-fresno-europeo/",
        "thumbnail": "/thumbnails/fresno-europeo.jpg"
      },
      "geometry": {
        "type": "Point",
        "coordinates": [
          -70.058817,
          -38.90772
        ]
      }
    },
    {
      "type": "Feature",
      "properties": {
        "nombrevulgar": "Fresno Europeo",
        "nombrecientifico": "Fraxinus excelsior",
        "magnitud": 2,
        "tipo": "Latifoliada",
        "follaje": "Caduco",
        "lon": -70.059084,
        "lat": -38.907954,
        "imagen": "FRAXINUS EXELCIOR.gif\n",
        "url_ficha": "https://www.arbolesurbanos.com.ar/fraxinus-excelsior-fresno-europeo/",
        "thumbnail": "/thumbnails/fresno-europeo.jpg"
      },
      "geometry": {
        "type": "Point",
        "coordinates": [
          -70.059084,
          -38.907954
        ]
      }
    },
    {
      "type": "Feature",
      "properties": {
        "nombrevulgar": "Fresno Europeo",
        "nombrecientifico": "Fraxinus excelsior",
        "magnitud": 2,
        "tipo": "Latifoliada",
        "follaje": "Caduco",
        "lon": -70.059178,
        "lat": -38.907845,
        "imagen": "FRAXINUS EXELCIOR.gif\n",
        "url_ficha": "https://www.arbolesurbanos.com.ar/fraxinus-excelsior-fresno-europeo/",
        "thumbnail": "/thumbnails/fresno-europeo.jpg"
      },
      "geometry": {
        "type": "Point",
        "coordinates": [
          -70.059178,
          -38.907845
        ]
      }
    },
    {
      "type": "Feature",
      "properties": {
        "nombrevulgar": "Fresno Europeo",
        "nombrecientifico": "Fraxinus excelsior",
        "magnitud": 2,
        "tipo": "Latifoliada",
        "follaje": "Caduco",
        "lon": -70.059175,
        "lat": -38.907826,
        "imagen": "FRAXINUS EXELCIOR.gif\n",
        "url_ficha": "https://www.arbolesurbanos.com.ar/fraxinus-excelsior-fresno-europeo/",
        "thumbnail": "/thumbnails/fresno-europeo.jpg"
      },
      "geometry": {
        "type": "Point",
        "coordinates": [
          -70.059175,
          -38.907826
        ]
      }
    },
    {
      "type": "Feature",
      "properties": {
        "nombrevulgar": "Fresno Europeo",
        "nombrecientifico": "Fraxinus excelsior",
        "magnitud": 2,
        "tipo": "Latifoliada",
        "follaje": "Caduco",
        "lon": -70.059161,
        "lat": -38.907874,
        "imagen": "FRAXINUS EXELCIOR.gif\n",
        "url_ficha": "https://www.arbolesurbanos.com.ar/fraxinus-excelsior-fresno-europeo/",
        "thumbnail": "/thumbnails/fresno-europeo.jpg"
      },
      "geometry": {
        "type": "Point",
        "coordinates": [
          -70.059161,
          -38.907874
        ]
      }
    },
    {
      "type": "Feature",
      "properties": {
        "nombrevulgar": "Fresno Europeo",
        "nombrecientifico": "Fraxinus excelsior",
        "magnitud": 2,
        "tipo": "Latifoliada",
        "follaje": "Caduco",
        "lon": -70.059012,
        "lat": -38.907952,
        "imagen": "FRAXINUS EXELCIOR.gif\n",
        "url_ficha": "https://www.arbolesurbanos.com.ar/fraxinus-excelsior-fresno-europeo/",
        "thumbnail": "/thumbnails/fresno-europeo.jpg"
      },
      "geometry": {
        "type": "Point",
        "coordinates": [
          -70.059012,
          -38.907952
        ]
      }
    },
    {
      "type": "Feature",
      "properties": {
        "nombrevulgar": "Fresno Europeo",
        "nombrecientifico": "Fraxinus excelsior",
        "magnitud": 2,
        "tipo": "Latifoliada",
        "follaje": "Caduco",
        "lon": -70.059103,
        "lat": -38.907851,
        "imagen": "FRAXINUS EXELCIOR.gif\n",
        "url_ficha": "https://www.arbolesurbanos.com.ar/fraxinus-excelsior-fresno-europeo/",
        "thumbnail": "/thumbnails/fresno-europeo.jpg"
      },
      "geometry": {
        "type": "Point",
        "coordinates": [
          -70.059103,
          -38.907851
        ]
      }
    },
    {
      "type": "Feature",
      "properties": {
        "nombrevulgar": "Fresno Europeo",
        "nombrecientifico": "Fraxinus excelsior",
        "magnitud": 2,
        "tipo": "Latifoliada",
        "follaje": "Caduco",
        "lon": -70.059146,
        "lat": -38.90786,
        "imagen": "FRAXINUS EXELCIOR.gif\n",
        "url_ficha": "https://www.arbolesurbanos.com.ar/fraxinus-excelsior-fresno-europeo/",
        "thumbnail": "/thumbnails/fresno-europeo.jpg"
      },
      "geometry": {
        "type": "Point",
        "coordinates": [
          -70.059146,
          -38.90786
        ]
      }
    },
    {
      "type": "Feature",
      "properties": {
        "nombrevulgar": "Fresno Europeo",
        "nombrecientifico": "Fraxinus excelsior",
        "magnitud": 2,
        "tipo": "Latifoliada",
        "follaje": "Caduco",
        "lon": -70.059168,
        "lat": -38.907889,
        "imagen": "FRAXINUS EXELCIOR.gif\n",
        "url_ficha": "https://www.arbolesurbanos.com.ar/fraxinus-excelsior-fresno-europeo/",
        "thumbnail": "/thumbnails/fresno-europeo.jpg"
      },
      "geometry": {
        "type": "Point",
        "coordinates": [
          -70.059168,
          -38.907889
        ]
      }
    },
    {
      "type": "Feature",
      "properties": {
        "nombrevulgar": "Fresno Europeo",
        "nombrecientifico": "Fraxinus excelsior",
        "magnitud": 2,
        "tipo": "Latifoliada",
        "follaje": "Caduco",
        "lon": -70.059106,
        "lat": -38.907928,
        "imagen": "FRAXINUS EXELCIOR.gif\n",
        "url_ficha": "https://www.arbolesurbanos.com.ar/fraxinus-excelsior-fresno-europeo/",
        "thumbnail": "/thumbnails/fresno-europeo.jpg"
      },
      "geometry": {
        "type": "Point",
        "coordinates": [
          -70.059106,
          -38.907928
        ]
      }
    },
    {
      "type": "Feature",
      "properties": {
        "nombrevulgar": "Fresno Europeo",
        "nombrecientifico": "Fraxinus excelsior",
        "magnitud": 2,
        "tipo": "Latifoliada",
        "follaje": "Caduco",
        "lon": -70.059122,
        "lat": -38.907911,
        "imagen": "FRAXINUS EXELCIOR.gif\n",
        "url_ficha": "https://www.arbolesurbanos.com.ar/fraxinus-excelsior-fresno-europeo/",
        "thumbnail": "/thumbnails/fresno-europeo.jpg"
      },
      "geometry": {
        "type": "Point",
        "coordinates": [
          -70.059122,
          -38.907911
        ]
      }
    },
    {
      "type": "Feature",
      "properties": {
        "nombrevulgar": "Fresno Europeo",
        "nombrecientifico": "Fraxinus excelsior",
        "magnitud": 2,
        "tipo": "Latifoliada",
        "follaje": "Caduco",
        "lon": -70.059073,
        "lat": -38.907949,
        "imagen": "FRAXINUS EXELCIOR.gif\n",
        "url_ficha": "https://www.arbolesurbanos.com.ar/fraxinus-excelsior-fresno-europeo/",
        "thumbnail": "/thumbnails/fresno-europeo.jpg"
      },
      "geometry": {
        "type": "Point",
        "coordinates": [
          -70.059073,
          -38.907949
        ]
      }
    },
    {
      "type": "Feature",
      "properties": {
        "nombrevulgar": "Olmo siberiano",
        "nombrecientifico": "Ulmus pumila",
        "magnitud": 2,
        "tipo": "Latifoliada",
        "follaje": "Caduco",
        "lon": -70.059779,
        "lat": -38.907942,
        "imagen": "ULMUS PUMILA.gif\n",
        "url_ficha": "https://www.arbolesurbanos.com.ar/ulmus-pumila-olmo-siberiano/",
        "thumbnail": "/thumbnails/ulmus-pumilia.jpg"
      },
      "geometry": {
        "type": "Point",
        "coordinates": [
          -70.059779,
          -38.907942
        ]
      }
    },
    {
      "type": "Feature",
      "properties": {
        "nombrevulgar": "Acacia blanca",
        "nombrecientifico": "Robinia pseudoacacia",
        "magnitud": 2,
        "tipo": "Latifoliada",
        "follaje": "Caduco",
        "lon": -70.059788,
        "lat": -38.907931,
        "imagen": "ROBINIA PSEUDOACACIA.gif",
        "url_ficha": "https://www.arbolesurbanos.com.ar/robinia-pseudoacacia-acacia-blanca",
        "thumbnail": "/thumbnails/acacia-blanca.jpg"
      },
      "geometry": {
        "type": "Point",
        "coordinates": [
          -70.059788,
          -38.907931
        ]
      }
    },
    {
      "type": "Feature",
      "properties": {
        "nombrevulgar": "Acacia blanca",
        "nombrecientifico": "Robinia pseudoacacia",
        "magnitud": 2,
        "tipo": "Latifoliada",
        "follaje": "Caduco",
        "lon": -70.059728,
        "lat": -38.907959,
        "imagen": "ROBINIA PSEUDOACACIA.gif",
        "url_ficha": "https://www.arbolesurbanos.com.ar/robinia-pseudoacacia-acacia-blanca",
        "thumbnail": "/thumbnails/acacia-blanca.jpg"
      },
      "geometry": {
        "type": "Point",
        "coordinates": [
          -70.059728,
          -38.907959
        ]
      }
    },
    {
      "type": "Feature",
      "properties": {
        "nombrevulgar": "Acacia blanca",
        "nombrecientifico": "Robinia pseudoacacia",
        "magnitud": 2,
        "tipo": "Latifoliada",
        "follaje": "Caduco",
        "lon": -70.059715,
        "lat": -38.907997,
        "imagen": "ROBINIA PSEUDOACACIA.gif",
        "url_ficha": "https://www.arbolesurbanos.com.ar/robinia-pseudoacacia-acacia-blanca",
        "thumbnail": "/thumbnails/acacia-blanca.jpg"
      },
      "geometry": {
        "type": "Point",
        "coordinates": [
          -70.059715,
          -38.907997
        ]
      }
    },
    {
      "type": "Feature",
      "properties": {
        "nombrevulgar": "Acacia blanca",
        "nombrecientifico": "Robinia pseudoacacia",
        "magnitud": 2,
        "tipo": "Latifoliada",
        "follaje": "Caduco",
        "lon": -70.059685,
        "lat": -38.908049,
        "imagen": "ROBINIA PSEUDOACACIA.gif",
        "url_ficha": "https://www.arbolesurbanos.com.ar/robinia-pseudoacacia-acacia-blanca",
        "thumbnail": "/thumbnails/acacia-blanca.jpg"
      },
      "geometry": {
        "type": "Point",
        "coordinates": [
          -70.059685,
          -38.908049
        ]
      }
    },
    {
      "type": "Feature",
      "properties": {
        "nombrevulgar": "Fresno blanco",
        "nombrecientifico": "Fraxinus americana",
        "magnitud": 1,
        "tipo": "Latifoliada",
        "follaje": "Caduco",
        "lon": -70.059627,
        "lat": -38.908047,
        "imagen": "FRAXINUS AMERICANA.gif\n",
        "url_ficha": "https://www.arbolesurbanos.com.ar/fraxinus-americana-fresno-blanco/",
        "thumbnail": "/thumbnails/fresno-americano.jpg"
      },
      "geometry": {
        "type": "Point",
        "coordinates": [
          -70.059627,
          -38.908047
        ]
      }
    },
    {
      "type": "Feature",
      "properties": {
        "nombrevulgar": "Acacia blanca",
        "nombrecientifico": "Robinia pseudoacacia",
        "magnitud": 2,
        "tipo": "Latifoliada",
        "follaje": "Caduco",
        "lon": -70.059765,
        "lat": -38.907817,
        "imagen": "ROBINIA PSEUDOACACIA.gif",
        "url_ficha": "https://www.arbolesurbanos.com.ar/robinia-pseudoacacia-acacia-blanca",
        "thumbnail": "/thumbnails/acacia-blanca.jpg"
      },
      "geometry": {
        "type": "Point",
        "coordinates": [
          -70.059765,
          -38.907817
        ]
      }
    },
    {
      "type": "Feature",
      "properties": {
        "nombrevulgar": "Ciprés de Monterrey",
        "nombrecientifico": "Cupressus macrocarpa",
        "magnitud": 2,
        "tipo": "Conífera",
        "follaje": "Perenne",
        "lon": -70.05949,
        "lat": -38.907696,
        "imagen": "CUPRESSUS MACROCARPA.gif",
        "url_ficha": "https://www.arbolesurbanos.com.ar/cupressus-macrocarpa-cipres-de-monterrey/",
        "thumbnail": "/thumbnails/cipres-de-monterrey.jpg"
      },
      "geometry": {
        "type": "Point",
        "coordinates": [
          -70.05949,
          -38.907696
        ]
      }
    },
    {
      "type": "Feature",
      "properties": {
        "nombrevulgar": "Acacia blanca",
        "nombrecientifico": "Robinia pseudoacacia",
        "magnitud": 2,
        "tipo": "Latifoliada",
        "follaje": "Caduco",
        "lon": -70.059361,
        "lat": -38.907622,
        "imagen": "ROBINIA PSEUDOACACIA.gif",
        "url_ficha": "https://www.arbolesurbanos.com.ar/robinia-pseudoacacia-acacia-blanca",
        "thumbnail": "/thumbnails/acacia-blanca.jpg"
      },
      "geometry": {
        "type": "Point",
        "coordinates": [
          -70.059361,
          -38.907622
        ]
      }
    },
    {
      "type": "Feature",
      "properties": {
        "nombrevulgar": "Fresno blanco",
        "nombrecientifico": "Fraxinus americana",
        "magnitud": 1,
        "tipo": "Latifoliada",
        "follaje": "Caduco",
        "lon": -70.059365,
        "lat": -38.907814,
        "imagen": "FRAXINUS AMERICANA.gif\n",
        "url_ficha": "https://www.arbolesurbanos.com.ar/fraxinus-americana-fresno-blanco/",
        "thumbnail": "/thumbnails/fresno-americano.jpg"
      },
      "geometry": {
        "type": "Point",
        "coordinates": [
          -70.059365,
          -38.907814
        ]
      }
    },
    {
      "type": "Feature",
      "properties": {
        "nombrevulgar": "Acacia blanca",
        "nombrecientifico": "Robinia pseudoacacia",
        "magnitud": 2,
        "tipo": "Latifoliada",
        "follaje": "Caduco",
        "lon": -70.059435,
        "lat": -38.907864,
        "imagen": "ROBINIA PSEUDOACACIA.gif",
        "url_ficha": "https://www.arbolesurbanos.com.ar/robinia-pseudoacacia-acacia-blanca",
        "thumbnail": "/thumbnails/acacia-blanca.jpg"
      },
      "geometry": {
        "type": "Point",
        "coordinates": [
          -70.059435,
          -38.907864
        ]
      }
    },
    {
      "type": "Feature",
      "properties": {
        "nombrevulgar": "Acacia blanca",
        "nombrecientifico": "Robinia pseudoacacia",
        "magnitud": 2,
        "tipo": "Latifoliada",
        "follaje": "Caduco",
        "lon": -70.059465,
        "lat": -38.907859,
        "imagen": "ROBINIA PSEUDOACACIA.gif",
        "url_ficha": "https://www.arbolesurbanos.com.ar/robinia-pseudoacacia-acacia-blanca",
        "thumbnail": "/thumbnails/acacia-blanca.jpg"
      },
      "geometry": {
        "type": "Point",
        "coordinates": [
          -70.059465,
          -38.907859
        ]
      }
    },
    {
      "type": "Feature",
      "properties": {
        "nombrevulgar": "Fresno blanco",
        "nombrecientifico": "Fraxinus americana",
        "magnitud": 1,
        "tipo": "Latifoliada",
        "follaje": "Caduco",
        "lon": -70.059052,
        "lat": -38.907646,
        "imagen": "FRAXINUS AMERICANA.gif\n",
        "url_ficha": "https://www.arbolesurbanos.com.ar/fraxinus-americana-fresno-blanco/",
        "thumbnail": "/thumbnails/fresno-americano.jpg"
      },
      "geometry": {
        "type": "Point",
        "coordinates": [
          -70.059052,
          -38.907646
        ]
      }
    },
    {
      "type": "Feature",
      "properties": {
        "nombrevulgar": "Acacia blanca",
        "nombrecientifico": "Robinia pseudoacacia",
        "magnitud": 2,
        "tipo": "Latifoliada",
        "follaje": "Caduco",
        "lon": -70.059194,
        "lat": -38.907741,
        "imagen": "ROBINIA PSEUDOACACIA.gif",
        "url_ficha": "https://www.arbolesurbanos.com.ar/robinia-pseudoacacia-acacia-blanca",
        "thumbnail": "/thumbnails/acacia-blanca.jpg"
      },
      "geometry": {
        "type": "Point",
        "coordinates": [
          -70.059194,
          -38.907741
        ]
      }
    },
    {
      "type": "Feature",
      "properties": {
        "nombrevulgar": "Acacia blanca",
        "nombrecientifico": "Robinia pseudoacacia",
        "magnitud": 2,
        "tipo": "Latifoliada",
        "follaje": "Caduco",
        "lon": -70.059307,
        "lat": -38.907752,
        "imagen": "ROBINIA PSEUDOACACIA.gif",
        "url_ficha": "https://www.arbolesurbanos.com.ar/robinia-pseudoacacia-acacia-blanca",
        "thumbnail": "/thumbnails/acacia-blanca.jpg"
      },
      "geometry": {
        "type": "Point",
        "coordinates": [
          -70.059307,
          -38.907752
        ]
      }
    },
    {
      "type": "Feature",
      "properties": {
        "nombrevulgar": "Acacia blanca",
        "nombrecientifico": "Robinia pseudoacacia",
        "magnitud": 2,
        "tipo": "Latifoliada",
        "follaje": "Caduco",
        "lon": -70.059601,
        "lat": -38.907979,
        "imagen": "ROBINIA PSEUDOACACIA.gif",
        "url_ficha": "https://www.arbolesurbanos.com.ar/robinia-pseudoacacia-acacia-blanca",
        "thumbnail": "/thumbnails/acacia-blanca.jpg"
      },
      "geometry": {
        "type": "Point",
        "coordinates": [
          -70.059601,
          -38.907979
        ]
      }
    },
    {
      "type": "Feature",
      "properties": {
        "nombrevulgar": "Acacia blanca",
        "nombrecientifico": "Robinia pseudoacacia",
        "magnitud": 2,
        "tipo": "Latifoliada",
        "follaje": "Caduco",
        "lon": -70.059497,
        "lat": -38.908172,
        "imagen": "ROBINIA PSEUDOACACIA.gif",
        "url_ficha": "https://www.arbolesurbanos.com.ar/robinia-pseudoacacia-acacia-blanca",
        "thumbnail": "/thumbnails/acacia-blanca.jpg"
      },
      "geometry": {
        "type": "Point",
        "coordinates": [
          -70.059497,
          -38.908172
        ]
      }
    },
    {
      "type": "Feature",
      "properties": {
        "nombrevulgar": "Acacia blanca",
        "nombrecientifico": "Robinia pseudoacacia",
        "magnitud": 2,
        "tipo": "Latifoliada",
        "follaje": "Caduco",
        "lon": -70.059537,
        "lat": -38.908099,
        "imagen": "ROBINIA PSEUDOACACIA.gif",
        "url_ficha": "https://www.arbolesurbanos.com.ar/robinia-pseudoacacia-acacia-blanca",
        "thumbnail": "/thumbnails/acacia-blanca.jpg"
      },
      "geometry": {
        "type": "Point",
        "coordinates": [
          -70.059537,
          -38.908099
        ]
      }
    },
    {
      "type": "Feature",
      "properties": {
        "nombrevulgar": "Acacia blanca",
        "nombrecientifico": "Robinia pseudoacacia",
        "magnitud": 2,
        "tipo": "Latifoliada",
        "follaje": "Caduco",
        "lon": -70.059503,
        "lat": -38.908106,
        "imagen": "ROBINIA PSEUDOACACIA.gif",
        "url_ficha": "https://www.arbolesurbanos.com.ar/robinia-pseudoacacia-acacia-blanca",
        "thumbnail": "/thumbnails/acacia-blanca.jpg"
      },
      "geometry": {
        "type": "Point",
        "coordinates": [
          -70.059503,
          -38.908106
        ]
      }
    },
    {
      "type": "Feature",
      "properties": {
        "nombrevulgar": "Fresno Europeo",
        "nombrecientifico": "Fraxinus excelsior",
        "magnitud": 2,
        "tipo": "Latifoliada",
        "follaje": "Caduco",
        "lon": -70.059248,
        "lat": -38.90807,
        "imagen": "FRAXINUS EXELCIOR.gif\n",
        "url_ficha": "https://www.arbolesurbanos.com.ar/fraxinus-excelsior-fresno-europeo/",
        "thumbnail": "/thumbnails/fresno-europeo.jpg"
      },
      "geometry": {
        "type": "Point",
        "coordinates": [
          -70.059248,
          -38.90807
        ]
      }
    },
    {
      "type": "Feature",
      "properties": {
        "nombrevulgar": "Fresno Europeo",
        "nombrecientifico": "Fraxinus excelsior",
        "magnitud": 2,
        "tipo": "Latifoliada",
        "follaje": "Caduco",
        "lon": -70.059287,
        "lat": -38.907975,
        "imagen": "FRAXINUS EXELCIOR.gif\n",
        "url_ficha": "https://www.arbolesurbanos.com.ar/fraxinus-excelsior-fresno-europeo/",
        "thumbnail": "/thumbnails/fresno-europeo.jpg"
      },
      "geometry": {
        "type": "Point",
        "coordinates": [
          -70.059287,
          -38.907975
        ]
      }
    },
    {
      "type": "Feature",
      "properties": {
        "nombrevulgar": "Fresno Europeo",
        "nombrecientifico": "Fraxinus excelsior",
        "magnitud": 2,
        "tipo": "Latifoliada",
        "follaje": "Caduco",
        "lon": -70.059303,
        "lat": -38.907947,
        "imagen": "FRAXINUS EXELCIOR.gif\n",
        "url_ficha": "https://www.arbolesurbanos.com.ar/fraxinus-excelsior-fresno-europeo/",
        "thumbnail": "/thumbnails/fresno-europeo.jpg"
      },
      "geometry": {
        "type": "Point",
        "coordinates": [
          -70.059303,
          -38.907947
        ]
      }
    },
    {
      "type": "Feature",
      "properties": {
        "nombrevulgar": "Olmo siberiano",
        "nombrecientifico": "Ulmus pumila",
        "magnitud": 2,
        "tipo": "Latifoliada",
        "follaje": "Caduco",
        "lon": -70.059469,
        "lat": -38.907905,
        "imagen": "ULMUS PUMILA.gif\n",
        "url_ficha": "https://www.arbolesurbanos.com.ar/ulmus-pumila-olmo-siberiano/",
        "thumbnail": "/thumbnails/ulmus-pumilia.jpg"
      },
      "geometry": {
        "type": "Point",
        "coordinates": [
          -70.059469,
          -38.907905
        ]
      }
    },
    {
      "type": "Feature",
      "properties": {
        "nombrevulgar": "Acacia blanca",
        "nombrecientifico": "Robinia pseudoacacia",
        "magnitud": 2,
        "tipo": "Latifoliada",
        "follaje": "Caduco",
        "lon": -70.05936,
        "lat": -38.907829,
        "imagen": "ROBINIA PSEUDOACACIA.gif",
        "url_ficha": "https://www.arbolesurbanos.com.ar/robinia-pseudoacacia-acacia-blanca",
        "thumbnail": "/thumbnails/acacia-blanca.jpg"
      },
      "geometry": {
        "type": "Point",
        "coordinates": [
          -70.05936,
          -38.907829
        ]
      }
    },
    {
      "type": "Feature",
      "properties": {
        "nombrevulgar": "Fresno Europeo",
        "nombrecientifico": "Fraxinus excelsior",
        "magnitud": 2,
        "tipo": "Latifoliada",
        "follaje": "Caduco",
        "lon": -70.059275,
        "lat": -38.907895,
        "imagen": "FRAXINUS EXELCIOR.gif\n",
        "url_ficha": "https://www.arbolesurbanos.com.ar/fraxinus-excelsior-fresno-europeo/",
        "thumbnail": "/thumbnails/fresno-europeo.jpg"
      },
      "geometry": {
        "type": "Point",
        "coordinates": [
          -70.059275,
          -38.907895
        ]
      }
    },
    {
      "type": "Feature",
      "properties": {
        "nombrevulgar": "Acacia blanca",
        "nombrecientifico": "Robinia pseudoacacia",
        "magnitud": 2,
        "tipo": "Latifoliada",
        "follaje": "Caduco",
        "lon": -70.059235,
        "lat": -38.907817,
        "imagen": "ROBINIA PSEUDOACACIA.gif",
        "url_ficha": "https://www.arbolesurbanos.com.ar/robinia-pseudoacacia-acacia-blanca",
        "thumbnail": "/thumbnails/acacia-blanca.jpg"
      },
      "geometry": {
        "type": "Point",
        "coordinates": [
          -70.059235,
          -38.907817
        ]
      }
    },
    {
      "type": "Feature",
      "properties": {
        "nombrevulgar": "Acacia blanca",
        "nombrecientifico": "Robinia pseudoacacia",
        "magnitud": 2,
        "tipo": "Latifoliada",
        "follaje": "Caduco",
        "lon": -70.059221,
        "lat": -38.907768,
        "imagen": "ROBINIA PSEUDOACACIA.gif",
        "url_ficha": "https://www.arbolesurbanos.com.ar/robinia-pseudoacacia-acacia-blanca",
        "thumbnail": "/thumbnails/acacia-blanca.jpg"
      },
      "geometry": {
        "type": "Point",
        "coordinates": [
          -70.059221,
          -38.907768
        ]
      }
    },
    {
      "type": "Feature",
      "properties": {
        "nombrevulgar": "Acacia blanca",
        "nombrecientifico": "Robinia pseudoacacia",
        "magnitud": 2,
        "tipo": "Latifoliada",
        "follaje": "Caduco",
        "lon": -70.059586,
        "lat": -38.907835,
        "imagen": "ROBINIA PSEUDOACACIA.gif",
        "url_ficha": "https://www.arbolesurbanos.com.ar/robinia-pseudoacacia-acacia-blanca",
        "thumbnail": "/thumbnails/acacia-blanca.jpg"
      },
      "geometry": {
        "type": "Point",
        "coordinates": [
          -70.059586,
          -38.907835
        ]
      }
    },
    {
      "type": "Feature",
      "properties": {
        "nombrevulgar": "Acacia blanca",
        "nombrecientifico": "Robinia pseudoacacia",
        "magnitud": 2,
        "tipo": "Latifoliada",
        "follaje": "Caduco",
        "lon": -70.059573,
        "lat": -38.9079,
        "imagen": "ROBINIA PSEUDOACACIA.gif",
        "url_ficha": "https://www.arbolesurbanos.com.ar/robinia-pseudoacacia-acacia-blanca",
        "thumbnail": "/thumbnails/acacia-blanca.jpg"
      },
      "geometry": {
        "type": "Point",
        "coordinates": [
          -70.059573,
          -38.9079
        ]
      }
    },
    {
      "type": "Feature",
      "properties": {
        "nombrevulgar": "Acacia blanca",
        "nombrecientifico": "Robinia pseudoacacia",
        "magnitud": 2,
        "tipo": "Latifoliada",
        "follaje": "Caduco",
        "lon": -70.059228,
        "lat": -38.908067,
        "imagen": "ROBINIA PSEUDOACACIA.gif",
        "url_ficha": "https://www.arbolesurbanos.com.ar/robinia-pseudoacacia-acacia-blanca",
        "thumbnail": "/thumbnails/acacia-blanca.jpg"
      },
      "geometry": {
        "type": "Point",
        "coordinates": [
          -70.059228,
          -38.908067
        ]
      }
    },
    {
      "type": "Feature",
      "properties": {
        "nombrevulgar": "Acacia blanca",
        "nombrecientifico": "Robinia pseudoacacia",
        "magnitud": 2,
        "tipo": "Latifoliada",
        "follaje": "Caduco",
        "lon": -70.059354,
        "lat": -38.907705,
        "imagen": "ROBINIA PSEUDOACACIA.gif",
        "url_ficha": "https://www.arbolesurbanos.com.ar/robinia-pseudoacacia-acacia-blanca",
        "thumbnail": "/thumbnails/acacia-blanca.jpg"
      },
      "geometry": {
        "type": "Point",
        "coordinates": [
          -70.059354,
          -38.907705
        ]
      }
    },
    {
      "type": "Feature",
      "properties": {
        "nombrevulgar": "Acacia blanca",
        "nombrecientifico": "Robinia pseudoacacia",
        "magnitud": 2,
        "tipo": "Latifoliada",
        "follaje": "Caduco",
        "lon": -70.05936,
        "lat": -38.907608,
        "imagen": "ROBINIA PSEUDOACACIA.gif",
        "url_ficha": "https://www.arbolesurbanos.com.ar/robinia-pseudoacacia-acacia-blanca",
        "thumbnail": "/thumbnails/acacia-blanca.jpg"
      },
      "geometry": {
        "type": "Point",
        "coordinates": [
          -70.05936,
          -38.907608
        ]
      }
    },
    {
      "type": "Feature",
      "properties": {
        "nombrevulgar": "Fresno blanco",
        "nombrecientifico": "Fraxinus americana",
        "magnitud": 1,
        "tipo": "Latifoliada",
        "follaje": "Caduco",
        "lon": -70.059716,
        "lat": -38.907929,
        "imagen": "FRAXINUS AMERICANA.gif\n",
        "url_ficha": "https://www.arbolesurbanos.com.ar/fraxinus-americana-fresno-blanco/",
        "thumbnail": "/thumbnails/fresno-americano.jpg"
      },
      "geometry": {
        "type": "Point",
        "coordinates": [
          -70.059716,
          -38.907929
        ]
      }
    },
    {
      "type": "Feature",
      "properties": {
        "nombrevulgar": "Acacia blanca",
        "nombrecientifico": "Robinia pseudoacacia",
        "magnitud": 2,
        "tipo": "Latifoliada",
        "follaje": "Caduco",
        "lon": -70.059733,
        "lat": -38.907938,
        "imagen": "ROBINIA PSEUDOACACIA.gif",
        "url_ficha": "https://www.arbolesurbanos.com.ar/robinia-pseudoacacia-acacia-blanca",
        "thumbnail": "/thumbnails/acacia-blanca.jpg"
      },
      "geometry": {
        "type": "Point",
        "coordinates": [
          -70.059733,
          -38.907938
        ]
      }
    },
    {
      "type": "Feature",
      "properties": {
        "nombrevulgar": "Fresno blanco",
        "nombrecientifico": "Fraxinus americana",
        "magnitud": 1,
        "tipo": "Latifoliada",
        "follaje": "Caduco",
        "lon": -70.059653,
        "lat": -38.907995,
        "imagen": "FRAXINUS AMERICANA.gif\n",
        "url_ficha": "https://www.arbolesurbanos.com.ar/fraxinus-americana-fresno-blanco/",
        "thumbnail": "/thumbnails/fresno-americano.jpg"
      },
      "geometry": {
        "type": "Point",
        "coordinates": [
          -70.059653,
          -38.907995
        ]
      }
    },
    {
      "type": "Feature",
      "properties": {
        "nombrevulgar": "Fresno blanco",
        "nombrecientifico": "Fraxinus americana",
        "magnitud": 1,
        "tipo": "Latifoliada",
        "follaje": "Caduco",
        "lon": -70.059602,
        "lat": -38.908062,
        "imagen": "FRAXINUS AMERICANA.gif\n",
        "url_ficha": "https://www.arbolesurbanos.com.ar/fraxinus-americana-fresno-blanco/",
        "thumbnail": "/thumbnails/fresno-americano.jpg"
      },
      "geometry": {
        "type": "Point",
        "coordinates": [
          -70.059602,
          -38.908062
        ]
      }
    },
    {
      "type": "Feature",
      "properties": {
        "nombrevulgar": "Fresno blanco",
        "nombrecientifico": "Fraxinus americana",
        "magnitud": 1,
        "tipo": "Latifoliada",
        "follaje": "Caduco",
        "lon": -70.059597,
        "lat": -38.908107,
        "imagen": "FRAXINUS AMERICANA.gif\n",
        "url_ficha": "https://www.arbolesurbanos.com.ar/fraxinus-americana-fresno-blanco/",
        "thumbnail": "/thumbnails/fresno-americano.jpg"
      },
      "geometry": {
        "type": "Point",
        "coordinates": [
          -70.059597,
          -38.908107
        ]
      }
    },
    {
      "type": "Feature",
      "properties": {
        "nombrevulgar": "Acacia blanca",
        "nombrecientifico": "Robinia pseudoacacia",
        "magnitud": 2,
        "tipo": "Latifoliada",
        "follaje": "Caduco",
        "lon": -70.059607,
        "lat": -38.908056,
        "imagen": "ROBINIA PSEUDOACACIA.gif",
        "url_ficha": "https://www.arbolesurbanos.com.ar/robinia-pseudoacacia-acacia-blanca",
        "thumbnail": "/thumbnails/acacia-blanca.jpg"
      },
      "geometry": {
        "type": "Point",
        "coordinates": [
          -70.059607,
          -38.908056
        ]
      }
    },
    {
      "type": "Feature",
      "properties": {
        "nombrevulgar": "Acacia blanca",
        "nombrecientifico": "Robinia pseudoacacia",
        "magnitud": 2,
        "tipo": "Latifoliada",
        "follaje": "Caduco",
        "lon": -70.059634,
        "lat": -38.908099,
        "imagen": "ROBINIA PSEUDOACACIA.gif",
        "url_ficha": "https://www.arbolesurbanos.com.ar/robinia-pseudoacacia-acacia-blanca",
        "thumbnail": "/thumbnails/acacia-blanca.jpg"
      },
      "geometry": {
        "type": "Point",
        "coordinates": [
          -70.059634,
          -38.908099
        ]
      }
    },
    {
      "type": "Feature",
      "properties": {
        "nombrevulgar": "Acacia blanca",
        "nombrecientifico": "Robinia pseudoacacia",
        "magnitud": 2,
        "tipo": "Latifoliada",
        "follaje": "Caduco",
        "lon": -70.059636,
        "lat": -38.908107,
        "imagen": "ROBINIA PSEUDOACACIA.gif",
        "url_ficha": "https://www.arbolesurbanos.com.ar/robinia-pseudoacacia-acacia-blanca",
        "thumbnail": "/thumbnails/acacia-blanca.jpg"
      },
      "geometry": {
        "type": "Point",
        "coordinates": [
          -70.059636,
          -38.908107
        ]
      }
    },
    {
      "type": "Feature",
      "properties": {
        "nombrevulgar": "Acacia blanca",
        "nombrecientifico": "Robinia pseudoacacia",
        "magnitud": 2,
        "tipo": "Latifoliada",
        "follaje": "Caduco",
        "lon": -70.059597,
        "lat": -38.908169,
        "imagen": "ROBINIA PSEUDOACACIA.gif",
        "url_ficha": "https://www.arbolesurbanos.com.ar/robinia-pseudoacacia-acacia-blanca",
        "thumbnail": "/thumbnails/acacia-blanca.jpg"
      },
      "geometry": {
        "type": "Point",
        "coordinates": [
          -70.059597,
          -38.908169
        ]
      }
    },
    {
      "type": "Feature",
      "properties": {
        "nombrevulgar": "Fresno blanco",
        "nombrecientifico": "Fraxinus americana",
        "magnitud": 1,
        "tipo": "Latifoliada",
        "follaje": "Caduco",
        "lon": -70.059534,
        "lat": -38.908141,
        "imagen": "FRAXINUS AMERICANA.gif\n",
        "url_ficha": "https://www.arbolesurbanos.com.ar/fraxinus-americana-fresno-blanco/",
        "thumbnail": "/thumbnails/fresno-americano.jpg"
      },
      "geometry": {
        "type": "Point",
        "coordinates": [
          -70.059534,
          -38.908141
        ]
      }
    },
    {
      "type": "Feature",
      "properties": {
        "nombrevulgar": "Acacia blanca",
        "nombrecientifico": "Robinia pseudoacacia",
        "magnitud": 2,
        "tipo": "Latifoliada",
        "follaje": "Caduco",
        "lon": -70.059778,
        "lat": -38.907913,
        "imagen": "ROBINIA PSEUDOACACIA.gif",
        "url_ficha": "https://www.arbolesurbanos.com.ar/robinia-pseudoacacia-acacia-blanca",
        "thumbnail": "/thumbnails/acacia-blanca.jpg"
      },
      "geometry": {
        "type": "Point",
        "coordinates": [
          -70.059778,
          -38.907913
        ]
      }
    },
    {
      "type": "Feature",
      "properties": {
        "nombrevulgar": "Acacia blanca",
        "nombrecientifico": "Robinia pseudoacacia",
        "magnitud": 2,
        "tipo": "Latifoliada",
        "follaje": "Caduco",
        "lon": -70.059793,
        "lat": -38.907878,
        "imagen": "ROBINIA PSEUDOACACIA.gif",
        "url_ficha": "https://www.arbolesurbanos.com.ar/robinia-pseudoacacia-acacia-blanca",
        "thumbnail": "/thumbnails/acacia-blanca.jpg"
      },
      "geometry": {
        "type": "Point",
        "coordinates": [
          -70.059793,
          -38.907878
        ]
      }
    },
    {
      "type": "Feature",
      "properties": {
        "nombrevulgar": "Acacia blanca",
        "nombrecientifico": "Robinia pseudoacacia",
        "magnitud": 2,
        "tipo": "Latifoliada",
        "follaje": "Caduco",
        "lon": -70.059805,
        "lat": -38.907818,
        "imagen": "ROBINIA PSEUDOACACIA.gif",
        "url_ficha": "https://www.arbolesurbanos.com.ar/robinia-pseudoacacia-acacia-blanca",
        "thumbnail": "/thumbnails/acacia-blanca.jpg"
      },
      "geometry": {
        "type": "Point",
        "coordinates": [
          -70.059805,
          -38.907818
        ]
      }
    }
  ]
}